1,0,0.314123174,0,0,0,0,0.034977725,0,0,0,0.030487987,0,0,0,0.085177091,0,0.403766215,0,0,0.628338658,0,0.176633936,0.073819114,0.081339517,0.157261278,0.386595637,0.077841991,0.115575613,0.074438562,0.088366653,0.093718567,0,0,0,0,0,0,0,0,0,0.204815821,0,0,0,0,0.033650932,0,0,0.166740633,0.046288436,0,0,0.13915193,0.397291794,0.087992201,0.141122741,0,0.12974483,0.125527863,0,0,0,0,0.11733136,0,0,0,0,0,0,0,0,0,0,0,0,0,0,0,0,0,0.064070494,0,0,0.043354668,0,0,0,0,0,0.058737614,0,0.078312625,0,0,0,0,0,0,0,0,0,0,0.270918722,0,0,0.478126101,0.115893125,0.13067073,0,0,0.033322664,0,0,0,0,0,0,0,0,0.021551549,0,0,0,0,0,0,0,0,0.106145972,0,0,0.499727867,0,0.053072867,0,0,0,0,0,0.147829762,0.628338658,0,0,0,0,0,0,0.092917609,0,0,0,0,0.020447622,0,0,0,0,0,0,0,0,0,0,0,0.127953772,0,0,0,0,0,0,0,0,0,0,0,0,0.010537581,0,0,0,0,0,0,0,0.146954072,0,0,0,0.032596782,0,0,0.040884477,0,0,0,0,0,0,0.059819315,0,0,0,0,0,0,0,0,0,0,0.096972724,0,0,0,0,0,0,0.033045158,0.057986969,0,0,0,0.121290047,0,0,0,0,0,0,0.208953821,0,0,0,0,0.093750627,0.341293518,0,0,0,0,0,0.063587954,0.286419406,0.180975369,0,0,0.269186513,0,0.07224488,0,0,0,0,0,0,0,0,0,0,0,0.056957007,0,0,0.303812071,0.035564816,0.02465294,0,0,0
0,1,0,0,0,0.10974798,0,0.034710822,0,0,0,0.0301715,0.120229162,0,0,0.058184695,0,0,0,0.278926238,0,0,0,0.05018319,0.055472541,0,0,0,0,0.050617593,0,0.064253226,0,0,0,0,0,0.101209959,0.048376147,0,0,0,0,0,0,0,0.033366752,0,0,0,0.046259071,0,0.23313834,0.097292401,0,0.048886981,0.098755229,0,0.090344518,0,0,0,0,0,0,0,0,0,0,0,0,0,0,0,0,0,0.036547783,0,0.163046705,0,0,0,0.064747488,0,0,0.043248078,0,0,0,0,0.100562868,0,0.177864748,0,0.048262284,0,0,0,0.063863168,0.116229542,0,0,0,0,0,0.124592692,0,0,0.121072341,0,0,0,0.034905155,0.068579145,0,0.038761823,0,0.13563903,0,0,0,0,0,0,0,0,0,0,0,0,0.064442679,0,0,0,0,0.030742159,0,0,0,0,0,0,0,0,0,0,0,0,0,0,0,0,0,0,0.043067956,0.134105786,0,0.104178436,0,0,0,0,0,0,0,0,0,0,0,0,0,0,0,0,0,0,0,0,0,0.055538418,0,0,0,0,0,0,0,0,0,0,0,0,0.085139137,0,0.040721377,0,0,0,0,0,0,0,0,0,0,0,0,0,0,0.276662861,0,0,0,0,0.082362176,0,0.167925634,0,0,0.032753824,0.058375846,0,0,0,0,0,0,0,0,0,0,0,0,0,0,0,0,0,0,0,0,0,0,0,0,0,0,0,0,0,0.049080245,0.344606737,0,0,0,0,0,0,0,0,0,0,0.057301919,0,0,0,0,0,0,0.089129999,0
0.314123174,0,1,0,0,0.104016991,0,0.158219709,0,0,0,0.11105689,0,0,0,0.170809677,0,0.236581467,0,0.235764402,0.299249646,0,0.233279464,0.250916449,0.274226829,0.463132225,0.230580769,0.30278201,0.248965482,0.238960963,0.314929663,0.294653868,0,0,0,0,0.24130947,0,0.051958419,0,0.15257607,0.600504313,0.227366648,0,0,0,0.12193755,0,0.116321382,0.533884422,0.164298968,0,0,0.209880556,0.2343438,0.212374105,0.387053179,0,0.248249787,0.297910458,0.065921021,0,0,0,0.302542333,0,0,0,0,0,0,0,0.070882847,0,0.037518957,0.070073059,0.022951778,0,0.087686558,0.127127554,0,0.117559648,0.179054981,0.069503881,0,0.154620096,0,0.340392015,0.230361518,0,0.157690644,0,0,0,0,0,0.0539786,0,0.107861261,0,0,0,0,0,0.398005826,0.114821387,0,0.260302005,0.299459175,0.176972003,0,0,0.03861924,0.114690324,0,0.060963614,0,0.12248131,0,0,0.355738754,0,0,0,0,0,0,0,0,0,0.149545553,0,0,0.268347877,0,0.16739273,0,0.392750636,0,0.114738994,0.185577725,0.357648952,0.299249646,0.231086711,0.328672984,0.136105723,0.303675761,0,0,0,0.105792654,0,0.27103195,0,0.113892018,0.121436616,0.132874788,0.09980309,0,0,0,0,0,0.190513532,0,0,0.324920974,0,0.248621404,0,0,0,0.270570512,0,0,0,0,0,0.432388534,0,0.284452276,0,0.119138497,0.06357047,0.180924995,0,0,0.116890158,0.13223207,0,0,0.153381705,0,0,0.082630188,0,0,0,0.437183235,0,0.322590435,0.20777459,0,0,0,0,0,0,0,0,0.16509185,0,0.056357705,0,0,0,0.195307167,0,0,0.160834562,0.11401068,0,0,0,0.310962486,0,0,0,0.190250536,0,0,0.398783292,0.10666462,0,0,0,0.438750884,0,0,0.070510643,0,0,0,0.16563225,0.413174126,0.137441801,0,0,0,0,0.189925245,0,0,0,0,0,0.054232157,0,0.033278782,0,0,0,0.282166754,0,0,0.19171479,0.077374348,0.122899971,0,0.087949311,0
0,0,0,1,0,0,0,0.107095174,0.16887957,0,0,0.108312972,0,0,0,0.154909535,0,0,0,0,0,0,0,0.151723363,0.104105381,0,0.251721507,0.061673885,0,0.15295049,0.190257278,0.170133655,0,0,0,0,0,0.044924263,0.130739369,0,0,0,0,0,0,0,0.091971631,0,0,0.124345453,0.14736831,0,0.089163369,0.247205544,0,0.132032176,0.180263375,0,0.162255409,0,0,0,0,0,0.121438176,0,0,0,0,0,0,0,0,0,0,0.125629066,0.030011848,0.147488467,0.182018921,0.148113439,0,0.220391687,0.051258487,0.269478817,0,0.117665517,0.191758576,0,0,0,0.102220274,0,0,0.123435912,0.052396387,0,0,0,0,0.23730848,0,0.407570938,0,0,0.442790118,0.268465253,0.149752958,0,0.089431988,0.134022904,0,0,0.067290728,0.158263669,0,0.124703966,0,0.288495103,0,0,0,0,0,0.241525186,0,0,0.253232795,0,0,0.169604408,0.080981603,0,0,0,0.112444979,0.085033391,0,0,0,0.160089014,0,0,0,0,0,0,0,0,0,0,0.106087332,0.129550913,0,0.208231676,0.151997839,0.188197763,0.144899766,0,0,0,0.047648327,0,0,0,0,0,0.131478121,0,0,0,0,0,0,0,0,0.211890478,0,0,0.100144133,0.085833531,0,0,0.24640134,0.057336366,0.20700947,0,0,0.260122298,0.056118672,0,0,0,0.153895027,0,0.077903307,0,0,0,0,0,0,0.064445588,0,0,0,0,0,0,0,0,0,0.285663774,0,0,0,0,0,0,0,0.090355653,0,0,0,0,0.311701688,0,0,0,0,0.61730384,0,0.203526192,0,0,0,0,0.073457607,0,0,0.3002217,0.357960798,0,0,0.170102261,0,0,0,0,0,0,0.155782393,0,0,0,0,0.371934254,0.136741937,0,0.059385919,0,0,0,0.125861422,0,0,0.09044069,0.223455142,0.098863305,0,0.040152788,0
0,0,0,0,1,0.076356188,0,0.023861545,0,0,0.249742337,0.020726079,0.083789738,0,0,0,0,0,0,0,0,0,0,0,0,0,0,0,0,0,0,0,0,0,0,0,0,0,0.033328045,0,0,0,0,0,0,0,0.022932678,0,0,0,0.031858766,0,0,0,0,0,0,0,0,0,0,0,0,0,0,0,0,0,0,0,0,0,0.047652952,0,0.043717772,0,0.025131685,0,0,0,0,0,0,0,0,0.029770803,0,0,0,0,0,0,0.125119668,0,0.033248997,0,0.044424669,0,0,0,0,0,0,0,0,0,0,0,0,0,0,0,0,0.047399238,0,0.026663537,0,0,0,0,0,0,0,0,0,0,0,0,0,0,0,0,0,0,0,0.021120004,0,0,0,0,0,0,0,0,0,0,0,0,0,0,0,0,0,0,0,0,0,0,0,0,0,0,0,0,0,0,0,0,0,0,0,0.195502844,0,0.267544684,0,0,0,0,0,0,0,0,0,0.036643603,0,0,0,0,0,0,0,0,0,0,0.028020216,0,0,0,0,0,0,0.041614836,0,0,0,0,0,0,0,0,0,0,0,0,0.057051271,0,0,0,0,0.022509224,0.040281394,0,0,0,0,0,0,0,0,0,0,0,0.07887912,0,0,0,0,0,0,0,0,0,0,0,0,0,0,0,0,0,0.033816918,0,0,0,0,0,0.034979303,0,0.03806627,0,0.140299773,0,0,0,0,0,0,0,0,0,0
0,0.10974798,0.104016991,0,0.076356188,1,0,0.418252825,0,0,0.062109323,0.408016827,0.510405554,0,0,0.19114678,0.408688032,0,0,0.085492282,0,0,0.433834642,0.171203781,0.364904974,0.085508825,0,0.352692127,0.051666831,0.257088602,0.101890246,0.265674069,0,0,0,0,0.112583558,0.514632553,0.455212514,0,0,0,0,0.245796012,0.265230854,0,0.442022829,0.034780412,0.27502531,0.250344425,0.399545377,0,0.288365064,0.309155189,0.189069282,0.269961068,0.161782643,0.068090863,0.096301564,0.396231116,0.447365642,0.086984335,0,0,0.170495786,0,0.177276717,0,0,0,0.327166652,0,0.42323309,0,0.437866447,0.189663923,0.350133758,0.135254024,0.165853328,0.199896784,0,0.271248062,0.3678953,0.054573007,0,0.350225446,0,0.130275765,0.031128546,0,0.365860764,0,0.491111679,0,0.482122795,0.098662425,0.240931228,0.209144878,0.528697967,0.420581019,0.109389466,0,0,0.489590948,0.106313184,0.309506873,0.071202647,0.106780839,0.408191727,0.267935955,0,0.339152341,0.304774405,0.396730187,0.180427781,0.463439173,0,0.142084447,0,0,0,0.399130486,0,0,0,0,0,0,0.114164288,0,0.32913033,0,0,0,0.187830547,0.366071286,0,0.085968897,0,0.147026075,0,0.054434989,0,0.110306907,0,0.287571116,0,0,0,0.333154241,0.157075788,0,0,0,0.311904717,0.288308531,0.343009224,0.332576112,0,0,0.19324112,0,0,0.046967886,0,0,0.231429822,0,0.052797875,0,0.402529722,0.136687809,0,0.179246924,0,0.141174459,0,0,0.101886931,0.383793715,0,0,0,0.215634354,0.097414732,0,0,0,0.273519126,0.047933034,0,0.088826372,0.133173699,0.093894052,0.42946551,0,0,0,0,0.048629656,0,0.408470524,0,0,0,0,0,0,0,0.125240086,0,0,0,0,0.531584285,0,0.242605341,0.19643648,0,0.392073112,0.544375267,0,0,0.181275023,0.246700641,0,0,0,0.197800449,0,0,0,0.452868833,0,0,0,0.268105398,0,0.052972794,0,0,0,0,0.245947039,0.191726582,0.127134398,0,0.160130841,0,0,0.33323105,0.136761906,0,0,0,0,0.321233755,0.03389399,0.329319117,0,0.413792651,0,0.16251133,0,0,0.066094872,0.111927452,0.077670302,0,0.41944533,0
0,0,0,0,0,0,1,0.028724374,0,0,0,0.024982685,0,0,0,0.048003203,0,0,0,0,0,0,0,0.041444857,0,0,0,0.065288351,0,0.041801261,0.059800143,0.052968138,0,0,0,0,0,0,0,0,0,0,0,0,0.146375905,0,0.027616939,0,0,0,0,0,0,0.079862547,0,0.040381151,0.081048012,0,0.07422592,0,0,0,0,0,0.051933341,0,0.058007029,0,0,0,0,0,0.029385679,0,0,0,0,0,0,0,0,0,0,0.110228537,0,0.035749536,0,0,0,0,0,0,0,0,0.039868379,0,0,0,0,0.095174539,0.071919963,0,0,0,0,0.101912988,0.128330647,0,0,0,0,0,0.02888446,0,0,0.032059818,0,0,0,0,0,0.096485055,0,0,0.172603773,0,0.149597874,0,0,0,0.053123013,0,0.508532823,0,0,0.025453313,0,0,0,0,0,0,0,0.148387322,0,0.065938474,0,0,0,0.174865232,0,0,0,0,0.035601477,0,0,0.129641939,0,0,0,0,0,0,0,0,0.110062123,0,0,0,0,0,0,0,0,0,0,0,0,0,0,0,0,0,0,0,0,0,0.030464151,0,0,0,0.069996304,0,0.033671981,0,0,0,0,0,0,0,0,0,0,0,0,0,0,0,0,0,0,0,0,0,0.136596869,0,0,0.027111794,0.024916001,0,0,0,0.10397671,0,0,0,0,0,0.36212747,0,0.048020574,0,0,0,0,0,0,0,0,0,0,0.080355818,0,0,0,0,0,0,0,0,0,0,0,0,0,0.121413349,0,0,0,0,0.047280314,0,0.794482498,0.290650749,0.062904063,0,0,0,0.508532823
0.034977725,0.034710822,0.158219709,0.107095174,0.023861545,0.418252825,0.028724374,1,0.048458569,0,0.156042175,0.882715564,0.426696984,0.028939406,0,0.598046022,0.202142003,0.062578123,0.038179245,0.160991661,0.035716677,0.062168182,0.285014359,0.658710178,0.57437007,0.206438283,0.103139909,0.491858124,0.353763713,0.646905108,0.544123471,0.623444022,0.025022014,0.013654994,0.073149382,0.020868385,0.127668549,0.443436697,0.729842603,0,0.112141293,0.121734513,0.026163323,0.191677141,0.25065314,0.062260807,0.818105716,0.100347352,0.272504401,0.286339967,0.697745383,0.048898603,0.202527544,0.473970432,0.088225853,0.704987991,0.465223365,0.292733465,0.483712962,0.374672247,0.580237621,0.02728652,0.300859821,0.024831989,0.405576288,0,0.290812524,0.089559376,0,0,0.149889101,0,0.512480205,0.037905357,0.506350731,0.504342658,0.694674538,0.336715297,0.30101006,0.482550506,0,0.395007338,0.648489003,0.313996292,0.1083778,0.794017352,0.148009635,0.041511527,0.058138949,0.020252524,0.433335471,0.086208523,0.29298665,0.263589225,0.645997397,0.031810048,0.518574599,0.13035193,0.621242319,0.402852491,0.220424661,0.195715574,0,0.179751405,0.172746714,0.361959157,0.304338987,0.070180055,0.365175829,0.340703238,0.028923794,0.213642862,0.792802418,0.559058193,0.058562439,0.763346561,0.047314608,0.367536872,0.032083253,0.043922836,0.048755121,0.385825563,0.067073532,0.167168917,0.036521401,0.029207695,0.266031583,0,0.100789081,0.012286243,0.575994345,0.020136628,0,0.059633193,0.357649582,0.867980017,0,0.061495264,0,0.38276252,0,0.320217845,0.035716677,0.121485019,0.048628105,0.312968739,0.247702461,0.110323494,0.020252524,0.235467745,0.352533763,0.254177047,0.033495945,0.020074846,0.749390619,0.380175082,0.33634815,0.42454888,0,0,0.391756614,0.015077443,0.049120505,0.119692596,0,0,0.373349233,0,0.061654127,0.029239288,0.207541272,0.107411007,0.045569403,0.132242016,0.270718865,0.129580941,0,0.020868385,0.16730073,0.627658602,0.033692397,0.040975686,0.158197792,0.497747814,0.196462824,0,0.250558874,0.333225113,0.574806883,0.033882785,0,0.254522328,0.533180514,0.062244374,0.803961331,0,0,0,0.033306852,0,0.06017048,0.649122074,0.031604541,0.02823074,0.048711368,0.128683212,0.029482272,0,0.050002272,0.166030013,0.063333366,0.136535364,0.031150328,0,0.512971538,0,0.290066818,0.107370131,0,0.85511609,0.631789872,0.107370425,0.032660893,0.105405746,0.412867377,0,0.038179245,0.055753962,0.209602264,0.093339036,0,0.168900694,0.383645327,0.028920984,0.024775872,0.083968381,0.437112237,0,0.016416965,0.402446364,0.070754311,0.160434418,0,0.646377593,0.160538114,0.240600317,0.030021256,0.310817882,0.019974675,0,0.707292015,0.13525424,0,0.028392554,0.019427565,0.030021256,0.631078798,0.122800326,0.580911395,0.028939406,0.230197249,0.055046067,0.661240624,0,0.028939406,0.170757258,0.552936326,0.308619379,0.132173378,0.481402212,0
0,0,0,0.16887957,0,0,0,0.048458569,1,0,0.406743755,0.057234297,0.159699598,0,0,0.108555138,0,0,0,0,0,0,0,0.069418197,0,0,0,0,0.160301548,0.070001128,0.099139281,0,0,0,0.089244753,0,0,0.048261404,0.066990084,0,0,0,0,0,0.231513809,0,0.055992993,0,0,0,0.086915375,0.72967465,0.103346646,0,0,0.067677015,0.132794652,0.234539222,0.122074921,0,0.086987219,0,0.206232568,0,0.162740763,0,0,0,0,0,0.391033229,0,0.094321506,0,0.086896787,0.09311611,0.050967228,0.201495947,0.075083571,0.110790708,0,0.169875818,0.088800374,0,0,0.060071164,0.383182433,0,0,0,0,0,0,0.229528092,0.080275321,0,0.088235133,0,0.087632961,0,0,0,0,0,0,0.058624694,0.204936198,0,0,0,0,0,0.048724221,0.146038961,0,0.084007979,0.486591099,0.242031679,0,0,0,0,0,0.354887751,0,0,0.236205734,0,0,0,0.031391457,0,0,0,0.149702713,0.043019918,0,0,0,0.164943373,0,0,0,0,0,0,0,0.459891471,0,0,0.193850427,0.242405477,0,0.306452535,0.08107294,0.239502432,0.197577378,0,0,0,0.225329417,0,0.78241838,0,0,0,0.177500789,0,0,0,0,0,0,0,0.215966694,0,0,0,0.118393465,0.119177672,0,0,0,0.088147358,0,0,0.236764217,0.203913051,0.097669668,0,0,0,0.115388168,0,0.056646561,0,0,0,0,0,0,0.082903371,0,0,0.690092606,0,0,0,0,0,0,0,0,0,0.111804408,0,0,0.481713301,0,0.045779923,0.080361857,0.093928294,0,0,0.168240912,0,0,0,0.317391363,0,0,0,0,0,0,0,0,0,0,0.161497624,0,0.304867438,0,0.088130987,0,0,0,0.118657313,0,0,0.092062136,0,0,0,0,0,0.070183754,0,0.076123747,0,0,0,0.07893333,0,0,0.105066574,0.104105264,0.179356084,0,0.042797821,0
0,0,0,0,0,0,0,0,0,1,0,0.019522125,0,0,0,0.037518712,0.135060908,0,0,0,0,0,0,0.032390883,0.035781731,0,0,0,0,0.032669532,0,0,0,0,0,0,0,0,0.031231433,0,0,0,0,0,0.114506719,0,0.019838448,0,0.064152715,0,0.029872405,0,0,0,0,0,0,0,0,0,0,0,0,0,0,0,0,0,0,0,0,0,0.044396961,0,0.037501256,0.040273271,0.045350603,0,0,0,0.500307563,0,0,0.079240703,0,0.025682321,0,0,0,0,0,0,0,0,0.059800698,0.431332284,0.038096747,0,0.041151721,0,0.108739575,0,0,0,0,0,0.100374029,0,0.077473898,0,0.372759464,0,0.022571865,0.084763906,0,0.023030879,0.244299036,0,0.370495333,0,0,0,0,0.169074475,0,0,0,0,0,0,0,0,0,0,0.071866758,0.019889969,0,0,0,0,0,0.042468556,0,0,0,0,0,0,0,0,0,0,0,0,0.027822579,0,0,0,0,0,0,0,0,0,0,0,0,0,0,0,0,0.158006278,0,0,0,0,0.685107336,0,0,0.032931174,0,0,0,0.031523173,0,0.475684905,0,0,0.046027218,0,0,0,0,0,0.026314221,0,0,0,0,0,0,0,0,0,0,0,0,0,0,0,0,0,0,0,0.052952226,0,0,0,0,0.021186271,0.03764109,0,0,0,0,0,0,0,0,0,0,0,0.072574713,0,0,0,0,0,0,0,0.302906828,0,0,0,0,0,0,0.0517857,0,0,0.031683264,0,0,0,0,0,0.030111756,0,0.032728162,0,0,0,0,0,0,0,0,0,0,0,0
0,0,0,0,0.249742337,0.062109323,0,0.156042175,0.406743755,0,1,0.136739692,0.314412007,0,0,0.119923985,0,0,0,0,0,0,0.155183728,0.10486473,0,0,0,0,0.140043938,0.065842073,0.216410091,0,0.260440378,0,0,0,0,0.073270226,0.174079663,0,0,0,0,0.195196505,0.191505947,0.550398316,0.100770734,0.219779012,0.099461184,0,0.203771772,0.439976824,0,0,0,0.183778317,0.190357981,0.460346111,0.10996184,0.116312403,0.191814139,0,0.173874705,0,0.337467469,0,0,0.254579196,0,0,0.289042353,0,0.128608646,0.349232541,0.230271915,0.247504108,0.163765157,0.388066326,0,0.239532242,0,0.261145247,0.082212591,0,0,0.1915133,0.504804494,0,0,0,0,0,0.18635513,0.547876258,0.093264691,0,0.225215328,0,0.122075133,0,0.092620264,0,0,0,0,0.072298813,0.306630946,0,0,0,0,0,0.134479173,0.290780661,0,0.133219947,0.338124924,0.153815698,0,0,0,0,0.581618191,0.611829452,0.258857313,0,0.194705162,0,0.212889634,0,0,0,0,0,0.233824416,0.139183545,0,0,0,0.230471843,0,0.069606637,0,0.18502715,0,0,0.097844724,0.576222817,0,0,0.375533865,0.319281696,0,0,0.119680962,0.152429407,0.167681661,0,0,0,0.227047205,0,0.458618453,0,0,0,0.152995243,0,0,0,0,0.123165724,0,0.148327894,0.367927026,0,0,0,0,0.114989296,0,0,0,0.196705628,0,0,0.195084481,0.391998033,0.159135381,0,0,0,0.237868205,0,0.154008701,0,0,0,0,0,0,0.114123495,0,0,0.425268781,0.198701571,0,0,0.352985984,0,0,0,0,0,0.150262205,0,0,0.335762378,0,0.147758818,0.168775185,0,0,0,0.146065778,0,0.373948147,0,0.246727315,0,0,0,0.06376838,0,0,0,0,0,0,0.297196485,0,0.423891761,0,0.081638517,0,0,0.305206093,0.190023709,0,0,0.133454425,0,0,0,0,0,0.221833108,0,0.203558896,0,0.098699904,0.256300581,0.155359934,0,0,0,0.274205116,0.232049114,0.446634219,0,0
0.030487987,0.0301715,0.11105689,0.108312972,0.020726079,0.408016827,0.024982685,0.882715564,0.057234297,0.019522125,0.136739692,1,0.380987238,0.025145187,0,0.559847431,0.20435168,0.054616883,0.033194,0.129424087,0.031047892,0.054137026,0.251937725,0.574938237,0.516228842,0.154442139,0.090061837,0.404696608,0.343959048,0.581892828,0.472298903,0.533237111,0.021735737,0.011858058,0.11277186,0,0.111717478,0.419040972,0.745030015,0.01480264,0.098108205,0.075250378,0.022728876,0.181052521,0.253468154,0.05421802,0.883569645,0.111174566,0.26184067,0.251068002,0.725474164,0.042569651,0.204664772,0.425543418,0.086047548,0.68182444,0.358224367,0.258999685,0.412688047,0.343620909,0.586182694,0.023706402,0.289695852,0.028890242,0.361949221,0,0.309743156,0.078332463,0,0,0.144197717,0,0.5601065,0.032986773,0.531302297,0.486788866,0.742517517,0.309030842,0.294338702,0.462689898,0.016351333,0.36480505,0.611685617,0.247211454,0.080440858,0.799928438,0.1298127,0.036099176,0.059792468,0.017587071,0.406303683,0.075490275,0.271261695,0.250981745,0.688633529,0.027682562,0.496359597,0.133257715,0.624112062,0.38696869,0.2518691,0.171963147,0,0.157779474,0.151547698,0.356863705,0.303813169,0.061146549,0.384102704,0.270716022,0.025195088,0.188141954,0.800491693,0.561151409,0.050984832,0.795128876,0.072039182,0.340034203,0.027948449,0.038251125,0.022236789,0.370947811,0.058427787,0.146787935,0.046605438,0.031298714,0.253083409,0.015388854,0.08805307,0.010663592,0.521055997,0.027445905,0,0.071477971,0.37333429,0.853868387,0.01178463,0.053629281,0,0.356156247,0.020012468,0.278127566,0.031047892,0.117589672,0.022186281,0.294619765,0.219132628,0.09651683,0.017587071,0.207708875,0.32116418,0.255068314,0.029135753,0.032707494,0.730116545,0.351347666,0.298725715,0.380465433,0,0,0.371619869,0,0.042737731,0.116009143,0.017818088,0,0.346175598,0,0.053705584,0.025434145,0.210607958,0.130810047,0.039638687,0.109876017,0.257876912,0.11345415,0.01969888,0,0.142096855,0.61947605,0.029284276,0.035639738,0.133327251,0.482794047,0.173037306,0.020033404,0.236818702,0.292695256,0.551405071,0.042940077,0.00735154,0.225136869,0.512446965,0.05420365,0.831034502,0,0,0,0.028992579,0.013507496,0.028804448,0.651400462,0.042039286,0.034457827,0.056937288,0.112558459,0.025617803,0,0.043507475,0.161092732,0.035034718,0.119534801,0.031520553,0.016499619,0.517846673,0,0.257066733,0.107275212,0.015388854,0.84345259,0.655436737,0.093914593,0.028385779,0.092097198,0.368138125,0.008729525,0.033194,0.048530671,0.184384496,0.081450345,0.014684248,0.113676847,0.393598257,0.025131277,0.021549763,0.073227401,0.391970133,0,0.014252679,0.359228299,0.061732138,0.141230511,0,0.612266562,0.140721923,0.237665678,0.026087073,0.368306221,0.017377166,0,0.661720354,0.118526199,0.008703152,0.024669134,0.01689297,0.026087073,0.622437368,0.107830292,0.550981711,0.025145187,0.241205554,0.059445266,0.605435799,0,0.025145187,0.172798835,0.501216637,0.306724558,0.115638312,0.473830293,0
0,0.120229162,0,0,0.083789738,0.510405554,0,0.426696984,0.159699598,0,0.314412007,0.380987238,1,0,0,0.255515496,0.41006557,0,0,0.169419224,0,0,0.549347624,0.229814852,0.302631042,0.063980455,0,0.334850679,0.206892405,0.339528995,0.168673374,0.208272035,0,0,0,0,0,0.40822886,0.469867192,0,0.022389503,0,0,0.312693397,0.418769433,0.126258919,0.41341691,0.105590134,0.257109821,0,0.382543244,0.164580522,0.168445492,0.329248841,0.080827442,0.441333163,0.285395426,0.362761722,0.242516705,0.350750063,0.416350215,0,0.191754885,0,0.229954827,0,0.216282114,0.181383948,0,0,0.446543083,0,0.523937289,0.128469011,0.523592996,0.340945405,0.444513732,0.326420516,0.208333175,0.246726582,0,0.373421856,0.353548804,0,0,0.506416282,0.242357984,0,0,0,0.211525024,0,0.512837,0.326776864,0.437984013,0.107798375,0.409671394,0.225516132,0.541586619,0.388320117,0.251844334,0.186749015,0,0.446497839,0,0.214322446,0.330204247,0.116368297,0.189653868,0.282541065,0,0.28885762,0.388725247,0.427920428,0.106641317,0.412088947,0.147913831,0.245871592,0.024945116,0,0,0.440654651,0.125215086,0.235655234,0.113847384,0,0.271427494,0,0.123735455,0,0.327898822,0,0,0,0.425826371,0.370139843,0,0,0,0.169391591,0,0.118003576,0,0.06609996,0,0,0,0.257691937,0,0.454662952,0.408129119,0.113238758,0,0,0.365807769,0.376410373,0.317933739,0.259723199,0,0,0.331380259,0,0.167121574,0,0,0,0.205105771,0,0,0,0.295864276,0.146583027,0,0.142972701,0.253731497,0.175632349,0,0,0,0.365209086,0,0.140248728,0.089847268,0.286256531,0.01905925,0,0.178540405,0.18449429,0.432995687,0,0,0.145712131,0.247271105,0,0.457045402,0,0,0,0,0,0,0.419502845,0,0,0.162478506,0,0.102792607,0,0.128973506,0.22994415,0.131324287,0.118813901,0,0,0.657776416,0,0.231397553,0.253949878,0,0.382858382,0.533969383,0.121544783,0,0.19642786,0.093901679,0,0.13167035,0,0.231964494,0,0,0,0.412513942,0,0,0.130960978,0.308111903,0,0,0.146290765,0,0.222012268,0,0.372808728,0.172221839,0.301453322,0,0.292991964,0,0,0.395977481,0.180747518,0,0,0,0,0.353417286,0.110565186,0.479599105,0,0.37906245,0.113350082,0.27214957,0,0,0,0.31368688,0.142749025,0.112198321,0.309695774,0
0,0,0,0,0,0,0,0.028939406,0,0,0,0.025145187,0,1,0,0,0,0.451370629,0,0,0,0,0,0,0,0,0,0,0,0,0.060739736,0,0,0,0.330116061,0,0,0,0,0,0.345092704,0,0,0,0,0,0.027815654,0,0,0,0,0,0,0,0,0,0,0,0,0,0.052965504,0,0.133670384,0,0.103057113,0,0.115469819,0,0,0,0,0,0,0,0,0,0,0,0,0.068284933,0,0.107982537,0.054119364,0,0.407975033,0.036083224,0,0,0,0,0,0.315593355,0,0,0,0,0,0,0,0,0,0,0,0,0,0,0,0,0.101684438,0,0,0,0.029101906,0,0,0,0,0,0,0,0,0,0,0,0,0,0,0,0,0,0,0,0,0,0,0.025622015,0,0,0,0.104573637,0,0,0,0,0,0.131796577,0,0,0,0,0,0,0,0,0,0,0,0.08737004,0,0,0,0,0,0,0,0,0,0,0,0,0,0.232803813,0,0,0,0,0,0,0.232048918,0,0,0,0,0,0.201616186,0,0.15603593,0,0.059794427,0,0,0.15642665,0.071287078,0,0.033967852,0,0,0,0,0,0,0,0,0,0,0,0,0,0,0,0,0,0,0,0,0,0,0,0,0,0.048767254,0,0,0,0,0,0,0,0,0,0,0,0,0.978462509,0,0,0,0,0,0,0,0.208735036,0,0,0,0,0,0,0,0,0,0,0,0,0,0,0,0.249845037,0,1,0,0,0.047865736,0,0,0.201536238,0.063944575,0.114584853,0,0,0
0,0,0,0,0,0,0,0,0,0,0,0,0,0,1,0,0,0,0,0,0,0,0,0,0,0,0,0,0,0,0,0,0,0,0,0,0,0,0,0,0,0,0,0,0,0,0,0,0,0,0,0,0,0,0,0,0,0,0,0,0,0,0,0,0,0,0,0,0,0,0,0,0,0,0,0,0,0,0,0,0,0,0,0,0,0,0,0,0,0,0,0,0,0,0,0,0,0,0,0,0,0,0,0,0,0.012527736,0,0,0,0,0,0,0,0,0,0,0,0,0,0,0,0,0,0,0,0,0,0,0,0,0,0,0,0,0,0,0,0,0,0,0,0,0,0,0,0,0,0,0,0,0,0,0,0,0,0,0,0,0,0,0,0,0,0,0,0,0,0,0,0,0,0,0,0,0,0,0,0,0,0,0,0,0,0,0,0,0,0,0,0,0,0,0,0,0,0,0,0,0,0,0,0,0,0,0,0,0,0,0,0,0,0,0,0,0,0,0,0,0,0,0,0,0,0,0,0,0,0,0,0,0,0,0,0,0,0,0,0,0,0,0,0,0,0,0,0,0,0,0,0,0,0,0,0,0,0,0,0,0,0,0,0,0,0.584739096,0,0,0,0.013771436,0,0,0
0.085177091,0.058184695,0.170809677,0.154909535,0,0.19114678,0.048003203,0.598046022,0.108555138,0.037518712,0.119923985,0.559847431,0.255515496,0,0,1,0.031115636,0.056838843,0.063922415,0.274120709,0.059850064,0,0.08321059,0.740776177,0.578113244,0.361110988,0.12157177,0.500456815,0.505087666,0.653019973,0.511785879,0.647825319,0,0,0.049216023,0.035148461,0.142816683,0.425268842,0.451795425,0.028715227,0,0.234587584,0,0.059503439,0.277241618,0,0.498264163,0.123989566,0.167046829,0.128020565,0.541812889,0.081317423,0.221775906,0.47206445,0.103370793,0.57045566,0.597435372,0.317877058,0.663872942,0.082874851,0.2022164,0.045856716,0.208930434,0,0.264270118,0,0.242677188,0,0,0,0.074160093,0,0.276894203,0,0.323597435,0.316363884,0.429874798,0.269513495,0.325938769,0.257876442,0.031471357,0.184900882,0.471481309,0.492437297,0.077968344,0.457313722,0.135344071,0,0.125955051,0,0.364485808,0.02872733,0.120213743,0.244042962,0.441486912,0,0.310992793,0,0.409300423,0.34779511,0.237575945,0.310850083,0,0.043436555,0.214461566,0.334556773,0.271669059,0.058111088,0.2544293,0.251975316,0.047954403,0.083230901,0.473934099,0.371330116,0.044647948,0.616849573,0.077028978,0.441621324,0.053180959,0,0.038424095,0.248251602,0.048833386,0.131874047,0,0.048739869,0.309255039,0,0.047036525,0.020755212,0.607583666,0.019205762,0,0.055645672,0.294270668,0.622825009,0,0.138543824,0,0.425735654,0.03841494,0.340413265,0.059850064,0.097495467,0.117562641,0.112082664,0.177986984,0.105405197,0,0.147348909,0.20425499,0.284000971,0.055947116,0.029382777,0.694364367,0.323379756,0.254674475,0.160545376,0,0,0.260122115,0.025445769,0.081932947,0.141229383,0,0,0.315488167,0,0.083586147,0.048827908,0,0,0.055927428,0.094544931,0.246890462,0.090616065,0.038177058,0.035148461,0.059934911,0.464303827,0.05649734,0.068461157,0.168450687,0.331309025,0.056801096,0,0.279829,0.349868587,0.339277343,0,0,0.106004107,0.419166221,0.05255332,0.473405085,0,0,0,0.093503465,0,0.082245508,0.44776532,0.052432519,0.019074368,0.080800933,0.139451119,0.049509311,0,0,0.11694854,0.104451801,0.124363277,0.051194099,0.032025321,0.385097002,0,0.422030878,0.119154102,0,0.622486507,0.340822848,0.063677826,0.054787108,0,0.361593233,0,0,0.092786793,0.142495383,0.153367297,0,0.292099742,0.164472282,0,0,0.066170406,0.34004901,0.028692657,0.02769359,0.44357542,0.116354204,0.070387203,0,0.498936266,0.097958237,0.214542295,0.050405057,0.241893722,0.028060732,0,0.655524201,0.123286817,0,0,0,0.050405057,0.348224654,0.080457736,0.398366566,0,0.026451283,0.030189966,0.541936767,0,0.048606779,0.140876641,0.396871703,0.145524452,0.155413602,0.428590298,0
0,0,0,0,0,0.408688032,0,0.202142003,0,0.135060908,0,0.20435168,0.41006557,0,0,0.031115636,1,0,0,0,0,0.163205237,0.449623974,0.036807117,0.172125527,0,0,0.189583934,0,0.194892009,0.063130335,0.101170294,0,0,0,0,0.035241123,0.129444748,0.228740844,0,0.134544254,0,0,0.15769112,0.289693454,0,0.2043264,0.161980758,0.13522513,0,0.22082259,0,0,0.221131154,0.054503111,0.2216514,0,0.191823729,0,0.366030793,0.296397792,0,0.083223649,0,0.163339174,0.022263876,0.207841218,0,0,0,0.475749901,0,0.255446957,0,0.253467925,0.158406962,0.232488162,0.194232834,0,0.173284286,0,0.252626222,0.181115523,0,0,0.245024818,0,0,0.056313022,0,0,0,0.518769504,0,0.228283754,0.186958472,0.256747353,0.35123106,0.28801815,0.27809784,0.100428946,0,0.021114735,0.57094548,0,0.195405087,0.147596084,0,0.15758062,0.28224171,0,0.291361639,0.223229992,0.15035526,0.183505355,0.166935816,0,0,0,0,0.041513204,0.328436983,0,0.114950434,0,0,0,0,0.200657053,0,0.160797352,0,0,0,0.305370705,0.211306743,0,0,0,0,0,0.051684285,0,0,0,0.082493432,0.091139814,0.13202156,0,0.484872208,0.301910553,0,0,0,0.174467158,0.205390139,0.191584543,0.153765009,0,0,0.134665464,0,0,0,0,0,0,0,0,0,0.220982677,0.125977502,0,0,0.149636899,0.177275311,0.144000059,0,0,0.200188673,0,0,0.139879579,0.121987242,0.124024827,0,0,0.08099081,0.309975866,0,0,0,0.106711374,0,0.226703146,0,0,0,0,0.030651078,0,0.197179276,0,0.171379632,0,0,0,0,0,0,0,0.130870065,0,0,0.352020647,0,0.115775371,0,0,0.192304397,0.307587773,0,0,0.190119669,0.070595996,0,0,0,0.264765742,0,0,0,0.381437332,0,0,0,0.140403544,0,0,0,0,0.105177474,0,0.203568668,0.138931577,0.105680238,0,0.115310491,0,0,0.201130341,0,0,0.177521472,0,0,0.258927893,0.117134319,0.226477552,0,0.493932356,0,0.083078888,0,0,0.039027732,0.119480003,0.099958417,0,0.136924373,0
0.403766215,0,0.236581467,0,0,0,0,0.062578123,0,0,0,0.054616883,0,0.451370629,0,0.056838843,0,1,0,0,0.530452687,0,0.167923009,0.069993692,0.106622594,0.213114573,0.347178116,0.076102223,0.11178145,0.09770883,0.126614976,0.062434078,0,0,0.23558725,0,0,0,0,0,0.243116975,0.273902255,0,0,0,0,0.060227607,0,0.098064451,0.158956679,0.064745305,0,0,0.09188443,0.35578003,0.048149571,0.09315019,0,0.085829335,0.121064751,0.04976192,0,0.114987956,0,0.205007884,0,0.101258175,0,0,0,0,0,0,0,0,0.035915374,0.035044174,0,0,0.063051729,0,0.095454177,0.11366626,0.051587343,0.272731887,0.077376761,0,0,0,0,0,0.382093615,0,0,0,0,0.034068962,0,0,0,0,0,0.319915947,0,0.250951875,0,0,0.419255171,0.202577636,0.194444004,0,0,0.0426495,0,0,0,0.172870599,0,0,0.238961119,0,0,0,0,0,0,0,0,0,0,0.096738483,0,0,0.317701183,0,0.055621304,0,0,0.328848233,0.092780612,0,0.135987314,0.530452687,0,0,0.113598608,0.088220139,0,0,0,0,0,0,0,0,0,0,0.07898242,0,0,0,0,0,0,0,0,0.123319671,0,0,0,0,0.181457361,0,0,0,0,0,0,0.303197671,0,0,0,0,0.050215024,0.271260442,0,0.131160363,0.140874218,0.055743098,0,0.244040253,0.199436477,0.065602756,0,0.073020423,0,0,0,0,0,0,0.058786555,0,0,0,0,0,0,0,0,0.21245799,0,0.200256294,0,0,0,0,0,0,0.032727543,0.103054312,0,0,0,0.117118189,0,0,0,0,0,0,0.279116091,0,0.44693021,0,0,0.091238552,0,0,0,0,0.252631054,0,0.062422235,0.264196091,0.171842044,0,0.045513644,0,0,0.048331645,0,0,0,0,0,0.027206086,0.191645954,0.052053599,0.451370629,0,0,0.131793289,0,0,0.362362918,0.059333034,0.100576998,0,0,0
0,0,0,0,0,0,0,0.038179245,0,0,0,0.033194,0,0,0,0.063922415,0,0,1,0.303034734,0,0,0,0.055154275,0,0,0,0,0.132199893,0.055630482,0.079722192,0.070567629,0,0,0,0,0,0,0.05317311,0,0,0,0,0,0,0,0.036703379,0,0,0,0.050851575,0,0,0.106674758,0,0.053733204,0,0.199615607,0.099091752,0,0.069605553,0,0.173407138,0,0,0,0.150231542,0,0,0,0,0,0,0,0,0.074695388,0.040196007,0.169083225,0.178176261,0.089516575,0,0,0,0.147669001,0,0.047548933,0,0,0,0,0,0,0,0,0.053048263,0,0.070639851,0,0,0,0,0.304237444,0,0,0.341422889,0,0.172221989,0,0,0,0,0,0.038392617,0,0,0.042626256,0,0.148430851,0,0,0,0,0,0,0,0,0,0,0,0,0.070775019,0,0,0,0.122914718,0.033820844,0,0,0,0,0,0,0,0,0,0,0,0,0,0,0.162140494,0,0,0,0.047351331,0.146764393,0.165519228,0,0,0,0,0,0,0,0,0,0,0,0,0,0,0,0,0,0.149509865,0,0,0,0,0.061023383,0,0,0,0.058404277,0,0,0,0,0.078493412,0,0,0.202195361,0.093407033,0,0.044776711,0,0,0,0,0,0,0.066228077,0,0,0,0,0,0,0,0,0,0,0,0,0,0,0,0,0,0.036030282,0.064131792,0,0,0,0,0,0,0,0,0,0,0,0,0,0,0,0,0,0,0,0,0,0,0.070553492,0,0.215381987,0,0,0,0,0.053945097,0,0,0,0,0,0.055779717,0,0.060645692,0,0,0,0.062955408,0,0,0,0,0,0.431394274,0,0
0,0.278926238,0.235764402,0,0,0.085492282,0,0.160991661,0,0,0,0.129424087,0.169419224,0,0,0.274120709,0,0,0.303034734,1,0,0,0.096340541,0.27408974,0.183935299,0.131181032,0,0.073488926,0.204059822,0.276187811,0.108127747,0.289037535,0,0,0.178254001,0,0,0.148176619,0.166564503,0,0.147779796,0.267111638,0.216877418,0,0,0,0.14204207,0,0.05664773,0.092245437,0.156061329,0,0.145465632,0.215221285,0,0.208162446,0.266950778,0.136806764,0.264803682,0.073845906,0.060000162,0,0.123966014,0,0,0,0.205355791,0,0,0,0,0,0.103676718,0,0.096392877,0.063744373,0.129353873,0.121740416,0.424329499,0.11914389,0,0,0.177590484,0.202741034,0,0.179876752,0,0,0,0,0.21351837,0,0.121840868,0.103472027,0.166215948,0,0.060767123,0,0.193071513,0.172022129,0.210072716,0.178991478,0,0,0.191245881,0.136595021,0.12335915,0,0.177480985,0.093975563,0,0,0.137790686,0.101968918,0,0.178751985,0,0.211079953,0,0,0.179066241,0,0,0,0,0,0,0,0,0,0.213983562,0,0,0,0.176245158,0.175724502,0,0.154057241,0,0,0.177681279,0.139026558,0,0,0.156193362,0,0.176677777,0,0,0,0.118099414,0,0,0,0.196620473,0.209308186,0.119881855,0.151600503,0,0,0.078225062,0.130317693,0,0,0,0,0,0,0,0,0,0,0,0,0.111253595,0.160778757,0,0,0.120041188,0.143218933,0,0,0,0.082638068,0,0,0,0,0.199360134,0,0,0.138013583,0.146669341,0.231498642,0.14271858,0,0,0,0.170773247,0,0,0.167285993,0.229172801,0,0,0,0.241430231,0,0,0.161298523,0,0,0.207258721,0,0.130696758,0,0.303430269,0,0,0.18632568,0.15351316,0,0,0,0,0,0,0,0,0,0,0,0.081041294,0,0,0,0.246388581,0,0,0.189485393,0,0,0,0.152992802,0,0.144032747,0,0.126648231,0,0,0.228468297,0.182247764,0,0,0,0,0.049437365,0,0.094139267,0,0,0,0.175627612,0,0,0,0.081507272,0,0.216543169,0.13942514,0
0.628338658,0,0.299249646,0,0,0,0,0.035716677,0,0,0,0.031047892,0,0,0,0.059850064,0,0.530452687,0,0,1,0,0.197241468,0.051625627,0.057062563,0.17338998,0.501207004,0.081599092,0.124056459,0.052072183,0.074682101,0.066086377,0,0,0,0,0,0,0,0,0,0.233049338,0,0,0,0,0.034334339,0,0,0.184985129,0.047591469,0,0,0.10001946,0.519333967,0.050293122,0.101521102,0,0.092886338,0.135595788,0,0,0,0,0.126081588,0,0,0,0,0,0,0,0,0,0,0,0,0,0,0,0,0,0.066594256,0,0,0.044495726,0,0,0,0,0,0,0,0,0,0,0,0,0,0,0,0,0,0,0.322617538,0,0,0.666666667,0.124422352,0.141616485,0,0,0,0,0,0,0,0,0,0,0,0,0,0,0,0,0,0,0,0,0.06628105,0,0,0.442002713,0,0.031634861,0,0,0,0,0,0.073804756,1,0,0,0,0,0,0,0,0,0,0,0,0,0,0,0,0,0,0,0,0,0,0,0,0.138430835,0,0,0,0,0,0,0,0,0,0,0,0,0,0,0,0,0,0,0,0,0.160943808,0,0,0,0,0,0,0.041897694,0,0,0,0,0,0,0.062013542,0,0,0,0,0,0,0,0,0,0,0,0,0,0,0,0,0,0.033703941,0.060046516,0,0,0,0.130664278,0,0,0,0,0,0,0.238421765,0,0,0,0,0.099254628,0,0,0,0,0,0,0.066073108,0.34484125,0.202670576,0,0,0,0,0.050491801,0,0,0,0,0,0,0,0,0,0,0,0.058942788,0,0,0.243735434,0,0,0,0,0
0,0,0,0,0,0,0,0.062168182,0,0,0,0.054137026,0,0,0,0,0.163205237,0,0,0,0,1,0,0,0,0,0,0,0,0.041225944,0.069479389,0.052047765,0,0,0,0,0,0.080796509,0,0,0.626036593,0,0,0,0,0,0.059793258,0,0,0.165322383,0,0,0,0,0,0.039844009,0,0.141442291,0.085834831,0.123357496,0.112210981,0,0.270641465,0,0.212226083,0,0,0,0,0,0,0,0,0,0,0,0.029935111,0,0,0.143404125,0,0.120270087,0.114579559,0,0.389352331,0.077193422,0,0,0,0,0,0.31507691,0.137848229,0,0,0,0,0,0,0,0,0,0,0,0,0.116798655,0.123058482,0,0.113653942,0.128553567,0,0,0.062511349,0,0,0,0,0,0,0,0,0,0,0,0,0,0,0,0.383982468,0,0.061856686,0,0,0,0,0.055148274,0,0,0,0,0,0.068685554,0,0,0,0.267122395,0.310820714,0,0,0,0.137720859,0.173437649,0,0,0.035183308,0,0,0.181511666,0,0,0,0,0,0.320365312,0,0,0,0,0,0,0,0,0,0,0.107580237,0,0,0,0.241751143,0.053499214,0,0,0.223400314,0,0.393530167,0,0.169261995,0,0.126183472,0.588784638,0,0.169649882,0.068397977,0,0.072757259,0,0,0,0,0,0,0.057966245,0,0,0,0,0,0,0,0,0,0.590720297,0,0,0,0,0,0,0,0.058709381,0.103566497,0,0,0,0,0,0,0,0.193748545,0,0,0,0,0,0,0,0.0915046,0,0,0.11420019,0,0,0,0.052037572,0,0,0,0,0,0,0,0.297614152,0,0,0,0,0.041334573,0.475528023,0,0,0,0,0.101704757,0,0,0.213353786,0.061610229,0.127156166,0,0,0
0.176633936,0,0.233279464,0,0,0.433834642,0,0.285014359,0,0,0.155183728,0.251937725,0.549347624,0,0,0.08321059,0.449623974,0.167923009,0,0.096340541,0.197241468,0,1,0.104860972,0.332779686,0.10165418,0.164877433,0.350890238,0.082434973,0.277444315,0.217598163,0.184467679,0,0,0,0,0.111143495,0.126373098,0.276532329,0,0.112046426,0.206794231,0.147733474,0.285922136,0.284624266,0.196258709,0.253375628,0.150474042,0.159206321,0.182463166,0.304379503,0,0,0.38791987,0.288380775,0.318722529,0.176576156,0.113902541,0.067404641,0.515998862,0.304230312,0,0,0,0.255829708,0,0.171624696,0.166011193,0,0,0.441621353,0,0.308780567,0.201651075,0.303970893,0.174751885,0.217924465,0.358372381,0.072595173,0.13472575,0,0.351462029,0.17754769,0,0,0.344328542,0.150612379,0,0.125275737,0,0.12580524,0,0.406755123,0.112361201,0.231783696,0,0.217684258,0.325296625,0.328630513,0.330047091,0,0,0,0.631301451,0.139478315,0.187106045,0.20199177,0.359071082,0.16519275,0.449122201,0,0.396229892,0.209383465,0.255754137,0,0.242578109,0,0.064824171,0,0,0.129156038,0.455261954,0.193748102,0.144743796,0.167819824,0,0,0,0.184273607,0,0.246814366,0,0,0.157919073,0.327766584,0.256157386,0,0,0,0,0,0.158876067,0.197241468,0,0.127470545,0,0.077847553,0.164571752,0,0.375849548,0.285616243,0,0,0,0.175721205,0.196241133,0.277607671,0,0,0,0.081978314,0,0,0,0,0,0.153091603,0,0,0,0.219847132,0,0,0.108479199,0.09561757,0.132019043,0,0,0.095342326,0.143981707,0,0,0,0.132092414,0,0,0,0.201325819,0.321552886,0,0,0,0.069081579,0,0.274966397,0,0,0,0,0,0,0.399573735,0,0,0,0.112829831,0,0,0.202896833,0,0,0,0,0,0.353425212,0,0.109855899,0.157057858,0,0.270890411,0.3706821,0,0,0.292110952,0.085301459,0,0.209652087,0,0.237767807,0.123219946,0,0.121004203,0.245421176,0,0,0,0.431395763,0,0,0.120823872,0,0.133210654,0,0.336233169,0.143475875,0.111061218,0,0.070587963,0,0,0.300992304,0,0,0,0,0,0.22290901,0,0.238736159,0,0.432792241,0.166741468,0.164386486,0,0,0.122358029,0.131540429,0,0.164261006,0.072360471,0
0.073819114,0.05018319,0.250916449,0.151723363,0,0.171203781,0.041444857,0.658710178,0.069418197,0.032390883,0.10486473,0.574938237,0.229814852,0,0,0.740776177,0.036807117,0.069993692,0.055154275,0.27408974,0.051625627,0,0.104860972,1,0.701265961,0.399489984,0.146835614,0.571934719,0.523120029,0.792977383,0.597563166,0.736454509,0,0,0.059206869,0.030265502,0.146933405,0.324354782,0.505496684,0,0.043081487,0.251950612,0.037899112,0.109421634,0.254733248,0,0.535555051,0.071528119,0.196554226,0.245740941,0.565675246,0.070324767,0.186434355,0.53820105,0.089813638,0.619599595,0.622693966,0.215617784,0.607440804,0.195024529,0.270356963,0,0.226880873,0.035857677,0.281845035,0,0.20015712,0,0,0,0.064907269,0.020828847,0.35294943,0.01733671,0.318394342,0.366468392,0.452853322,0.278286129,0.377100159,0.355050311,0,0.21086096,0.483128191,0.447157124,0.023161688,0.534775428,0.166574264,0.059922883,0.083071095,0.029376432,0.456211068,0,0.106794726,0.314635702,0.481280623,0,0.32357761,0.05952113,0.439851149,0.349805597,0.218331839,0.272987023,0,0.038085088,0.242166858,0.296193243,0.267223814,0.050326557,0.313126219,0.167799383,0.041514353,0.129426413,0.553393105,0.471605754,0,0.580458094,0.067094366,0.415082852,0,0,0.100534192,0.300093205,0.042276579,0.115693897,0.019280986,0.042101724,0.363062951,0,0.040923162,0.017853649,0.58765997,0.029133217,0,0.048466862,0.2497271,0.673713955,0.020599259,0.120175327,0,0.372569314,0.03317596,0.451213456,0.051625627,0.14049716,0.101931127,0.151727651,0.205944968,0.066561528,0.029376432,0.130203128,0.238623884,0.179245449,0.060386176,0.029004075,0.69436102,0.356735442,0.313835641,0.272839721,0,0,0.262293753,0.021895724,0.070784653,0.099862678,0,0,0.411298589,0,0.04754832,0.042167399,0.037974461,0.037915571,0.06572013,0.059179169,0.219154282,0.122483323,0.032880395,0.030265502,0.116591145,0.394192301,0.048722056,0.059112488,0.184002787,0.389681694,0.101946854,0,0.195250549,0.308938961,0.414148989,0,0.021761416,0.258188985,0.388837874,0.089431345,0.51256548,0,0,0.009959603,0.080847176,0,0.086287758,0.520086239,0.045381245,0,0.069938147,0.182161233,0.042674618,0,0.017365571,0.160181641,0.090585621,0.108580991,0.044450564,0,0.374405924,0,0.375551162,0.067000817,0,0.665635112,0.407046422,0.116113578,0,0.061339606,0.450367835,0,0,0,0.203382496,0.13317407,0,0.293824961,0.219895896,0,0.05317768,0.120056044,0.407651901,0.02470783,0.023833728,0.428163362,0.055760607,0.117939276,0,0.543908539,0.140503299,0.232067611,0.043449462,0.259836072,0.053033237,0,0.700543723,0.084618044,0,0,0,0.043449462,0.413764144,0.101920708,0.416354493,0,0.103863671,0.026311439,0.576879748,0,0.041894003,0.080428089,0.470583814,0.196347513,0.091679023,0.358347365,0
0.081339517,0.055472541,0.274226829,0.104105381,0,0.364904974,0,0.57437007,0,0.035781731,0,0.516228842,0.302631042,0,0,0.578113244,0.172125527,0.106622594,0,0.183935299,0.057062563,0,0.332779686,0.701265961,1,0.456229051,0.116213861,0.773672706,0.466018451,0.816095016,0.468253726,0.678221595,0,0,0.064937861,0.033491571,0.149974339,0.410210216,0.482856753,0,0.047274952,0.299632583,0.041921548,0.118760094,0.230395529,0,0.522591355,0.078274634,0.21284828,0.223296363,0.566200322,0,0.218938376,0.613823653,0.138308515,0.496226062,0.487310393,0,0.349999637,0.266761298,0.303500832,0.043706269,0.09546502,0.039620814,0.253113154,0,0.247986708,0,0,0,0.114062355,0.023051469,0.438336711,0.019138086,0.342277016,0.302858288,0.44599168,0.262239093,0.227796752,0.241503685,0,0.258299417,0.446675231,0.388497894,0.025459914,0.533288542,0.068654127,0.066203949,0.120329196,0,0.524548016,0.055928491,0.252084832,0.164359342,0.536383577,0,0.281899925,0.180463098,0.540309427,0.496346501,0.230280286,0.187082761,0.031432589,0.230323645,0.210402827,0.376820994,0.217080219,0.110959314,0.398669193,0.395971703,0.045776892,0.322323862,0.481249648,0.385986639,0.042606854,0.539324679,0.029008236,0.236100431,0,0.030420032,0.098997339,0.407366988,0,0.056688274,0.021170558,0.046492113,0.171561598,0,0.061110825,0,0.680207903,0,0,0.053228142,0.21307637,0.581500212,0.022770598,0.132341188,0.0315167,0.299506306,0.036640709,0.422048272,0.057062563,0.110393737,0.112282689,0.185480138,0.232770626,0.027825828,0,0.175773195,0.087762475,0.091892907,0.066697033,0,0.606524862,0.374659155,0.373920838,0.215406626,0,0,0.165869679,0,0,0.109497447,0,0,0.345084561,0,0.052430865,0.069137921,0.047570849,0.041398864,0.053343434,0.068260364,0.043101294,0.08016869,0.036380044,0.033491571,0.154417434,0.289938119,0.053861656,0,0.201191516,0.289981102,0.137499518,0,0.134520909,0.207050686,0.351425876,0,0.024076112,0.178032522,0.225481275,0.050158051,0.482684759,0,0,0.011022123,0.089220645,0,0.095119502,0.550011766,0.050048,0,0,0.155626891,0,0,0,0.152224443,0.066421152,0.058821466,0.078607987,0,0.501735631,0,0.418993598,0.093546249,0,0.640390417,0.446071071,0.084491149,0,0.164562911,0.358956879,0,0,0,0.149356221,0.14655326,0,0.339241221,0.298991304,0,0.058738393,0.069002943,0.565717599,0.027340568,0,0.274924825,0.061373868,0.060979553,0,0.538727148,0.153853076,0.148453963,0,0.162941593,0.0267662,0.022948052,0.593774244,0.113281726,0,0,0,0.048046561,0.352943204,0.053355466,0.352693732,0,0.256794332,0.028884372,0.445986047,0,0,0.048479127,0.286969625,0.089682049,0,0.35184194,0
0.157261278,0,0.463132225,0,0,0.085508825,0,0.206438283,0,0,0,0.154442139,0.063980455,0,0,0.361110988,0,0.213114573,0,0.131181032,0.17338998,0,0.10165418,0.399489984,0.456229051,1,0.14787366,0.552951739,0.43879984,0.422568337,0.364055589,0.39265175,0,0,0,0.104347976,0.292513867,0.114450122,0.046888822,0,0,0.490742113,0,0,0.051865252,0,0.16849049,0,0.256097417,0.305512617,0.196379492,0,0.091957148,0.295934952,0.149412305,0.243758553,0.415146899,0,0.353735467,0.178359993,0.152672119,0,0.087753178,0,0.320105161,0,0.069399839,0,0,0.05524684,0,0,0.108828927,0,0.092604374,0.132464018,0.128323911,0.086501094,0,0.169725543,0,0.17198889,0.157101227,0.302317323,0.069204988,0.144297697,0,0.199255794,0.22556586,0,0.137702377,0.071074492,0,0.160979897,0.071452064,0,0.20321392,0,0.140628405,0,0.078640353,0.215720583,0,0,0.275287426,0.127387709,0,0.159557172,0.242730274,0.178161958,0.132338694,0.09317265,0.128366716,0.104960242,0,0.133423956,0,0.177726822,0,0,0,0.063180782,0,0,0,0.138498196,0.163711193,0,0,0,0.280218096,0,0,0.142252053,0.036588268,0.230724119,0,0.245589472,0,0.234039509,0.109473305,0.52666295,0.17338998,0.284145808,0.100919245,0.106065741,0.253116951,0.073258497,0,0,0.083149761,0,0.159651511,0,0.229454381,0.165368731,0.189541562,0.106740042,0,0,0.095583363,0,0,0.127828009,0,0,0.327813998,0,0.151601967,0.139211444,0,0.059017721,0.159491289,0.078179947,0.085718415,0,0,0.104347976,0.139714536,0.042965289,0.164215238,0,0,0.166919601,0.131439938,0,0.177290521,0.221338026,0.114769294,0,0.074678696,0.191847115,0.059101721,0,0.137782714,0,0,0,0.262256465,0,0.225658351,0.194560534,0,0,0,0.133675662,0,0,0,0.099225502,0,0,0,0,0.049642636,0,0.228345992,0,0,0.243725591,0.101100489,0,0,0,0.250233475,0,0,0,0.136293401,0,0,0.49567465,0.148906563,0,0,0,0.402974247,0,0,0.071303282,0,0.143086212,0,0.239585106,0.389778338,0.103077255,0,0.098639666,0,0,0.214064749,0.108262743,0,0,0,0,0.14555923,0.041991003,0.153893878,0,0,0.076606217,0.254695377,0,0,0.112737598,0.097811367,0.178210599,0,0.224832248,0
0.386595637,0,0.230580769,0.251721507,0,0,0,0.103139909,0,0,0,0.090061837,0,0,0,0.12157177,0,0.347178116,0,0,0.501207004,0,0.164877433,0.146835614,0.116213861,0.14787366,1,0.162431877,0.237660271,0.148043149,0.207876989,0.185427337,0,0,0,0,0,0.10863398,0.09438196,0,0,0.189174651,0,0,0,0,0.099279987,0.285351068,0,0.287158575,0.135880368,0,0,0.167203584,0.34238053,0.1432263,0.275727989,0,0.156288086,0.119473685,0,0,0,0,0.11202529,0,0.142530346,0,0,0,0,0,0,0,0.070461183,0.130185034,0.072149287,0,0.285686993,0.064887374,0,0,0.13441959,0.140383529,0,0.127416382,0.493703297,0,0,0,0.108005146,0,0,0.129925478,0.054516907,0,0.071518257,0,0.071042742,0.123017767,0,0,0,0,0.244210435,0.130854575,0,0.400772109,0.110713469,0.124123249,0,0,0.069020078,0.055235753,0,0.076350784,0,0.102574525,0,0,0,0.124550075,0,0,0,0,0.133453958,0,0,0,0.13382651,0,0,0.306973219,0,0.091712512,0,0,0,0.13074633,0,0.068754767,0.501207004,0,0,0.159635941,0,0,0,0,0.110845747,0.187964298,0,0,0.084469362,0,0,0,0,0,0,0,0,0.320082926,0,0,0.261863537,0,0,0,0,0,0,0,0,0,0,0,0,0.062287478,0,0,0,0.059747197,0,0,0.183881604,0.414837181,0.057422651,0,0,0,0.092786578,0,0.120274536,0,0,0,0,0,0,0.125710936,0,0,0,0,0,0,0,0,0,0,0,0,0.089998812,0,0.169602841,0,0,0.097516307,0.121948317,0,0,0,0.345771762,0,0,0,0,0,0,0.192699332,0,0,0,0,0.090331947,0,0,0.221347363,0,0,0,0.185392402,0.256734881,0.168654002,0,0.095324532,0,0,0.143765034,0,0,0,0,0,0.098788211,0,0.061921852,0,0,0,0.166494214,0,0,0.196155628,0.145081074,0.102983152,0,0.096767177,0
0.077841991,0,0.30278201,0.061673885,0,0.352692127,0.065288351,0.491858124,0,0,0,0.404696608,0.334850679,0,0,0.500456815,0.189583934,0.076102223,0,0.073488926,0.081599092,0,0.350890238,0.571934719,0.773672706,0.552951739,0.162431877,1,0.542895911,0.722378306,0.505877793,0.662783546,0,0,0,0.048143871,0.154436223,0.385447824,0.344878069,0,0,0.301788773,0,0.160729696,0.313878194,0,0.456279099,0.107123287,0.220710068,0.186546987,0.453765238,0,0.11341009,0.63278738,0.193604153,0.470535908,0.530060052,0,0.353710203,0.303086944,0.298532068,0,0.095081844,0.056572462,0.263985033,0,0.212070968,0,0,0,0.156334641,0,0.399936982,0,0.324643674,0.279176365,0.337717485,0.235327387,0.198776602,0.239636856,0,0.270829103,0.331462223,0.389299818,0.035524291,0.449529324,0.080626229,0.094480073,0.113032,0,0.389002204,0.037924672,0.273425648,0.173757176,0.431878654,0,0.334112825,0.248299392,0.441871757,0.460052179,0.144377733,0.17762679,0,0.314085371,0.209255227,0.413358417,0.156884188,0.156800783,0.256380854,0.369657578,0.064763011,0.399926036,0.368821904,0.271488264,0,0.467355626,0,0.150298662,0,0,0.051762112,0.527304019,0,0,0,0.066203882,0.275039406,0,0.085205985,0,0.708409559,0,0,0.073978352,0.136225535,0.498598829,0,0.186145846,0,0.283376433,0.052208577,0.39067276,0.081599092,0.152071748,0.101642872,0.132621373,0.229898943,0.038537713,0,0.255732172,0.113713586,0.121437509,0.076055975,0,0.525195583,0.368055436,0.42170959,0.201949443,0,0,0.127093268,0,0,0.151129303,0,0,0.426296636,0,0.074179635,0.098523046,0.063485248,0.033181305,0.076019594,0.094128858,0.079214039,0.110613543,0,0.048143871,0.123373493,0.225988233,0.077076416,0,0.19670391,0.247166367,0.075909363,0,0.177414692,0.205096423,0.289196718,0,0,0.188961338,0.221032355,0,0.403252955,0,0,0,0.126683342,0,0.11094501,0.443055038,0,0,0,0.16230364,0,0,0,0.140778068,0.051335963,0,0,0,0.396771987,0,0.486182431,0.073788807,0,0.540289477,0.396100431,0.117128714,0,0.229316333,0.378870301,0,0,0,0.153216939,0.063971976,0,0.329273803,0.275645563,0,0.056282037,0.097059549,0.52167734,0,0,0.215999425,0,0.032309379,0,0.521072907,0.211129406,0.196775883,0,0.121564485,0,0.032938679,0.538804359,0.08670655,0,0,0,0.068843635,0.3417252,0.026014853,0.348089214,0,0.263501824,0.040072927,0.402000386,0,0.066409939,0.117689875,0.335240577,0.115368703,0,0.289127624,0
0.115575613,0,0.248965482,0,0,0.051666831,0,0.353763713,0.160301548,0,0.140043938,0.343959048,0.206892405,0,0,0.505087666,0,0.11178145,0.132199893,0.204059822,0.124056459,0,0.082434973,0.523120029,0.466018451,0.43879984,0.237660271,0.542895911,1,0.516748082,0.465325001,0.520751324,0,0,0,0,0.10019971,0.272815224,0.266868882,0.060372533,0,0.26660539,0,0.117374636,0.27802494,0,0.360176557,0.160912845,0.040483329,0.155803463,0.3873341,0.187971131,0.155723111,0.556018939,0.202844182,0.41815553,0.432499444,0.198186057,0.459569603,0.156411006,0.193898667,0,0.311315452,0.085785245,0.285746414,0,0.259803877,0,0,0,0.138133124,0,0.291105542,0.040963427,0.154545642,0.227830227,0.245607338,0.349650536,0.295186775,0.229714357,0,0.16000316,0.345866369,0.338044472,0,0.362572482,0.251257561,0,0.106965083,0,0.310587825,0,0.07400366,0.342616472,0.389985309,0,0.34212214,0.128039362,0.347153853,0.310489869,0.241297062,0.270306461,0,0.079919322,0.203758754,0.223268406,0.303134063,0.116810887,0.170432274,0.070810644,0.096677414,0.261000081,0.332969404,0.234714068,0,0.368426731,0.148430068,0.239661046,0,0,0,0.310282829,0,0.133335855,0,0.099923866,0.347349635,0,0,0,0.472848832,0,0,0.107258442,0.156039991,0.382238559,0.023701181,0.275197248,0,0.352482682,0.078885363,0.233194883,0.124056459,0.098006603,0.07434453,0.175270468,0.307942867,0.14584718,0,0.047134426,0.249317386,0.246849845,0.114976304,0,0.381183063,0.36544478,0.407105528,0.133278624,0,0,0.215961929,0,0.167780889,0.216709248,0,0,0.459239345,0,0.110741699,0.100294605,0,0,0.114893182,0,0.173079463,0.07196679,0,0,0,0.247663505,0.117324478,0,0.258347204,0.217453062,0,0,0.38844339,0.338542434,0.322059076,0,0,0.245552217,0.34059808,0,0.353038486,0,0,0,0.19027216,0,0.109984235,0.425601038,0,0,0.163101628,0.234325238,0,0,0,0.196554103,0,0,0,0,0.354675058,0,0.413354017,0.147973006,0,0.406496532,0.347742799,0.133145923,0,0.136761068,0.38991623,0,0,0,0.127669079,0,0.023535547,0.25759371,0.132974606,0,0.126646422,0.143499183,0.283986573,0,0,0.312465954,0,0.125593745,0,0.476286271,0.183002307,0.354809323,0,0.139752822,0,0,0.39735813,0.083166332,0,0,0,0,0.240167517,0.032720945,0.268127141,0,0.203467467,0,0.430908145,0,0,0.089576396,0.250963371,0.164856682,0.112582594,0.163130905,0
0.074438562,0.050617593,0.238960963,0.15295049,0,0.257088602,0.041801261,0.646905108,0.070001128,0.032669532,0.065842073,0.581892828,0.339528995,0,0,0.653019973,0.194892009,0.09770883,0.055630482,0.276187811,0.052072183,0.041225944,0.277444315,0.792977383,0.816095016,0.422568337,0.148043149,0.722378306,0.516748082,1,0.604776997,0.781016252,0,0,0.043295568,0.03053019,0.137802159,0.328504765,0.550673075,0,0.0744392,0.277261931,0.038229265,0.109635958,0.275984966,0,0.574464023,0.069281743,0.210703512,0.19801498,0.560436229,0.070923089,0.149025591,0.635667257,0.090554796,0.655637224,0.585838908,0.138647852,0.519078685,0.24924605,0.33101978,0,0.201969146,0.036166852,0.320725991,0,0.256574974,0,0,0.015873296,0.170429126,0.021011188,0.445538826,0,0.344151912,0.359944634,0.502847172,0.344471008,0.324945364,0.345234802,0,0.295188124,0.481153403,0.461854057,0.02335141,0.62170295,0.158899701,0.060438983,0.11020092,0.029633462,0.397700289,0.051425329,0.268305154,0.281421148,0.53670327,0,0.363454312,0.16600817,0.509221202,0.488973833,0.227199068,0.221946474,0.028657491,0.17827838,0.244055124,0.383532517,0.369041776,0.10150166,0.331210403,0.369650006,0.041865219,0.275123381,0.590993897,0.428493823,0,0.56967088,0.094267273,0.372398761,0,0.027813433,0.097840418,0.384476736,0,0.116586586,0.019437132,0.042462633,0.288303923,0,0.056058394,0.018010781,0.675793487,0.046088179,0,0.048860235,0.291105805,0.675890023,0.020777585,0.121177951,0.028727389,0.302640816,0.033460741,0.448228726,0.052072183,0.101525569,0.102784003,0.153774185,0.250496457,0.092658655,0.029633462,0.198330393,0.237473493,0.15831213,0.060904858,0.029254602,0.695787652,0.446366747,0.448083978,0.259931963,0,0,0.178574693,0.022088035,0.07139086,0.100659865,0,0,0.379835745,0,0.047950219,0.042529439,0.044051381,0.022589117,0.048712346,0.027807015,0.186291586,0.11321497,0.033167567,0.03053019,0.142510137,0.332519032,0.049144129,0,0.223096577,0.354097684,0.163346907,0,0.183883787,0.283844141,0.502469373,0,0.021951365,0.196417282,0.350070879,0.04585734,0.552109428,0,0,0,0.081535917,0,0.071832242,0.553490144,0.045765334,0.01660273,0.070529881,0.142935819,0.043045459,0,0,0.140458845,0.060811182,0.092878028,0.072020503,0,0.430523655,0,0.423316806,0.116321178,0,0.693816744,0.497259931,0.077599643,0,0.115137824,0.406531796,0,0,0,0.263226657,0.134277397,0,0.29600406,0.261221887,0,0.036047934,0.063182038,0.524856199,0.024923844,0,0.373544956,0.056223431,0.103488948,0,0.658805343,0.141609225,0.183934756,0,0.217349577,0.053487997,0,0.702338382,0.085286204,0,0,0,0.043826886,0.411811855,0.037500201,0.438725607,0,0.238128373,0.026524093,0.590487231,0,0.042258207,0.081027014,0.460692963,0.184050854,0.051830063,0.305420761,0
0.088366653,0,0.314929663,0.190257278,0,0.101890246,0.059800143,0.544123471,0.099139281,0,0.216410091,0.472298903,0.168673374,0.060739736,0,0.511785879,0.063130335,0.126614976,0.079722192,0.108127747,0.074682101,0.069479389,0.217598163,0.597563166,0.468253726,0.364055589,0.207876989,0.505877793,0.465325001,0.604776997,1,0.552751615,0,0,0.054074735,0.043997771,0.191648634,0.135915272,0.415261126,0.035948622,0.119002273,0.223457481,0,0.145092726,0.193892712,0.077705711,0.455182329,0.244056305,0.262529814,0.292331187,0.51342147,0.100998717,0,0.45617102,0.069853707,0.632143459,0.555753663,0.283771249,0.550409165,0.275779341,0.415388692,0,0.279389183,0,0.606158089,0,0.201138454,0.072477203,0,0.022950723,0.090187839,0,0.205300398,0.078537242,0.279150385,0.463153737,0.351372375,0.406439933,0.166685558,0.491713574,0,0.505770808,0.396447558,0.410073385,0.154706018,0.527953481,0.288167325,0.086520432,0.118205898,0.042714054,0.288491761,0.117272309,0,0.301987206,0.308927979,0,0.340378185,0.083010241,0.21585239,0.328096334,0.049099057,0.251403308,0,0,0.335660427,0.384993149,0.381744252,0.143987555,0.359389329,0.273813546,0,0.137224731,0.442671766,0.375321372,0,0.363138139,0.094466567,0.400318841,0,0,0.047554776,0.236444403,0.137847308,0.278227511,0.072819829,0,0.327602418,0,0.123793566,0,0.424498895,0.042201777,0,0.084320391,0.220795933,0.579101185,0,0.112785376,0,0.400558154,0.047831187,0.4482573,0.074682101,0.196165728,0.163669143,0.253217615,0.269252487,0.219042366,0.042714054,0.153858001,0.401839589,0.322032466,0.069673316,0.041931326,0.470786623,0.30557645,0.422964877,0.24271736,0,0,0.210746896,0,0.101949991,0.203504135,0,0.019754366,0.450476244,0,0.068095422,0,0.059218055,0.050609466,0.069642784,0.082709488,0.286568242,0.055832412,0,0.043997771,0.225109028,0.272578437,0.070528709,0,0.225365781,0.419265171,0.245901927,0,0.324540957,0.50835216,0.439244782,0.070188594,0,0.29794553,0.492840389,0,0.456058987,0,0,0,0.116176087,0,0.12341813,0.492224819,0,0.058901327,0.100203183,0.255860353,0,0,0.078725498,0.07903718,0.047194848,0.138855645,0.034629639,0,0.146169,0,0.219155468,0.162367528,0,0.552004395,0.395827004,0.085126924,0,0.086590354,0.56396952,0,0.079722192,0,0.278573686,0.189115744,0,0.350545461,0.115536039,0.060658637,0,0.089243572,0.420811017,0,0,0.526389442,0.079244825,0.263632994,0,0.507049435,0.141640775,0.192112277,0.062972406,0.210556086,0.041496652,0,0.587928192,0.062857619,0,0.059610143,0,0.062972406,0.472552974,0.112248871,0.409953668,0.060739736,0.109230473,0.109602963,0.620179281,0,0.060739736,0.230846082,0.50731293,0.414750627,0.200775012,0.193919338,0
0.093718567,0.064253226,0.294653868,0.170133655,0,0.265674069,0.052968138,0.623444022,0,0,0,0.533237111,0.208272035,0,0,0.647825319,0.101170294,0.062434078,0.070567629,0.289037535,0.066086377,0.052047765,0.184467679,0.736454509,0.678221595,0.39265175,0.185427337,0.662783546,0.520751324,0.781016252,0.552751615,1,0,0,0,0,0.171566452,0.429730714,0.476513934,0,0.092736483,0.265599836,0.048610884,0.070716956,0.203339243,0,0.527353284,0.067090979,0.118145596,0.322670322,0.463524271,0,0.261437267,0.663579803,0.113521071,0.65880421,0.589225213,0.13062912,0.551746276,0.28386894,0.25649456,0.05067302,0.192947681,0.045861054,0.271838596,0,0.16408208,0,0,0,0.063415871,0,0.259268861,0,0.231445374,0.255882172,0.361481392,0.284108069,0.433964543,0.306925726,0,0.18824044,0.471578019,0.443636565,0.02921895,0.526565789,0.115934496,0.076616368,0.105242425,0.037725676,0.472768559,0,0.226355064,0.257212611,0.454348756,0,0.329426343,0.138620794,0.415878649,0.399365637,0.1649303,0.273259563,0,0.109805579,0.301734274,0.402816413,0.233278506,0.063972521,0.295303961,0.232003287,0.052806796,0.219156527,0.4761754,0.400932101,0.04920108,0.559898941,0,0.427557192,0,0,0.088695617,0.296776408,0,0.06445918,0,0.053760845,0.277455389,0,0,0,0.69601448,0.037325505,0,0.060997401,0.143816993,0.620177136,0,0.152336115,0,0.345128587,0.042379089,0.375442474,0.066086377,0.126085593,0.129308848,0.233582442,0.274946777,0,0.037725676,0.126907662,0.217295073,0.103305938,0.061725116,0.037113786,0.671315259,0.413372677,0.327715169,0.325045858,0,0,0.160475713,0.028149204,0,0.125153015,0,0,0.428088769,0,0.060483486,0.053867977,0.046614793,0,0.061701151,0,0.140125427,0.140736181,0,0,0.144498402,0.380034082,0.062395538,0,0.27541981,0.263706592,0.169931873,0,0.151111107,0.272597954,0.37937922,0,0,0.21612542,0.385651323,0.055968879,0.467994499,0,0,0,0.103060156,0,0.090537451,0.468886859,0,0,0,0.178165746,0.054698507,0,0,0.172854263,0.041996691,0.115477772,0,0,0.27905674,0,0.486650377,0.046303059,0,0.654569647,0.361468898,0.096730817,0,0.143959288,0.513783388,0,0,0.043064819,0.182212839,0.168501708,0,0.285587883,0.190617586,0,0.04567001,0.079429174,0.379405795,0.039662592,0,0.409722778,0.070586867,0,0,0.573999485,0.175469197,0.223222633,0,0.134338995,0.067725426,0,0.65305922,0.105759235,0,0,0,0.055685458,0.366774327,0.046246894,0.360418538,0,0.12305154,0.033078251,0.573739277,0,0.053703982,0.099123152,0.423929233,0.139163514,0.064562495,0.336595431,0
0,0,0,0,0,0,0,0.025022014,0,0,0.260440378,0.021735737,0,0,0,0,0,0,0,0,0,0,0,0,0,0,0,0,0,0,0,0,1,0,0,0,0,0,0.034940762,0,0,0,0,0,0,0.565601366,0,0,0,0,0.033401594,0,0,0,0,0.035312291,0,0,0,0,0,0,0,0,0,0,0,0,0,0,0,0,0,0,0,0.049270104,0.026353102,0.113422342,0,0,0,0,0,0,0,0.031214121,0,0,0,0,0,0,0.130878519,0.131370649,0,0,0.046561631,0,0.046228495,0,0.125673564,0,0,0,0,0.090976618,0,0,0,0,0,0,0.025162798,0.04967565,0,0.027958348,0,0,0,0,0,0,0,0.219607102,0,0,0,0,0,0,0,0,0,0,0,0.022148637,0,0,0,0,0,0,0,0,0,0,0.135489885,0,0,0,0.108629504,0,0,0,0.031083322,0,0,0,0,0,0,0,0,0,0,0,0,0,0,0,0,0,0,0,0,0,0,0,0,0,0,0,0,0,0,0,0,0.114946573,0,0,0,0,0.061817062,0,0,0,0,0,0,0,0,0,0,0,0,0,0,0,0,0,0,0,0,0,0,0,0,0,0,0.023604711,0,0,0,0,0,0,0,0,0,0,0,0,0,0,0,0,0,0,0,0.088814914,0,0,0,0,0,0,0,0,0,0,0,0,0,0,0,0,0.036670434,0,0,0,0,0,0.04144024,0,0,0,0.055421933,0.099660222,0,0,0
0,0,0,0,0,0,0,0.013654994,0,0,0,0.011858058,0,0,0,0,0,0,0,0,0,0,0,0,0,0,0,0,0,0,0,0,0,1,0,0,0,0,0,0,0.085848263,0,0,0,0,0,0.019718173,0,0,0,0.018241823,0,0,0,0,0,0,0.037303369,0,0,0,0,0,0,0,0,0,0,0,0,0,0,0,0,0,0,0.014383139,0,0,0,0,0,0,0,0,0,0,0,0,0,0,0.078152721,0,0,0,0,0,0,0,0,0,0,0,0,0,0,0,0,0,0,0,0,0.013731999,0,0,0,0,0,0,0,0,0,0,0,0,0,0,0,0,0,0,0,0,0,0.044857301,0,0,0,0,0.049900029,0,0,0,0,0,0,0,0,0,0,0,0.077108817,0,0,0,0,0,0,0,0,0,0,0,0,0,0,0,0,0,0,0,0,0,0,0,0,0,0,0,0,0,0,0,0,0.049065606,0,0,0,0,0,0,0,0.033848267,0,0.016039562,0,0,0,0,0,0,0.023844497,0,0,0,0,0,0,0,0,0,0,0,0,0,0,0,0,0,0,0,0,0,0,0,0,0,0,0,0,0,0,0,0,0,0,0,0,0,0,0,0,0,0,0,0,0,0,0,0,0,0,0,0,0,0,0.020033028,0,0,0,0.080956232,0,0.011383524,0,0,0,0,0.054758989,0,0,0
0,0,0,0,0,0,0,0.073149382,0.089244753,0,0,0.11277186,0,0.330116061,0,0.049216023,0,0.23558725,0,0.178254001,0,0,0,0.059206869,0.064937861,0,0,0,0,0.043295568,0.054074735,0,0,0,1,0,0,0,0.041516292,0,0.202962863,0,0,0,0,0,0.098181899,0,0.088385294,0,0.054896657,0,0,0,0,0,0,0,0,0,0.113136642,0,0.164421931,0,0.085232636,0,0.197614792,0,0,0,0,0,0.057410081,0,0.107937553,0.040889525,0.078323475,0.048408212,0,0.141877148,0,0.088574004,0.103009421,0.102595627,0.22319595,0.116936298,0,0,0,0,0.110396178,0.192386416,0,0.092532307,0.099806876,0,0.05558359,0.150384266,0.096475724,0.09060468,0.124095082,0,0,0,0,0,0,0,0.213544138,0.104401312,0,0,0.073537224,0.058900442,0,0.093251381,0.269484606,0,0,0.154903651,0,0,0,0,0,0,0.094843903,0,0,0,0.05401391,0,0,0.170189668,0.151325705,0.062892363,0.15015143,0,0,0.086267304,0.24073286,0.042906185,0,0,0,0.162603404,0,0,0,0,0,0,0,0,0.037254924,0,0,0.116046636,0,0,0.173266245,0,0,0,0,0,0,0,0,0,0,0.405982583,0,0,0.10684997,0,0,0,0.157761707,0.04861555,0,0,0,0.079854907,0.22373317,0.243797692,0.174192614,0,0.142701554,0,0,0.185669001,0.097384552,0.307027305,0.099970381,0,0,0,0,0,0,0.070080303,0.302949599,0,0,0,0,0,0,0,0,0,0.265798606,0,0.092745446,0,0.12235838,0,0,0.051823718,0.093739686,0.070862695,0,0,0,0.124976485,0,0,0,0,0,0,0.088678049,0.32773462,0,0,0.077317562,0,0,0,0,0.146627561,0,0.053860124,0,0,0,0.149244882,0,0,0,0,0.119780043,0,0,0,0.031288858,0.165790228,0.033803605,0.330116061,0,0.097496815,0.088719772,0,0,0.223670203,0.088506091,0.145374569,0,0.072119941,0
0,0,0,0,0,0,0,0.020868385,0,0,0,0,0,0,0,0.035148461,0,0,0,0,0,0,0,0.030265502,0.033491571,0.104347976,0,0.048143871,0,0.03053019,0.043997771,0,0,0,0,1,0,0,0,0,0,0,0,0,0,0,0,0,0.066472198,0,0.027876597,0,0,0,0,0,0.060154073,0,0.054935923,0,0,0,0,0,0,0,0,0,0,0,0,0,0,0,0,0,0.021980972,0,0,0,0,0,0,0.082809867,0,0,0,0,0,0,0,0,0,0,0,0,0,0,0,0,0,0,0,0,0,0,0,0,0,0.084640089,0,0,0,0,0,0,0,0,0,0,0,0,0,0,0,0,0,0,0,0,0,0,0,0,0,0.018467526,0,0,0,0,0,0.043472758,0,0,0,0,0,0,0,0,0,0,0,0,0.025936735,0,0,0,0,0,0,0,0,0,0,0,0,0,0,0,0,0,0,0.237660416,0,0,0,1,0,0,0,0,0,0.032073102,0,0,0,0,0,0,0,0,0,0,0,0,0,0,0,0,0,0,0,0,0,0,0,0,0,0,0,0,0,0,0,0,0,0,0,0.019684008,0,0,0,0,0,0,0,0,0,0,0,0.145548176,0,0,0,0,0.058782529,0,0,0,0,0,0,0,0,0,0,0,0,0,0.029593671,0,0,0,0,0,0,0,0,0,0,0,0,0,0,0,0,0,0,0.054183903,0
0,0,0.24130947,0,0,0.112583558,0,0.127668549,0,0,0,0.111717478,0,0,0,0.142816683,0.035241123,0,0,0,0,0,0.111143495,0.146933405,0.149974339,0.292513867,0,0.154436223,0.10019971,0.137802159,0.191648634,0.171566452,0,0,0,0,1,0,0.130092584,0,0,0,0,0,0,0,0.099156048,0,0,0.169066909,0.134908551,0,0,0.146762765,0,0.186124868,0.167090535,0.133961344,0.152585916,0.234515743,0.069260971,0,0.125478116,0,0.225318025,0,0,0,0,0,0,0,0.074759294,0,0,0.131709295,0.032514414,0.216587275,0,0.086925514,0,0.234203097,0.170108364,0.109965502,0.256148237,0.079066041,0,0.45325431,0.225130098,0,0.104430103,0,0,0,0.044239804,0,0.112610209,0,0.124376578,0.021638219,0,0.192464628,0,0,0.254038368,0.223530721,0,0,0.122367259,0,0,0,0.128346684,0.179209183,0,0.097840569,0,0.434481851,0.309626801,0,0.069652821,0,0,0,0,0,0,0,0,0,0.057726528,0,0,0,0.089852147,0.113734517,0,0,0,0.228068903,0,0.141145093,0,0.506383154,0.23231858,0.151155417,0.275667265,0,0,0,0,0.137836024,0,0,0.156485811,0.237664608,0.267999012,0.1076634,0,0,0.087163816,0,0,0,0,0,0.133789932,0,0,0,0,0,0,0,0,0.051912317,0,0,0.230147282,0.109687392,0,0,0,0.046160438,0.208523177,0,0.276610502,0.242772674,0.125563946,0,0,0.172766473,0.144817927,0,0.119716059,0,0,0,0,0,0,0.161886773,0,0,0,0.434512208,0,0,0,0,0,0,0,0,0,0,0,0,0,0.12081786,0.064250764,0,0.37335149,0,0.127506267,0,0,0.328719548,0.359220265,0.218576671,0,0.168370973,0.115691765,0,0,0,0.163840523,0,0,0.173100377,0.276839006,0,0,0.171535088,0.265601027,0,0,0,0,0,0.176789025,0,0,0,0,0,0.147062001,0,0.047797137,0,0,0,0.203991424,0,0,0,0.146256163,0.245893103,0.23203672,0.244780098,0
0,0.101209959,0,0.044924263,0,0.514632553,0,0.443436697,0.048261404,0,0.073270226,0.419040972,0.40822886,0,0,0.425268842,0.129444748,0,0,0.148176619,0,0.080796509,0.126373098,0.324354782,0.410210216,0.114450122,0.10863398,0.385447824,0.272815224,0.328504765,0.135915272,0.429730714,0,0,0,0,0,1,0.370600877,0,0.07308864,0,0,0.102423382,0.11072238,0,0.428599867,0.131420626,0.229294687,0.153850426,0.349959194,0,0.412692013,0.229650774,0.147270804,0.324190809,0.339300502,0.182505265,0.177518166,0.1105049,0.298850208,0.080142165,0.089309491,0,0.191809343,0,0.153602334,0.058925583,0,0,0,0,0.264240262,0,0.379880802,0.215444837,0.388035988,0,0.403320978,0.134123485,0,0.061783312,0.40264781,0.176811693,0,0.368066608,0.098923852,0,0,0,0.496840041,0,0.238094758,0.235060178,0.482822925,0.091184262,0.157691653,0,0.539718686,0.345970704,0.311697489,0.068034482,0,0.130992369,0,0.189201197,0.184922195,0.098896199,0.301893941,0.063804251,0.081777276,0.248935301,0.360442131,0.327961359,0.166876547,0.482661239,0,0.133690843,0,0,0,0.268375946,0.083262918,0,0,0.084088182,0.11842306,0,0.078171237,0,0.444164475,0,0,0,0,0.361190668,0,0.079747955,0,0.297091379,0,0.037130157,0,0.131305665,0,0.360984752,0.058066374,0,0,0.144718976,0,0.144789501,0,0.05101662,0.460811325,0.184852801,0.143775442,0.427522078,0,0,0.259744765,0,0,0.146572051,0,0,0.271631904,0,0.048879397,0.125221086,0.316066402,0.073768353,0,0.108395717,0.104579567,0.073253859,0,0,0.040347441,0.409247152,0,0,0.14650587,0.203922784,0.063515599,0,0.142269894,0.077724214,0.162542927,0,0,0.046685569,0.22602659,0.086880009,0.432260105,0,0,0,0,0,0,0.249301889,0,0,0,0.076174039,0.086404927,0,0,0.201180314,0,0.071990691,0,0,0.456604412,0,0.401178416,0.161402938,0,0.429810246,0.392847495,0.030908076,0,0.067820897,0.197844028,0,0,0,0.065133654,0,0,0.031133435,0.226623969,0,0,0,0.224624295,0,0,0.169383576,0,0,0,0.253717381,0.149508176,0.236418191,0.08793811,0.189892722,0,0.042142222,0.326275457,0.23457331,0,0,0,0,0.228440646,0.099402697,0.327434159,0,0,0,0.290022399,0,0,0.07735124,0.200051624,0.041100011,0.07579573,0.480851494,0
0,0.048376147,0.051958419,0.130739369,0.033328045,0.455212514,0,0.729842603,0.066990084,0.031231433,0.174079663,0.745030015,0.469867192,0,0,0.451795425,0.228740844,0,0.05317311,0.166564503,0,0,0.276532329,0.505496684,0.482856753,0.046888822,0.09438196,0.344878069,0.266868882,0.550673075,0.415261126,0.476513934,0.034940762,0,0.041516292,0,0.130092584,0.370600877,1,0,0,0,0,0.277471015,0.294567601,0.086296046,0.727080505,0.100403756,0.273605809,0.202145054,0.670833206,0.067833958,0.235960607,0.39805027,0.039147678,0.595982997,0.305070392,0.320106731,0.378131075,0.403673577,0.56393253,0.038085609,0.206429473,0,0.261444058,0,0.360633983,0.114430491,0,0,0.223399925,0,0.648961576,0.052643348,0.602689305,0.548813791,0.736432252,0.390475567,0.32089922,0.423278405,0,0.398794695,0.658263474,0.249790957,0.043130799,0.717982308,0.20088001,0.057775516,0.034975902,0.028307741,0.406878334,0.036416348,0.334842515,0.247289373,0.713003564,0.044177295,0.544060296,0.159254949,0.671861542,0.497984468,0.23582609,0.185411858,0,0.210740624,0.18921785,0.384452491,0.385553126,0.048559613,0.395437411,0.306789016,0,0.272273526,0.727526605,0.613384751,0.081229805,0.701797024,0.064823439,0.427268116,0.04442274,0.038653415,0,0.422218063,0.052088672,0.190787101,0.072988769,0,0.251666744,0.024786295,0.053707632,0,0.423532393,0.028081831,0,0.034880674,0.516303101,0.71727259,0,0.039560221,0,0.34118393,0,0.1355408,0,0.053481769,0.035144849,0.281878086,0.117589045,0.114044845,0.028307741,0.223464546,0.340718079,0.247361162,0,0.027961823,0.654472849,0.436554146,0.40302578,0.346651786,0,0,0.468254535,0,0.068261744,0.053104518,0,0,0.322038416,0,0,0,0.286086977,0.130147614,0,0.097507109,0.259368986,0.117170842,0.031686282,0,0.086358009,0.621649009,0,0.056998309,0.14829883,0.529966397,0.132914396,0,0.174106644,0.309977185,0.557320248,0.021467748,0,0.190795055,0.507257237,0.086273551,0.770324084,0,0,0,0,0.021606369,0,0.662936839,0.089946739,0,0.090549297,0.092481142,0.041132247,0,0.052727865,0.138924701,0.055466413,0.104962833,0.042915057,0,0.602391819,0,0.261291099,0.147049059,0.024786295,0.701853113,0.687778212,0.146884029,0.04553788,0.110315786,0.351114598,0,0.05317311,0.077377595,0.246729348,0.128575678,0.023519971,0.048318181,0.440651769,0,0,0.115882489,0.348973857,0,0,0.409229565,0.097512331,0.146069109,0,0.601658578,0.135357425,0.251188113,0,0.437781528,0.02776786,0,0.65633191,0.0804207,0,0,0.02704684,0.041879685,0.616462726,0.051391082,0.644030278,0,0.311989435,0.0982726,0.494922306,0,0,0.034143102,0.496781071,0.211208916,0.141770155,0.508606362,0
0,0,0,0,0,0,0,0,0,0,0,0.01480264,0,0,0,0.028715227,0,0,0,0,0,0,0,0,0,0,0,0,0.060372533,0,0.035948622,0,0,0,0,0,0,0,0,1,0,0,0,0,0,0,0,0.167576215,0,0,0.022772368,0,0,0,0,0.024079361,0,0,0,0,0,0,0,0,0,0,0,0,0,0,0,0,0,0,0,0,0.017954981,0,0,0,0,0,0,0,0,0,0,0,0,0,0,0,0,0,0,0,0,0,0,0,0,0,0,0,0,0.062363253,0,0,0,0,0,0,0,0,0,0,0,0,0,0,0,0,0,0,0,0,0,0,0,0,0,0,0,0,0,0.015084421,0,0,0,0,0,0,0,0,0,0,0,0,0,0,0,0.096288963,0,0,0,0,0,0,0,0,0,0,0,0,0,0,0,0,0,0,0,0,0,0,0,0,0,0,0,0,0,0,0.157050704,0,0,0,0.093695929,0,0,0,0,0,0.042258251,0,0.020022925,0,0,0,0,0,0,0,0,0,0,0,0,0.22412007,0,0,0,0,0,0,0,0,0,0,0,0.016078286,0,0,0,0,0,0,0,0,0,0,0,0,0,0,0,0,0,0,0,0.060868992,0,0,0,0,0,0,0,0,0,0,0.024175538,0,0.163783747,0,0,0,0.02500867,0,0,0,0,0,0,0,0,0,0.037863696,0,0,0,0
0,0,0.15257607,0,0,0,0,0.112141293,0,0,0,0.098108205,0.022389503,0.345092704,0,0,0.134544254,0.243116975,0,0.147779796,0,0.626036593,0.112046426,0.043081487,0.047274952,0,0,0,0,0.0744392,0.119002273,0.092736483,0,0.085848263,0.202962863,0,0,0.07308864,0,0,1,0.127286935,0.316864282,0,0,0,0.11424432,0,0,0.246401466,0.032473691,0,0,0,0,0.072067279,0,0.147595143,0.078420899,0.191337227,0.153289904,0,0.339599386,0,0.274547006,0,0.094714516,0,0,0,0,0,0,0,0,0,0.03478173,0,0.098405832,0.192540159,0,0.195819307,0.156318309,0,0.502438347,0.138049705,0,0,0,0,0.065617704,0.47789372,0.116827897,0,0.007757866,0,0,0,0.043755805,0,0,0,0,0,0,0.103485784,0.1060281,0,0.18624559,0.112609074,0,0,0.087839891,0.046686805,0,0.027498613,0,0,0.073676182,0,0.242157063,0,0,0,0,0,0,0,0.269854099,0,0.057911184,0,0,0,0,0.099882364,0,0,0,0.110313352,0,0.126738792,0,0,0,0.335791316,0.37045985,0,0,0,0.119581682,0.145620152,0,0,0.064007433,0,0,0.238699951,0,0,0,0,0,0.236806494,0,0,0,0,0,0,0,0.16146652,0,0,0.094333998,0,0,0,0.497462994,0.050522187,0,0,0.17296508,0.019301482,0.537417062,0,0.263052016,0,0.171039634,0.357163971,0,0.26355993,0.125584283,0,0.101637599,0,0,0,0,0,0,0.095997231,0,0,0,0,0,0,0,0,0,0.436643227,0,0,0,0,0,0,0,0.080155327,0.142168803,0,0,0,0,0,0,0,0.154641404,0,0,0,0,0.342491131,0,0,0.146454387,0,0,0.178720487,0,0.149509579,0,0.092719476,0,0,0,0,0,0,0.034318912,0.224141076,0,0,0,0,0.039218659,0.539816743,0,0.345092704,0,0,0.201330994,0,0,0.318537029,0.114049044,0.205653643,0,0,0
0.204815821,0,0.600504313,0,0,0,0,0.121734513,0,0,0,0.075250378,0,0,0,0.234587584,0,0.273902255,0,0.267111638,0.233049338,0,0.206794231,0.251950612,0.299632583,0.490742113,0.189174651,0.301788773,0.26660539,0.277261931,0.223457481,0.265599836,0,0,0,0,0,0,0,0,0.127286935,1,0.175428115,0,0.060672268,0,0.082407049,0,0.271236335,0.343931992,0.143511389,0,0,0.194888587,0.191700146,0.16364664,0.31687393,0,0.231485641,0.162104955,0.028312526,0,0,0,0.173079605,0,0,0,0,0,0,0.098151899,0.021810322,0,0.084239863,0.069758794,0.10263471,0,0.078700407,0.077244149,0,0,0.106097483,0.140951652,0.08824472,0.103680606,0,0,0.29164272,0,0.056229671,0.088723204,0,0,0,0,0.137382938,0,0.039372364,0,0,0,0,0,0.156480261,0.039326027,0,0.208727442,0.171463581,0.227871652,0.080016644,0,0.053428357,0.041729707,0,0.09359149,0,0,0,0,0.36827828,0,0,0,0.135478213,0,0,0,0,0,0.167588734,0,0,0.180070955,0,0.140195511,0.093254105,0.318146879,0,0,0.145888525,0.440284837,0.233049338,0,0.26551441,0,0.270099007,0.092152675,0,0,0.09560443,0,0.212905654,0,0.081515532,0,0,0.060059047,0,0.080937194,0,0,0,0.159839261,0,0,0.184726293,0,0.198827156,0,0,0,0.212620811,0,0.087081536,0,0,0,0.20286387,0.018243935,0.221099899,0,0.101801615,0.17211674,0,0,0,0.155041292,0.065699458,0,0.101455759,0.048864683,0,0,0.036820751,0.085698903,0.030781937,0.088486111,0.346689201,0,0.295094102,0.137580857,0,0,0,0,0,0.042691379,0,0,0.133570759,0,0,0,0,0.030781937,0.174910879,0,0,0.148449497,0.050138652,0,0,0,0.177478831,0,0,0,0,0,0,0.505353561,0,0,0,0,0.327816944,0,0,0.145210592,0,0.057576556,0,0.093835228,0.161529439,0.121579775,0,0.110298248,0,0,0.171054595,0,0,0,0,0,0.053783571,0,0.127645093,0,0,0.067267388,0.196623993,0,0,0.135249436,0,0,0,0,0
0,0,0.227366648,0,0,0,0,0.026163323,0,0,0,0.022728876,0,0,0,0,0,0,0,0.216877418,0,0,0.147733474,0.037899112,0.041921548,0,0,0,0,0.038229265,0,0.048610884,0,0,0,0,0,0,0,0,0.316864282,0.175428115,1,0,0,0,0.025145994,0,0,0.138317465,0.034918355,0,0,0,0,0.036914188,0,0,0,0.100696695,0,0,0,0,0,0,0,0,0,0,0,0,0,0,0,0,0,0,0.124905165,0,0,0,0,0,0,0.032633198,0,0,0,0,0.076430019,0,0,0,0,0,0,0,0.048313415,0,0,0,0,0,0,0,0,0,0,0,0,0,0,0.051911907,0,0.029231607,0,0,0,0,0.506681622,0,0,0,0,0,0,0,0,0,0,0,0,0,0,0.023160421,0,0,0,0,0,0.054345615,0,0,0,0,0.141309356,0,0,0,0,0,0,0,0.032496551,0,0,0,0,0,0,0,0,0,0,0,0,0,0,0,0,0,0,0,0,0,0,0,0.211883509,0,0,0,0,0,0,0,0,0,0,0,0,0,0,0,0,0,0,0,0,0,0,0.045589657,0,0,0,0,0,0,0,0,0,0,0,0,0,0,0,0,0,0.024682181,0,0,0,0,0,0,0,0,0,0,0,0,0,0,0,0,0.073340938,0,0,0.092729337,0,0,0,0.048601035,0,0,0,0,0,0,0.03706102,0,0,0,0,0,0,0,0,0,0,0,0.043313995,0,0,0,0,0,0,0,0
0,0,0,0,0,0.245796012,0,0.191677141,0,0,0.195196505,0.181052521,0.312693397,0,0,0.059503439,0.15769112,0,0,0,0,0,0.285922136,0.109421634,0.118760094,0,0,0.160729696,0.117374636,0.109635958,0.145092726,0.070716956,0,0,0,0,0,0.102423382,0.277471015,0,0,0,0,1,0.29903091,0.264943949,0.198615405,0.187802863,0.300176287,0.065433852,0.177280794,0,0.063855994,0.189397194,0,0.204938042,0,0.278418618,0.085848524,0.345624215,0.326474542,0,0.131040897,0,0.150915031,0,0.235091099,0.212641169,0,0,0.280313963,0,0.237803108,0.274866556,0.25129632,0.272524723,0.215821601,0.387328317,0,0.288765522,0,0.215936139,0.202332574,0,0,0.183811305,0.188018398,0,0,0,0.102023738,0,0.193730812,0.287018221,0.16024976,0,0.259910315,0.442218577,0.174810705,0.256923794,0.087280958,0.187696516,0,0.193301501,0,0.228982586,0.121133796,0,0.049332523,0.117187582,0,0.356641312,0.189674084,0.274393763,0,0.189039586,0,0.117198343,0,0,0,0.325221871,0.260388943,0.178960447,0.215617636,0,0.303504793,0,0.23893644,0,0.135073787,0,0,0,0.296711071,0.171469637,0,0,0,0,0,0.13714848,0,0,0,0.141514246,0.158218837,0.210285268,0,0.319923234,0.241004879,0,0,0,0.140695679,0.241756547,0.263739733,0.165652257,0,0,0.361573342,0,0,0,0,0,0.201101963,0,0,0,0.101915119,0,0,0,0.22726234,0,0,0,0,0.175968781,0,0.304946145,0.213624124,0.200960707,0,0,0,0.120670769,0.284147589,0.111965939,0,0.304530774,0.298979192,0,0.221526373,0,0,0,0,0.115842207,0,0.227770487,0,0,0,0.24923347,0,0,0.277186361,0.203498256,0.265687813,0.219029179,0,0,0.208794462,0,0,0,0,0.18176312,0.304285487,0.477935771,0,0.262439348,0.122015778,0,0.289949622,0,0.176784496,0,0,0,0.362578768,0,0,0.552633549,0.089446646,0,0,0.118079527,0,0.161656004,0,0.199480023,0,0.413574591,0,0.193408811,0,0,0.158001629,0,0,0,0,0,0.211805369,0.19254777,0.289883862,0,0.374899669,0.213840789,0.122831115,0,0,0,0.300339961,0,0.209778178,0.177526196,0
0,0,0,0,0,0.265230854,0.146375905,0.25065314,0.231513809,0.114506719,0.191505947,0.253468154,0.418769433,0,0,0.277241618,0.289693454,0,0,0,0,0,0.284624266,0.254733248,0.230395529,0.051865252,0,0.313878194,0.27802494,0.275984966,0.193892712,0.203339243,0,0,0,0,0,0.11072238,0.294567601,0,0,0.060672268,0,0.29903091,1,0,0.257959681,0,0.125943187,0,0.288019021,0.241914409,0,0.326438493,0.245179497,0.270505468,0.20493809,0.26072911,0.274713106,0.273832256,0.355473482,0,0.240684388,0,0.112259128,0,0.10025847,0,0,0,0.4549958,0,0.457794274,0,0.291521797,0.231178428,0.263820715,0.24700821,0.05084339,0.33118316,0.096661462,0.189356901,0.240896714,0.140343374,0,0.302168541,0.186117753,0,0.085737365,0,0.089357956,0.074735524,0.199151865,0.268035654,0.309651679,0,0.322228177,0.326767437,0.372954152,0.380085984,0.114692324,0.146104147,0,0.460713492,0,0.257854524,0.266745818,0,0.050706251,0.140570411,0,0.373756166,0.248820491,0.28245589,0,0.293417721,0.207540648,0.219096847,0,0,0,0.573812223,0,0.179178974,0,0,0.475022556,0,0,0,0.268268735,0,0,0,0.392720196,0.257674096,0,0.134667975,0,0.113302811,0,0.093565605,0,0,0,0,0.129707326,0.279679818,0,0.341667979,0.41063001,0.145168665,0,0,0.284285323,0.319586756,0.31984436,0.150296953,0,0,0.283421133,0,0.247444628,0,0,0,0.359410543,0,0,0,0.099246875,0,0,0.103345265,0.265849357,0.125745264,0.120868026,0,0,0.267250281,0,0.208509225,0.164733138,0.229387754,0,0,0.143126408,0.130424509,0.430101327,0,0,0.249448621,0.324123284,0,0.280482139,0,0,0,0,0,0,0.341895319,0,0,0.237399968,0.185130092,0,0,0,0.158645753,0.189376036,0.164411893,0,0.102085068,0.445028175,0,0.266056442,0.206648153,0,0.256867299,0.402351813,0.354933078,0,0.469520373,0.286149859,0,0,0,0.16909304,0,0,0,0.385545697,0,0,0.394536687,0.0503478,0,0,0.213104872,0,0.165471582,0,0.291039629,0,0.258106017,0,0.19775771,0,0,0.291696368,0,0,0,0,0,0.267013777,0.149026861,0.285685023,0,0.346629021,0,0.215371694,0,0.152136502,0.094922308,0.268710301,0.119922475,0,0.180457707,0
0,0,0,0,0,0,0,0.062260807,0,0,0.550398316,0.05421802,0.126258919,0,0,0,0,0,0,0,0,0,0.196258709,0,0,0,0,0,0,0,0.077705711,0,0.565601366,0,0,0,0,0,0.086296046,0,0,0,0,0.264943949,0,1,0.036270052,0.312366686,0.114869722,0,0.082589716,0,0,0,0,0.087189411,0,0.187436626,0,0.137952421,0.068063427,0,0,0,0.128719344,0,0,0.387688343,0,0,0,0,0,0.660169582,0.067991797,0.120396014,0.065507167,0.264596346,0,0.086982059,0,0.134500317,0,0,0,0.07730754,0.31296341,0,0,0,0,0,0.118924406,0.302629489,0,0,0.114006119,0,0.044643436,0,0.114611176,0,0,0,0,0.08503499,0.163079788,0,0,0,0,0,0.062604469,0.121350585,0,0.027370623,0,0,0,0,0,0,0.582396901,0.476558085,0.397697676,0,0,0,0,0,0,0,0,0,0.11818612,0.055230738,0,0,0,0,0,0.076817974,0,0,0,0,0.122719647,0.379927929,0,0,0.254276415,0,0,0,0.030358574,0,0,0,0,0,0.114232851,0,0,0,0,0,0,0,0,0,0,0,0,0,0.142571387,0,0,0,0,0,0,0,0,0.057314664,0,0,0,0.267863688,0.07653785,0,0,0,0.149665995,0,0.044133458,0,0,0,0,0,0,0,0,0,0,0,0,0,0.673711724,0,0,0,0,0,0,0,0,0,0,0.058797009,0.06282039,0,0,0,0,0,0.754427591,0,0,0,0,0,0,0,0,0,0,0,0,0.083143489,0,0.246147286,0,0,0,0,0,0.093262507,0,0,0,0,0,0,0,0,0.090450938,0,0.059471681,0,0,0.391694573,0.04016199,0,0,0,0.134814826,0.092574392,0.37827587,0,0
0.033650932,0.033366752,0.12193755,0.091971631,0.022932678,0.442022829,0.027616939,0.818105716,0.055992993,0.019838448,0.100770734,0.883569645,0.41341691,0.027815654,0,0.498264163,0.2043264,0.060227607,0.036703379,0.14204207,0.034334339,0.059793258,0.253375628,0.535555051,0.522591355,0.16849049,0.099279987,0.456279099,0.360176557,0.574464023,0.455182329,0.527353284,0,0.019718173,0.098181899,0,0.099156048,0.428599867,0.727080505,0,0.11424432,0.082407049,0.025145994,0.198615405,0.257959681,0.036270052,1,0.096718171,0.291758032,0.255898646,0.697668969,0.047026672,0.212643108,0.440834503,0.094875231,0.603565083,0.326590083,0.243663774,0.40616599,0.387313666,0.573523205,0.026226097,0.277105151,0.031941858,0.369652658,0,0.350308228,0.116087541,0,0,0.158497045,0,0.608917661,0.036450186,0.577220135,0.500425454,0.742294979,0.266118885,0.306530108,0.453348252,0.037952517,0.396309097,0.638499938,0.256776877,0.08865238,0.785387391,0.156665524,0.039909468,0.041561433,0,0.430449337,0.08924632,0.27541365,0.228316406,0.761519837,0.050337054,0.528384112,0.133650601,0.630030459,0.410342432,0.239813799,0.18873581,0,0.173290313,0.166510488,0.341228065,0.312727601,0.067509727,0.390003821,0.249287533,0.051435699,0.221437755,0.743687358,0.524922211,0.056321256,0.796077086,0.098425739,0.289654113,0.050461603,0.026827392,0.024545062,0.415897797,0.036183401,0.157460672,0.051326688,0.028083979,0.276436745,0.017032116,0.069311798,0,0.553160259,0,0,0.078729655,0.400338476,0.790617205,0.013032713,0.059171575,0,0.314350791,0.02212013,0.296242703,0.034334339,0.102162596,0,0.307811848,0.196396598,0.10625396,0,0.227333377,0.301910365,0.220364256,0.032205546,0,0.660320798,0.36806335,0.309600794,0.399624932,0,0,0.408064602,0,0.047231874,0.132313461,0.019718173,0,0.380423151,0,0.059304133,0.041734913,0.245027951,0.157265488,0.032199021,0.12088291,0.25501882,0.124830202,0,0,0.140404141,0.626958353,0.032387113,0.042561528,0.131333601,0.511662528,0.181383638,0.041978498,0.257572866,0.298682306,0.516054729,0.047447711,0.008134367,0.232293464,0.497508127,0.059866629,0.842276567,0,0,0,0.032030704,0.029863544,0.031801234,0.672627532,0.062452204,0.027140221,0.062876638,0.07257734,0.028337742,0,0.036490685,0.176784059,0.038658476,0.131526979,0.034763817,0.0182604,0.533515946,0,0.29329757,0.11113296,0.017032116,0.802267103,0.678883093,0.11252858,0.031394932,0.101479509,0.39035849,0,0.036703379,0.031040534,0.161723342,0.065506148,0.016236404,0.136856271,0.409467939,0.027798633,0.023821073,0.080795377,0.404520868,0,0.015775582,0.295721437,0.087462013,0.154798787,0,0.608580414,0.154705308,0.259829074,0,0.439123126,0,0.01376012,0.588202816,0.143207726,0,0.027289742,0.014957346,0.028856109,0.589166965,0.118399387,0.598605273,0.027815654,0.263721482,0.063706366,0.528831408,0,0.027815654,0.15994732,0.470120122,0.291807522,0.099884858,0.502326773,0
0,0,0,0,0,0.034780412,0,0.100347352,0,0,0.219779012,0.111174566,0.105590134,0,0,0.123989566,0.161980758,0,0,0,0,0,0.150474042,0.071528119,0.078274634,0,0.285351068,0.107123287,0.160912845,0.069281743,0.244056305,0.067090979,0,0,0,0,0,0.131420626,0.100403756,0.167576215,0,0,0,0.187802863,0,0.312366686,0.096718171,1,0.169656434,0,0.151294118,0,0,0,0,0.186364212,0.096885242,0.145233035,0,0.113646369,0.107124536,0,0,0,0.214622362,0,0.126178474,0.242145955,0.053139338,0,0,0,0,0.326252403,0.195043805,0.184528281,0.121814393,0.128367979,0.143769538,0.160530501,0,0.193647165,0.067544834,0.124493077,0,0.122957222,0.437580371,0,0,0,0.130727915,0,0,0.142736435,0.051942208,0,0.175681702,0,0.066732217,0.11064224,0,0,0,0,0,0.165001897,0.130169063,0,0,0,0,0,0.105668272,0.065981803,0,0.056483817,0,0,0,0,0,0.111880205,0.306054556,0.346966968,0.24601323,0,0,0,0,0,0.089411925,0.107159539,0,0,0.099884337,0.121421823,0,0,0,0.155328981,0,0.150680764,0,0,0,0.13940224,0,0.416019947,0,0.12095295,0.216324491,0.271053082,0,0,0.062234213,0,0,0.02446338,0,0,0.16885733,0,0,0.247928387,0,0,0.124344277,0,0.04106651,0,0,0,0,0,0.203163959,0,0,0,0,0.069618743,0,0,0.089772064,0.148256423,0,0,0.222288802,0.365123379,0.068419201,0,0,0.02292675,0.259028508,0,0.104054437,0,0,0,0,0,0,0.063421143,0,0.358777055,0,0,0,0,0.329525817,0,0,0,0,0,0.083191283,0,0.146942997,0,0,0.118768649,0.118874359,0,0,0.040046973,0.200519035,0,0.347722379,0,0,0,0,0,0,0,0,0,0.011832256,0,0,0.161938236,0,0.309992231,0.054840391,0.067079109,0,0,0,0.229496601,0,0,0.138043738,0.034330106,0.02307124,0.269488431,0,0,0.195602254,0.070634954,0.153364984,0,0,0.308998733,0.07744062,0,0,0.027236989,0.182580374,0.151336195,0.238440264,0.08894174,0
0,0,0.116321382,0,0,0.27502531,0,0.272504401,0,0.064152715,0.099461184,0.26184067,0.257109821,0,0,0.167046829,0.13522513,0.098064451,0,0.05664773,0,0,0.159206321,0.196554226,0.21284828,0.256097417,0,0.220710068,0.040483329,0.210703512,0.262529814,0.118145596,0,0,0.088385294,0.066472198,0,0.229294687,0.273605809,0,0,0.271236335,0,0.300176287,0.125943187,0.114869722,0.291758032,0.169656434,1,0.128612305,0.225397714,0,0.147044321,0.036109867,0,0.198811756,0.10635836,0.235343766,0.191922118,0.244951243,0.506841657,0,0.081889716,0,0.213661928,0,0.172589248,0.192348326,0,0.03486578,0,0,0.206531016,0.116696191,0.578330652,0.442888473,0.469805013,0.075220472,0.062446362,0.407724191,0.064521405,0.184569114,0.198727901,0.203743472,0,0.266063513,0.097563266,0,0.05447999,0,0.157967909,0.101303916,0.044522921,0.128296292,0.258963562,0.161138939,0.46204293,0.060530662,0.190370461,0.061329743,0.053484065,0.10092763,0.06228339,0,0,0,0.146690334,0.106000877,0.206255417,0.221180007,0.102221967,0.083348264,0.230575086,0.322429699,0.096965583,0.275099579,0.173742837,0.076260874,0.06173201,0.058429628,0.069842431,0.164420798,0.114005069,0.216920932,0.139635825,0,0.136152568,0,0,0,0.076206955,0,0,0.063505295,0.257421899,0.290659966,0,0.067168451,0.062614505,0,0.14260348,0.490919248,0,0,0.136869859,0.150095499,0.090161641,0.230510342,0,0.308907315,0.207902571,0.069862306,0,0,0.166827417,0,0.069613684,0.252744379,0,0.037209331,0.446956483,0,0,0,0,0,0.14018365,0,0,0,0.44369231,0.33124242,0,0.054789814,0.39673007,0.056563306,0,0.066472198,0.105059567,0.286667953,0,0.127232813,0.059471865,0.603659092,0.045296711,0.135661768,0,0.131635233,0.103210415,0,0.047685647,0.119011483,0.285419785,0.093199628,0.276493944,0.040695077,0,0.041313019,0.070162802,0,0,0.177033539,0,0.088098586,0,0,0,0,0.117112309,0.125712001,0.245613317,0.109338109,0.055792909,0,0.191445284,0,0.047152152,0.097741805,0,0.281773191,0.320482635,0.111646537,0,0,0.144822794,0.032301368,0.119331657,0,0,0,0,0.211628995,0.279382103,0,0,0.119541716,0.188861772,0,0,0,0.059519178,0.309684523,0,0.154972639,0.167185543,0.256993338,0,0.616212941,0,0,0.205633488,0,0.031943195,0.089693804,0,0,0.416815632,0.102313758,0.581368906,0,0,0.193995469,0.197081393,0,0,0,0.178176733,0.087518159,0.103113289,0.327810232,0
0.166740633,0,0.533884422,0.124345453,0,0.250344425,0,0.286339967,0,0,0,0.251068002,0,0,0,0.128020565,0,0.158956679,0,0.092245437,0.184985129,0.165322383,0.182463166,0.245740941,0.223296363,0.305512617,0.287158575,0.186546987,0.155803463,0.19801498,0.292331187,0.322670322,0,0,0,0,0.169066909,0.153850426,0.202145054,0,0.246401466,0.343931992,0.138317465,0.065433852,0,0,0.255898646,0,0.128612305,1,0.213857452,0,0.189722995,0.193035408,0.157943371,0.25342597,0.297798396,0,0.246337172,0.400647516,0.276993351,0.143904435,0.16588305,0,0.436438749,0,0,0,0,0,0,0,0.062978053,0,0.082426861,0.124258504,0.132477151,0,0.234682686,0.229843955,0,0.243288766,0.333947294,0,0.147638236,0.20952499,0.11261632,0.212379559,0.153105998,0,0.27859642,0.247692539,0,0.0849893,0.087857528,0,0.109131934,0,0.179508262,0,0,0,0,0,0.288546804,0.173749239,0,0.169323925,0.500002062,0.239716954,0,0,0.14526365,0.234709688,0.132635749,0.158281201,0,0.173018366,0,0.136502253,0.121901107,0,0,0,0,0,0.086485078,0,0.146859465,0,0.187755999,0,0,0.149963945,0,0.257619169,0,0.154175852,0,0.23984259,0,0.323675887,0.184985129,0.16398438,0,0.47711864,0.27094791,0,0,0,0.285830135,0.183303684,0.170067394,0,0.164449348,0.099944926,0.107565698,0.275241485,0,0.063123922,0.180787692,0,0,0.270912628,0,0,0.410018657,0,0.160963209,0,0.097540924,0,0.169885596,0.112244444,0,0,0,0,0.456479414,0.178252817,0.17525571,0,0,0.10481046,0.342604551,0,0.180725492,0.173093149,0.282888074,0.16939508,0,0.219636208,0.104892248,0.149997855,0.244372182,0,0,0,0.165302543,0,0.209979725,0.31283709,0,0,0,0,0,0,0,0,0,0.136494709,0,0,0.046917534,0,0.092346617,0.113487619,0,0.246527317,0.252162581,0,0,0,0.462326103,0,0,0,0.142308467,0,0,0.225852671,0.130320726,0,0,0,0.351715842,0,0,0.203501983,0,0,0,0.251959984,0.296436537,0.107066894,0,0.07666119,0,0,0.215322477,0.241595112,0,0,0,0,0.161469259,0.123725495,0.077917188,0,0,0,0.333246521,0,0,0.323068179,0.163212726,0.324935269,0,0.268586564,0
0.046288436,0.046259071,0.164298968,0.14736831,0.031858766,0.399545377,0,0.697745383,0.086915375,0.029872405,0.203771772,0.725474164,0.382543244,0,0,0.541812889,0.22082259,0.064745305,0.050851575,0.156061329,0.047591469,0,0.304379503,0.565675246,0.566200322,0.196379492,0.135880368,0.453765238,0.3873341,0.560436229,0.51342147,0.463524271,0.033401594,0.018241823,0.054896657,0.027876597,0.134908551,0.349959194,0.670833206,0.022772368,0.032473691,0.143511389,0.034918355,0.177280794,0.288019021,0.082589716,0.697668969,0.151294118,0.225397714,0.213857452,1,0.064911919,0.130266362,0.467926437,0.116320939,0.591280458,0.380656583,0.269892222,0.383841966,0.370260468,0.46344794,0.036410474,0.130478808,0,0.367714622,0,0.222266421,0.04780353,0,0,0.195463681,0.019183297,0.47047503,0.066363981,0.5010961,0.515265,0.632577917,0.343665097,0.329263599,0.372116917,0.025041773,0.42019769,0.485322738,0.303404057,0.041336404,0.661787093,0.192871088,0.055258744,0.043304199,0,0.419876629,0,0.287725476,0.238966344,0.634084815,0.042267024,0.476042573,0.152829529,0.621286765,0.426297243,0.189249317,0.169844721,0,0.200370461,0.224962472,0.40644941,0.32449823,0.092970633,0.369704023,0.262420405,0,0.220285851,0.611043215,0.528391652,0.077732226,0.68800209,0.062149898,0.351796107,0.052458328,0,0.052239762,0.345599556,0.088901758,0.217211946,0.087846363,0.018000717,0.2101815,0.023689046,0.089362427,0,0.507588218,0,0,0.07833588,0.407971103,0.688767838,0.018988382,0.081275761,0,0.336140703,0,0.262009071,0.047591469,0.130341305,0,0.178103379,0.241609702,0.144660331,0,0.22262964,0.329670679,0.237766826,0.044561199,0.023372317,0.662860736,0.439875717,0.385758806,0.216302776,0,0,0.317118696,0,0.065303538,0.092612821,0,0,0.367661382,0,0.058810564,0.018845691,0.164033517,0.080682216,0.060618858,0.11636156,0.189986172,0.076058379,0.030288266,0.027876597,0.101169471,0.505391361,0.04490956,0,0.162809038,0.449204651,0.095005022,0,0.193030967,0.403932553,0.424252644,0,0.020046776,0.154791067,0.456118333,0.041982091,0.670185661,0,0,0,0.044227162,0,0.04379086,0.684221432,0.041904965,0.037591775,0.064582386,0.136271296,0,0,0.066465911,0.136461146,0,0.049751097,0.049837287,0.025391253,0.567055337,0,0.288498498,0.151548485,0.023689046,0.70034914,0.600515129,0.089415357,0.043542243,0.138651274,0.419187783,0,0.050851575,0.042863507,0.18292841,0.089820183,0,0.240410397,0.31989605,0,0.016082396,0.057921851,0.385506403,0,0.021946836,0.389546886,0.093405942,0.152845912,0,0.516888434,0.133724806,0.268139069,0.04004108,0.304707416,0,0.019111622,0.664413759,0.05997021,0,0.037879238,0,0.04004108,0.600058236,0.014564381,0.526998018,0,0.238937393,0.047863893,0.490727982,0,0,0.061859401,0.404217604,0.272696346,0.173288187,0.418759306,0
0,0,0,0,0,0,0,0.048898603,0.72967465,0,0.439976824,0.042569651,0.164580522,0,0,0.081317423,0,0,0,0,0,0,0,0.070324767,0,0,0,0,0.187971131,0.070923089,0.100998717,0,0,0,0,0,0,0,0.067833958,0,0,0,0,0,0.241914409,0,0.047026672,0,0,0,0.064911919,1,0,0,0,0.068538395,0.136152222,0.245219698,0.124906517,0,0.088415466,0,0.214445416,0,0.167812304,0,0,0,0,0,0.421651987,0,0.096003079,0,0.088322042,0.094754604,0.051454231,0.209328708,0,0.113118022,0,0.175409372,0.090289292,0,0,0.060748842,0.412537915,0,0,0,0,0,0,0.239747105,0.067676908,0,0.089704999,0,0.089082668,0,0,0,0,0,0,0,0.213044089,0,0,0,0,0,0.055939836,0.095509152,0,0.054530219,0.534928054,0.184733257,0,0,0,0,0,0.379926359,0,0,0.247042034,0,0,0,0,0,0,0,0.1539835,0.049338036,0.146152905,0,0,0.170155322,0,0,0,0,0,0,0,0.502835311,0,0,0.201089378,0.253831847,0,0,0.06049953,0.182737272,0.205102758,0,0,0,0.148797824,0,0.915427977,0,0,0,0.183551091,0,0,0,0,0,0,0,0.186024727,0,0,0,0,0.077688487,0,0,0,0.074405208,0,0,0.247653002,0.211938601,0.099473884,0,0,0,0.117914844,0,0.057248787,0,0,0,0,0.04548744,0,0.084199662,0,0,0.791529042,0,0,0,0,0,0,0,0,0,0.11417496,0,0,0.529038885,0,0.046172457,0.081579303,0,0,0,0.173666766,0,0,0,0.33727029,0,0.140074072,0,0,0,0,0,0,0,0,0.166490791,0,0.323163298,0,0.089597357,0,0,0,0.121330846,0,0,0.068804842,0,0,0,0,0,0.071110563,0,0.077215296,0,0,0,0.09113859,0,0,0,0.106157577,0.185535727,0,0,0
0,0.23313834,0,0.089163369,0,0.288365064,0,0.202527544,0.103346646,0,0,0.204664772,0.168445492,0,0,0.221775906,0,0,0,0.145465632,0,0,0,0.186434355,0.218938376,0.091957148,0,0.11341009,0.155723111,0.149025591,0,0.261437267,0,0,0,0,0,0.412692013,0.235960607,0,0,0,0,0.063855994,0,0,0.212643108,0,0.147044321,0.189722995,0.130266362,0,1,0.206537658,0,0.119988444,0.208881625,0,0.128646718,0.168762317,0.137246585,0.187317594,0,0,0,0,0.211535766,0.164276025,0,0,0.071051523,0,0.113606354,0,0.243836688,0.052249582,0.184457801,0,0.35609719,0.060457608,0,0,0.325784725,0.079168797,0,0.133546182,0,0,0,0,0.443483767,0,0.269825088,0.095277589,0.270763918,0,0.097359678,0,0.319374022,0.20218336,0.104513801,0,0,0,0,0.133114163,0.164712443,0,0.286544027,0,0.203271613,0.113578291,0.151033197,0.230728034,0.168664891,0.260541431,0,0.141274996,0,0,0,0.125631912,0,0,0,0.188962806,0.097197109,0,0,0,0.241456931,0,0,0,0.077028046,0.168949731,0,0,0,0.228329965,0,0.04918342,0,0,0,0.173239166,0,0,0,0,0,0.109794947,0,0.116861519,0.206765803,0.140166859,0,0.293993011,0,0,0.249358318,0,0,0,0,0,0.083459596,0,0,0.190293016,0.232030618,0.135355058,0,0,0.08860686,0,0,0,0.072778081,0.193630767,0,0,0.144665434,0.082966516,0,0,0,0,0,0.098689357,0,0,0.188492334,0.190262705,0.217314348,0,0,0,0,0.101688543,0,0.164237125,0,0,0,0,0,0,0,0.280998932,0,0,0,0,0.218418607,0,0.351748468,0.138869513,0,0.192219578,0.17048264,0,0,0,0.190664267,0,0,0,0,0,0,0,0.147513034,0,0,0,0.062073731,0,0,0,0,0.127778999,0,0.145428686,0.150153885,0.114325673,0,0.155392299,0,0,0.16850196,0.161520689,0,0,0,0,0.079763303,0,0.130284724,0,0.129991166,0,0.135107116,0,0,0.067513905,0.057406552,0,0,0.327762045,0
0.13915193,0.097292401,0.209880556,0.247205544,0,0.309155189,0.079862547,0.473970432,0,0,0,0.425543418,0.329248841,0,0,0.47206445,0.221131154,0.09188443,0.106674758,0.215221285,0.10001946,0,0.38791987,0.53820105,0.613823653,0.295934952,0.167203584,0.63278738,0.556018939,0.635667257,0.45617102,0.663579803,0,0,0,0,0.146762765,0.229650774,0.39805027,0,0,0.194888587,0,0.189397194,0.326438493,0,0.440834503,0,0.036109867,0.193035408,0.467926437,0,0.206537658,1,0.23360576,0.512727831,0.516068608,0.074716541,0.530178873,0.273671201,0.216934804,0,0.179976791,0.069265208,0.237719255,0,0.236728588,0,0,0,0.185832219,0,0.281616542,0.033210731,0.159287551,0.233142912,0.247084251,0.461289449,0.300888419,0.287924285,0,0.244929001,0.32408742,0.397490031,0,0.500613509,0.069642898,0,0.155514364,0,0.328937688,0,0.338436719,0.234710738,0.464245037,0,0.267490101,0.295946802,0.352195754,0.51662395,0.110555859,0.319729487,0,0.372033764,0.333419344,0.429717817,0.258981599,0.095255746,0.220238281,0.31909714,0.078752669,0.392471343,0.402795744,0.327056596,0,0.485304464,0,0.351858238,0,0,0,0.471541386,0,0.091313425,0,0.080893557,0.319570061,0,0.102518773,0,0.635920697,0,0,0.08880613,0.250043528,0.459412596,0,0.22539399,0,0.227920516,0.063822894,0.214799606,0.10001946,0.081780316,0.129285992,0,0.266203663,0,0,0.259489843,0.252820527,0.059301259,0.092995928,0,0.49113746,0.451811435,0.463297681,0.216208306,0,0,0.069946139,0,0,0.081218089,0,0,0.3613581,0,0.090206002,0.081136358,0,0,0.092941542,0.062583413,0.066388672,0.132099943,0,0,0,0.296817561,0.094526131,0,0.27070832,0.15028057,0.085898594,0,0.067059829,0.257714994,0.383203968,0,0,0.212185392,0.344112363,0,0.432146924,0,0,0,0.154461689,0,0.089702777,0.467195832,0,0,0,0.258475021,0,0,0,0.178007677,0,0.096978573,0,0,0.359844515,0,0.474848472,0,0,0.479012833,0.381196207,0.110490079,0,0.275796987,0.408926895,0,0,0,0.146106418,0.248270596,0,0.305060525,0.244735094,0,0.10241069,0.117526622,0.399721226,0.048351268,0,0.281749354,0.104117436,0,0,0.554134125,0.084048166,0.305474607,0,0,0.046583457,0,0.534201637,0.082100772,0,0,0,0.084511405,0.295175683,0.027578451,0.248167705,0,0.306289713,0,0.465905934,0,0.081547225,0.137965192,0.330353372,0.111206076,0.093524775,0.151295459,0
0.397291794,0,0.2343438,0,0,0.189069282,0,0.088225853,0,0,0,0.086047548,0.080827442,0,0,0.103370793,0.054503111,0.35578003,0,0,0.519333967,0,0.288380775,0.089813638,0.138308515,0.149412305,0.34238053,0.193604153,0.202844182,0.090554796,0.069853707,0.113521071,0,0,0,0,0,0.147270804,0.039147678,0,0,0.191700146,0,0,0.245179497,0,0.094875231,0,0,0.157943371,0.116320939,0,0,0.23360576,1,0.048056181,0.160451445,0,0.15591276,0.12047607,0.044813646,0,0,0,0.112906125,0,0.037340453,0,0,0,0,0,0.103254254,0,0.044768054,0,0.026491791,0,0,0,0,0,0.062727964,0.101106819,0,0.109053746,0,0,0.11189345,0,0,0,0,0,0.073663894,0,0,0,0.096090091,0.088505988,0.045196968,0,0,0.372984132,0.248435557,0,0,0.41227878,0.144964507,0.125205524,0,0.16491336,0.02860263,0.054479287,0,0.059687317,0,0,0,0,0,0.16901128,0,0,0,0,0,0,0,0,0.159360853,0,0,0.313678965,0,0.078429939,0,0.312640065,0,0,0,0.069085556,0.519333967,0,0,0,0,0,0,0,0.039948641,0,0,0,0.03502395,0,0.111849368,0,0,0,0,0,0,0,0,0,0.212161081,0,0,0,0,0,0,0.203875856,0,0,0,0,0,0.044648054,0,0,0,0,0,0,0,0.140077761,0.056646575,0,0,0,0,0,0.069735984,0,0,0,0,0,0,0.101400104,0,0,0,0,0,0,0,0,0,0,0,0,0.121869676,0,0.122369057,0,0,0.083404476,0.145160246,0,0,0.238032677,0.116567176,0,0,0,0,0,0,0.195320466,0,0,0,0,0.157170724,0,0,0,0,0,0,0.062265362,0.261408637,0.170658407,0,0,0,0,0.123093313,0,0,0,0,0,0,0,0,0,0.05136172,0,0.055893565,0,0,0.258389027,0,0,0,0,0
0.087992201,0.048886981,0.212374105,0.132032176,0,0.269961068,0.040381151,0.704987991,0.067677015,0,0.183778317,0.68182444,0.441333163,0,0,0.57045566,0.2216514,0.048149571,0.053733204,0.208162446,0.050293122,0.039844009,0.318722529,0.619599595,0.496226062,0.243758553,0.1432263,0.470535908,0.41815553,0.655637224,0.632143459,0.65880421,0.035312291,0,0,0,0.186124868,0.324190809,0.595982997,0.024079361,0.072067279,0.16364664,0.036914188,0.204938042,0.270505468,0.087189411,0.603565083,0.186364212,0.198811756,0.25342597,0.591280458,0.068538395,0.119988444,0.512727831,0.048056181,1,0.516077904,0.326320551,0.474511359,0.385038922,0.481717119,0,0.256194101,0,0.423688665,0,0.207972632,0.080797779,0,0,0.205562303,0.00729517,0.363502166,0.053192279,0.383010261,0.521616458,0.533690773,0.414399019,0.296915763,0.460240028,0,0.391383595,0.497494854,0.253458065,0.066157102,0.686430088,0.202802782,0.058382635,0.081004796,0,0.371997261,0,0.267234799,0.337120161,0.438421158,0,0.535633717,0.179216375,0.493897145,0.441405354,0.195517891,0.266723131,0,0.140436272,0.236513308,0.448942233,0.352074782,0.098118891,0.275502087,0.267364258,0,0.195263738,0.649199047,0.53070019,0,0.577237187,0.065466441,0.435548917,0.044880894,0,0.046062893,0.312315135,0.093835788,0.228251933,0.050506501,0,0.293830569,0,0.094167133,0,0.446755222,0.016129861,0,0.05842779,0.356440656,0.738962899,0,0.077216562,0,0.354904779,0.032325964,0.345680756,0.050293122,0.167153915,0.079566032,0.184200622,0.322944424,0.152320097,0,0.275698175,0.405235056,0.246458696,0.047073745,0,0.678235252,0.41826898,0.38099141,0.303126807,0,0,0.315994529,0.021322178,0.068975142,0.097477615,0,0.013180372,0.403213384,0,0.046348133,0,0.145389337,0,0.064035789,0,0.336868518,0.128235729,0,0,0.084359388,0.465942809,0.047462669,0.057596076,0.207629334,0.43578408,0.134801079,0,0.236116729,0.428844871,0.518432723,0,0,0.219274932,0.568946642,0.042846453,0.606127431,0,0,0,0.078790936,0.007170577,0.069439121,0.560326325,0,0.055756871,0.068171117,0.177766887,0.041568217,0,0.070200495,0.165096749,0.056032321,0.143565027,0.023777487,0,0.342683105,0,0.282364998,0.112590418,0,0.727649726,0.503846939,0.113311968,0.04601945,0.111416878,0.471502842,0,0.053733204,0.078182406,0.230520112,0.129877031,0,0.174387124,0.266819507,0,0,0.117063407,0.361444249,0.024063488,0,0.481252216,0.098501051,0.153368822,0,0.649066562,0.137193074,0.254253794,0.042323407,0.241617225,0.023617434,0,0.739001237,0.082618324,0,0.040040858,0.034519892,0.042323407,0.658429196,0.088229809,0.531686134,0,0.210008128,0.07608385,0.663873819,0,0.040807419,0.088877909,0.611980936,0.281906442,0.182458506,0.339432938,0
0.141122741,0.098755229,0.387053179,0.180263375,0,0.161782643,0.081048012,0.465223365,0.132794652,0,0.190357981,0.358224367,0.285395426,0,0,0.597435372,0,0.09315019,0,0.266950778,0.101521102,0,0.176576156,0.622693966,0.487310393,0.415146899,0.275727989,0.530060052,0.432499444,0.585838908,0.555753663,0.589225213,0,0,0,0.060154073,0.167090535,0.339300502,0.305070392,0,0,0.31687393,0,0,0.20493809,0,0.326590083,0.096885242,0.10635836,0.297798396,0.380656583,0.136152222,0.208881625,0.516068608,0.160451445,0.516077904,1,0.156794475,0.507478688,0.133477962,0.186684998,0,0.092394618,0,0.317663115,0,0.123913641,0,0,0,0.117211666,0,0.178717646,0,0.269278519,0.249639042,0.251343436,0.139565054,0.317925822,0.253851755,0,0.206313404,0.433736929,0.324011316,0.043343634,0.432424647,0.283944071,0.117354532,0.157684174,0,0.272078242,0,0.132564772,0.362106603,0.262779261,0,0.145176004,0.034329402,0.331325376,0.292472439,0.120346139,0.067956801,0,0.060320116,0.251367305,0.322402555,0.207585232,0.096616781,0.291194158,0.141027792,0.079883333,0.063715979,0.320231048,0.257377003,0,0.360821684,0.124542924,0.317542317,0,0,0.063703423,0.205276784,0.081335295,0.11373926,0,0.082086996,0.331886024,0,0.076469752,0.035707145,0.443869218,0,0,0.089987954,0.079025444,0.453781708,0,0.15060571,0,0.397847417,0.064766961,0.353717245,0.101521102,0.173445978,0.194357663,0.153780836,0.140589918,0.122719374,0,0.095919232,0.205318384,0.301262201,0.094373217,0,0.460535728,0.218639499,0.166898033,0.258135849,0,0,0.077636869,0.043702142,0.137886623,0.182857866,0,0,0.446775608,0,0.091501315,0.082337025,0,0,0.094317208,0.113812612,0.139156443,0.144792265,0,0.060154073,0.147250333,0.196147495,0.095949464,0,0.131745369,0.194048431,0.090004539,0,0.179657052,0.321880668,0.298396723,0,0,0.082623591,0.25422043,0,0.350270117,0,0,0,0.156713282,0,0.165599621,0.338267713,0,0,0.13471048,0.139406837,0.084293336,0,0,0.078489525,0.063059196,0,0,0,0.250025849,0,0.428122628,0.124220977,0,0.446229319,0.287435146,0,0,0.066348345,0.492548311,0,0,0,0.259536528,0.14650719,0,0.244266622,0.11404047,0,0,0,0.48826421,0.049092539,0,0.445969294,0,0.108057167,0,0.419621657,0.184312671,0.139849966,0.08579073,0.168473758,0.047271129,0,0.52659552,0.083140001,0,0,0,0.08579073,0.23625097,0,0.218784038,0,0,0,0.5395571,0,0.082783618,0.139540355,0.420809788,0.211871522,0.074195026,0.195783492,0
0,0,0,0,0,0.068090863,0,0.292733465,0.234539222,0,0.460346111,0.258999685,0.362761722,0,0,0.317877058,0.191823729,0,0.199615607,0.136806764,0,0.141442291,0.113902541,0.215617784,0,0,0,0,0.198186057,0.138647852,0.283771249,0.13062912,0,0.037303369,0,0,0.133961344,0.182505265,0.320106731,0,0.147595143,0,0,0.278418618,0.26072911,0.187436626,0.243663774,0.145233035,0.235343766,0,0.269892222,0.245219698,0,0.074716541,0,0.326320551,0.156794475,1,0.387507835,0.246254496,0.367164115,0,0.421915128,0,0.334524354,0,0.194691756,0.159654851,0,0,0.189939677,0,0.137654445,0.192349033,0.271462771,0.464821938,0.306050379,0.394427646,0.103927976,0.389169356,0,0.206293919,0.266542147,0.150299549,0.142613741,0.2942253,0.333429924,0,0,0,0.047433707,0.027312634,0.082376931,0.336648097,0.164191793,0.161387036,0.367893716,0,0.16347184,0,0,0.284598959,0,0,0.144122386,0.075226056,0.412407313,0,0.072649998,0.058313547,0,0,0.294151214,0.338110245,0.158807409,0.257984406,0.209968655,0.45073064,0.157787136,0,0,0.144350275,0.330126673,0.320873748,0.161326936,0,0.333042847,0,0.130213077,0,0.055130112,0,0,0,0.430077367,0.263306642,0,0,0,0.292397714,0,0.124332282,0,0.119231251,0,0.076540703,0.178828789,0.363160189,0,0.232175097,0.429431737,0.331429836,0,0,0.31204179,0.290748929,0.228210225,0.124824031,0,0,0.407027533,0,0.250903844,0,0,0,0.11988568,0,0,0,0.101802095,0.113824842,0,0.095184565,0.610230677,0,0,0,0,0.347440144,0,0.211461553,0.106823508,0.353318362,0.118434381,0,0.239406083,0.382555184,0.305967161,0,0,0.231882445,0.406230925,0,0.288512164,0,0,0,0,0,0,0.208846327,0,0,0.240582234,0.124764141,0,0,0.193482187,0,0.191808241,0.282738729,0,0,0.212911694,0,0,0.209055201,0,0.232382189,0.304249148,0.17163779,0.172819059,0,0.11558877,0,0.199615607,0.280863953,0.352103097,0,0,0,0.158787232,0,0,0.191034194,0,0,0,0.362235857,0.148805861,0.296098125,0,0.26096909,0.124296314,0.336990349,0.15977184,0.29220161,0,0,0.277084665,0,0,0,0,0,0.40301684,0.256014455,0.394493597,0,0,0.160330161,0.371913115,0,0,0,0.361625888,0.178626821,0.574637536,0.238046403,0
0.12974483,0.090344518,0.248249787,0.162255409,0,0.096301564,0.07422592,0.483712962,0.122074921,0,0.10996184,0.412688047,0.242516705,0,0,0.663872942,0,0.085829335,0.099091752,0.264803682,0.092886338,0.085834831,0.067404641,0.607440804,0.349999637,0.353735467,0.156288086,0.353710203,0.459569603,0.519078685,0.550409165,0.551746276,0,0,0,0.054935923,0.152585916,0.177518166,0.378131075,0,0.078420899,0.231485641,0,0.085848524,0.274713106,0,0.40616599,0,0.191922118,0.246337172,0.383841966,0.124906517,0.128646718,0.530178873,0.15591276,0.474511359,0.507478688,0.387507835,1,0.167432539,0.203500178,0,0.36599343,0,0.359721532,0,0.180681733,0,0,0,0.1087803,0,0.198070304,0,0.181861636,0.324686213,0.29746291,0.323846601,0.23526917,0.330843235,0,0.255118793,0.328600613,0.492265661,0.157914258,0.389529133,0.173629975,0,0.081837614,0.053341769,0.184341678,0.101134615,0.063730843,0.285261814,0.334163677,0,0.284687709,0,0.25141191,0.205480262,0.053217434,0.324912211,0,0.063291033,0.248377482,0.271611435,0.275171683,0.088763863,0.217411939,0.29655201,0.073361729,0.11899464,0.421542272,0.337011145,0,0.416295191,0.115066493,0.586598436,0.081333571,0,0.058559568,0.23690261,0,0.19174067,0,0.075216093,0.376688957,0,0.080575468,0,0.471505721,0.052545235,0,0.083137437,0.306184341,0.48898287,0,0.210309212,0,0.319491406,0.059332742,0.411891281,0.092886338,0.076744412,0.114903453,0.093943792,0.293269868,0.113508156,0.053341769,0.208706891,0.422934087,0.218419809,0.086445971,0.052126623,0.517045241,0.321007317,0.33092364,0.186271494,0,0,0.183984241,0,0.126364704,0.153529421,0,0,0.309585557,0,0.084030104,0.075425964,0,0,0.086398975,0.100191086,0.252901886,0.066427936,0,0.054935923,0.12149456,0.421876427,0.087766682,0.105825754,0.137657114,0.311738831,0.150146959,0,0.280078508,0.430687029,0.402177815,0.086919837,0,0.211623203,0.395544353,0,0.397431786,0,0,0,0.143739628,0,0.110140692,0.378421246,0,0,0.123692042,0.078712301,0.07706438,0,0,0.073082065,0.158678675,0.261458249,0,0,0.226030627,0,0.322165304,0.114791622,0,0.476608636,0.278518377,0.094816151,0.085151367,0,0.350068821,0,0,0.142666726,0.192705816,0.096900608,0,0.416441623,0.107619073,0,0,0.100450334,0.324399786,0.044836393,0,0.414854324,0.176090613,0.100850902,0,0.416335672,0.0789532,0.219221495,0,0.187213595,0.12214056,0.028193688,0.546403776,0.1530478,0,0,0,0,0.313568347,0.161077728,0.328928506,0,0.037168424,0.044998839,0.59027574,0,0.07567902,0.199323705,0.358490863,0.283913633,0.162410828,0.253284849,0
0.125527863,0,0.297910458,0,0,0.396231116,0,0.374672247,0,0,0.116312403,0.343620909,0.350750063,0,0,0.082874851,0.366030793,0.121064751,0,0.073845906,0.135595788,0.123357496,0.515998862,0.195024529,0.266761298,0.178359993,0.119473685,0.303086944,0.156411006,0.24924605,0.275779341,0.28386894,0,0,0,0,0.234515743,0.1105049,0.403673577,0,0.191337227,0.162104955,0.100696695,0.345624215,0.273832256,0.137952421,0.387313666,0.113646369,0.244951243,0.400647516,0.370260468,0,0.168762317,0.273671201,0.12047607,0.385038922,0.133477962,0.246254496,0.167432539,1,0.494024604,0,0.076478691,0,0.293079359,0,0.152391103,0.226611907,0,0,0.332621674,0,0.338629158,0.140595131,0.338100644,0.35594941,0.288741617,0.273642456,0.129374269,0.352421256,0,0.3738636,0.431758656,0,0.221282813,0.384666723,0.11372526,0.15630603,0,0,0.307444941,0.105971429,0.262122279,0.196798014,0.284191703,0.11797159,0.442918521,0.380899204,0.456107672,0.295948118,0,0,0,0.323233742,0.228580135,0.45937575,0.085252747,0.126986379,0.339241981,0.311083869,0,0.380553636,0.300470866,0.454125461,0.11658724,0.303890186,0,0.153405518,0.116536156,0,0.091705776,0.331888253,0.136707238,0.110347023,0.123269111,0,0.107883679,0,0.246992454,0,0.25336181,0,0,0.115777056,0.39891341,0.35198488,0,0,0,0.082133166,0,0.247029197,0.135595788,0.170207468,0,0.23741842,0.330513014,0.121507603,0,0.286870511,0.308687797,0.241786759,0,0,0.296842405,0.407818914,0.278179235,0.385673034,0,0,0.417465649,0,0,0.148812266,0.052986682,0,0.315614684,0,0,0,0.32773222,0.182226403,0,0.04203682,0.146929802,0.098193164,0,0,0.286563852,0.341202911,0,0,0.130934662,0.295796781,0.202611302,0,0.16056283,0.236992607,0.37832045,0.125610918,0,0.290592204,0.28219925,0.111928372,0.430544183,0,0,0,0,0,0,0.420589543,0,0,0,0.143501259,0,0,0.141199582,0.219283141,0,0.106564098,0,0,0.220234203,0,0.089055832,0,0,0.346015321,0.44829348,0.143570561,0.124536499,0.275149704,0.305954213,0,0.144438376,0.11914066,0.226810074,0,0,0.094615361,0.516015158,0,0,0.155682238,0.303363596,0,0,0.268359756,0.111563053,0.191819121,0,0.338847649,0.428791654,0.312628522,0,0.242831183,0,0,0.311566882,0.103920583,0,0,0,0,0.39928459,0.09861796,0.396815606,0,0.387026722,0.179053816,0.296510978,0,0,0.186767538,0.338174756,0.185083126,0.22484712,0.359908715,0
0,0,0.065921021,0,0,0.447365642,0,0.580237621,0.086987219,0,0.191814139,0.586182694,0.416350215,0.052965504,0,0.2022164,0.296397792,0.04976192,0.069605553,0.060000162,0,0.112210981,0.304230312,0.270356963,0.303500832,0.152672119,0,0.298532068,0.193898667,0.33101978,0.415388692,0.25649456,0,0,0.113136642,0,0.069260971,0.298850208,0.56393253,0,0.153289904,0.028312526,0,0.326474542,0.355473482,0.068063427,0.573523205,0.107124536,0.506841657,0.276993351,0.46344794,0.088415466,0.137246585,0.216934804,0.044813646,0.481717119,0.186684998,0.367164115,0.203500178,0.494024604,1,0.049975149,0.362639699,0,0.455360925,0,0.291181734,0.118629758,0,0,0.259516436,0,0.474014345,0.068700551,0.651138655,0.552736571,0.622972474,0.286971089,0.095438176,0.723903149,0,0.455896852,0.495713608,0.074948164,0.107472256,0.588452946,0.141274447,0.075575057,0.032785179,0,0.265019408,0.181444646,0.227620869,0.262594918,0.488882303,0.057651019,0.552987078,0.264662132,0.43337224,0.263946958,0.067863974,0.124693107,0,0.21820289,0.128202172,0.25295312,0.317178544,0.063125952,0.364673226,0.282415386,0,0.270168391,0.52893014,0.478295311,0.105861322,0.443520917,0.122353403,0.221823972,0,0.079247487,0,0.364944063,0.120818748,0.183801918,0.064285388,0,0.226350036,0,0.178331554,0,0.256308667,0,0,0.038998356,0.427399637,0.560237919,0,0,0,0.284029203,0.041805511,0.31654227,0,0.117565793,0,0.413391076,0.174221605,0.225010763,0,0.321831837,0.420553459,0.250803393,0,0,0.40387778,0.328791884,0.364065106,0.447142404,0,0,0.548484371,0,0.089143616,0.056466807,0.012605878,0,0.345656688,0,0,0,0.339668353,0.209871672,0,0.089513731,0.477062863,0.087273035,0,0,0.207733067,0.511183534,0,0.074513469,0.117526712,0.598190456,0.270279962,0.041896976,0.20094708,0.157969049,0.553102503,0.06140056,0,0.367641004,0.49079285,0.055222727,0.65789224,0,0,0,0,0,0,0.520786043,0,0.051436891,0.087805213,0.125267538,0,0,0.068844559,0.151033482,0.071916883,0.172112523,0,0,0.373246939,0,0.053829363,0.201869125,0,0.519130891,0.664245595,0.144079031,0,0.186366523,0.310367403,0,0.069605553,0,0.248066793,0,0,0.029411018,0.44248673,0.052903825,0,0.150199287,0.27342336,0,0,0.198656514,0,0.316790891,0,0.483419444,0.172663631,0.292350086,0.054920501,0.477813054,0,0,0.377194227,0.101830461,0,0.051976615,0.035390434,0,0.63723394,0.230001824,0.635943709,0.052965504,0.25957933,0.158914646,0.444907753,0,0,0.16327715,0.475635447,0.320298136,0.17743798,0.37224638,0
0,0,0,0,0,0.086984335,0,0.02728652,0,0,0,0.023706402,0,0,0,0.045856716,0,0,0,0,0,0,0,0,0.043706269,0,0,0,0,0,0,0.05067302,0,0,0,0,0,0.080142165,0.038085609,0,0,0,0,0,0,0,0.026226097,0,0,0.143904435,0.036410474,0,0.187317594,0,0,0,0,0,0,0,0.049975149,1,0,0,0,0,0,0,0,0,0,0,0,0,0.049920819,0,0.028736318,0,0,0,0,0,0.051065573,0,0,0,0,0,0,0,0.079624124,0,0,0,0.037995496,0,0,0,0.050363257,0,0,0,0,0,0,0,0,0,0.096079216,0,0,0,0,0.054110194,0.628776853,0.030484492,0,0,0,0,0,0,0,0,0,0,0,0,0,0,0.050823482,0,0,0,0,0.024156281,0,0,0,0.098817443,0,0,0,0,0,0.124640449,0,0,0,0,0,0,0,0,0.033886967,0,0,0,0,0,0.085798654,0,0,0,0,0,0,0,0,0,0,0,0,0,0,0,0,0,0,0.043758488,0,0,0,0,0,0,0,0,0,0,0,0,0,0,0.032032431,0,0,0,0,0,0,0.047526749,0,0,0,0,0,0,0,0,0,0,0,0,0.065083247,0,0,0.349347693,0,0.025742621,0,0,0,0,0.100975796,0,0,0,0,0,0,0,0,0,0,0,0,0,0,0,0,0,0,0,0,0,0,0,0,0,0,0,0,0,0,0,0,0,0,0,0,0,0,0,0,0,0,0,0,0.070483421,0
0,0,0,0,0,0,0,0.300859821,0.206232568,0,0.173874705,0.289695852,0.191754885,0.133670384,0,0.208930434,0.083223649,0.114987956,0.173407138,0.123966014,0,0.270641465,0,0.226880873,0.09546502,0.087753178,0,0.095081844,0.311315452,0.201969146,0.279389183,0.192947681,0,0,0.164421931,0,0.125478116,0.089309491,0.206429473,0,0.339599386,0,0,0.131040897,0.240684388,0,0.277105151,0,0.081889716,0.16588305,0.130478808,0.214445416,0,0.179976791,0,0.256194101,0.092394618,0.421915128,0.36599343,0.076478691,0.362639699,0,1,0.112411239,0.436583226,0,0.247831519,0,0,0,0.170938858,0,0.194563093,0,0.123786485,0.209075493,0.206470117,0.298458183,0.1590698,0.435349126,0,0.385333331,0.292795471,0.164147657,0.244626262,0.283972158,0.169421446,0,0,0,0.047046582,0.328080578,0.076086615,0.130727794,0.16254259,0,0.26656154,0,0.093043319,0.037733984,0.111373642,0.36885404,0,0,0.129942791,0.101694997,0.288296483,0,0.133925655,0.174471294,0,0.055399282,0.324563723,0.182915864,0,0.186700659,0.186991693,0.40150566,0,0.190897476,0,0.138058154,0,0.163652464,0.061140802,0,0.243428167,0,0.132042779,0,0.182001497,0,0,0,0.294180057,0.268149651,0,0,0,0.331992391,0,0.198642954,0,0.122057759,0,0.381053112,0.260874465,0.182910873,0,0.119504133,0.390005579,0.323626411,0,0,0.263401717,0.254292072,0.294941674,0.330489167,0,0,0.2357163,0,0.218779791,0.123602454,0,0,0.176098398,0,0,0,0,0.092794067,0,0.101705699,0.397204197,0.089813453,0,0,0.293395068,0.368983573,0,0.184084866,0.096480112,0.207212309,0.413389539,0,0.470591103,0.238003844,0.423540579,0.149982793,0,0.494349555,0.470167555,0,0.330624429,0.075304023,0,0,0,0,0,0.259661866,0,0,0.210890451,0.127112087,0,0,0,0.052546812,0.169009551,0.376746284,0,0,0.220922316,0,0,0.186266876,0,0.243194126,0.319910328,0.1531509,0,0,0.10826524,0,0,0,0.245696159,0,0,0.102546994,0.121102515,0.13327824,0.111270337,0.168408289,0.062903249,0,0,0.17828902,0,0.290868084,0,0.304049921,0,0.220685951,0,0.184365252,0,0,0.224624318,0.219432244,0,0,0,0,0.282641535,0.49370322,0.178568816,0.133670384,0,0,0.39556202,0,0,0.325928601,0.341297874,0.472984873,0.141146441,0.180763537,0
0,0,0,0,0,0,0,0.024831989,0,0,0,0.028890242,0,0,0,0,0,0,0,0,0,0,0,0.035857677,0.039620814,0,0,0.056572462,0.085785245,0.036166852,0,0.045861054,0,0,0,0,0,0,0,0,0,0,0,0,0,0,0.031941858,0,0,0,0,0,0,0.069265208,0,0,0,0,0,0,0,0,0.112411239,1,0,0,0,0,0,0,0,0,0.065815847,0,0,0.016405798,0,0,0.115489329,0,0,0,0,0,0,0.030918963,0,0,0,0,0.071575413,0,0,0,0.043928957,0,0,0,0,0,0.121022137,0,0,0,0,0,0,0,0,0,0,0,0.033410564,0.048932261,0,0.035307597,0,0,0,0,0,0.106695463,0,0,0,0,0,0,0,0,0.0459956,0,0,0.082051863,0,0.021999619,0,0,0,0,0,0,0,0,0,0,0,0,0,0,0,0,0,0,0.030790621,0.095202221,0,0,0,0,0,0,0,0,0,0,0,0,0,0,0,0,0,0,0,0.33082668,0,0,0,0.053075099,0,0,0,0.012832818,0,0,0,0,0,0,0.265176733,0.130980822,0,0,0.029118294,0,0,0,0,0,0,0,0,0,0,0,0,0,0,0,0,0,0.100434448,0,0.05870385,0,0,0,0,0.02343553,0,0,0,0,0,0,0,0,0,0,0,0,0,0,0.587243946,0,0,0,0,0,0,0,0,0,0,0,0,0,0,0,0,0,0,0,0,0,0,0,0,0,0,0,0,0,0,0,0.054498211,0,0,0,0
0.11733136,0,0.302542333,0.121438176,0,0.170495786,0.051933341,0.405576288,0.162740763,0,0.337467469,0.361949221,0.229954827,0.103057113,0,0.264270118,0.163339174,0.205007884,0,0,0.126081588,0.212226083,0.255829708,0.281845035,0.253113154,0.320105161,0.11202529,0.263985033,0.285746414,0.320725991,0.606158089,0.271838596,0,0,0.085232636,0,0.225318025,0.191809343,0.261444058,0,0.274547006,0.173079605,0,0.150915031,0.112259128,0.128719344,0.369652658,0.214622362,0.213661928,0.436438749,0.367714622,0.167812304,0,0.237719255,0.112906125,0.423688665,0.317663115,0.334524354,0.359721532,0.293079359,0.455360925,0,0.436583226,0,1,0,0.087387374,0.114979335,0,0,0.139940538,0,0.188646775,0.131017196,0.228141664,0.347515978,0.215138689,0.343040656,0,0.516630765,0,0.692924807,0.357968001,0.147205893,0.195890246,0.404352895,0.246297727,0.145452045,0.108560529,0,0.198189985,0.266668541,0.065082198,0.265856275,0.184484269,0,0.233415527,0,0.160250429,0.138877242,0.033083098,0.19992936,0,0,0.328071711,0.220310624,0.410934909,0.237209313,0.427558518,0.348330498,0,0.090947634,0.336366176,0.311898667,0,0.211680578,0.150519025,0.328385867,0,0.095104504,0,0.065843381,0.227581145,0.426315742,0.161059782,0,0.113350896,0,0.198535139,0,0.175130246,0,0.054677641,0.108768933,0.22944597,0.374785109,0,0.109097316,0,0.479355387,0,0.336126699,0.126081588,0.350676641,0,0.416197887,0.299665089,0.346719889,0,0.156691422,0.381281829,0.329155181,0.116821745,0,0.278664817,0.259051214,0.421517033,0.321192829,0,0,0.253750029,0,0.170454931,0.199164092,0,0,0.45283458,0,0.112452695,0,0.087504186,0.076930062,0.116735934,0.082658361,0.348105258,0,0,0,0.354230158,0.269338143,0.119246698,0,0.190155934,0.277629741,0.51254437,0,0.401389783,0.481493931,0.406426995,0.117059336,0,0.240372368,0.421476399,0,0.403656742,0,0,0,0.114553547,0,0.111671727,0.370030699,0,0.099156198,0.165627473,0.192548522,0,0,0.131541943,0,0,0.303016792,0,0,0.127258767,0,0.074025846,0.258408709,0,0.350956866,0.421018789,0,0,0,0.439502907,0,0.134348437,0,0.313329035,0.128192158,0.052399838,0.361728213,0.136031546,0.102823862,0,0,0.297823445,0,0,0.288375413,0.128736081,0.372105984,0,0.391990569,0.220285542,0.084278037,0.106759651,0.180149681,0,0,0.319451049,0.179107241,0,0.101181593,0,0,0.3610939,0.291394964,0.274516181,0.103057113,0,0.115329171,0.492814427,0,0,0.360161531,0.406555948,0.506877281,0.203514088,0.192901713,0.054677641
0,0,0,0,0,0,0,0,0,0,0,0,0,0,0,0,0.022263876,0,0,0,0,0,0,0,0,0,0,0,0,0,0,0,0,0,0,0,0,0,0,0,0,0,0,0,0,0,0,0,0,0,0,0,0,0,0,0,0,0,0,0,0,0,0,0,0,1,0,0,0,0,0,0,0,0,0,0,0,0,0,0,0,0,0,0,0,0,0,0,0,0,0,0,0,0,0,0,0,0,0,0,0,0,0.224998132,0,0,0,0,0,0,0,0,0,0,0,0,0,0,0,0,0,0,0,0,0,0,0,0,0,0,0,0,0,0,0,0,0,0,0,0,0,0,0,0,0,0,0,0,0.045689015,0,0,0,0,0,0,0,0,0,0,0,0,0,0,0,0,0,0,0,0,0,0,0,0,0,0,0,0,0,0,0,0,0,0,0,0,0,0,0,0,0,0,0,0,0,0,0,0,0,0,0,0,0,0,0,0,0,0,0,0,0,0,0,0,0,0,0,0,0,0,0,0,0.005698001,0,0,0,0,0,0,0,0,0,0,0,0,0,0,0,0,0,0,0,0,0,0,0,0,0,0,0,0,0,0,0,0,0,0,0,0,0,0,0,0,0,0,0,0,0,0,0,0,0,0
0,0,0,0,0,0.177276717,0.058007029,0.290812524,0,0,0,0.309743156,0.216282114,0.115469819,0,0.242677188,0.207841218,0.101258175,0.150231542,0.205355791,0,0,0.171624696,0.20015712,0.247986708,0.069399839,0.142530346,0.212070968,0.259803877,0.256574974,0.201138454,0.16408208,0,0,0.197614792,0,0,0.153602334,0.360633983,0,0.094714516,0,0,0.235091099,0.10025847,0,0.350308228,0.126178474,0.172589248,0,0.222266421,0,0.211535766,0.236728588,0.037340453,0.207972632,0.123913641,0.194691756,0.180681733,0.152391103,0.291181734,0,0.247831519,0,0.087387374,0,1,0.16377677,0.02481863,0,0.125790514,0,0.378229469,0,0.314605583,0.351895657,0.305065968,0.241075121,0.246038956,0.248222504,0,0.232953514,0.355924341,0.296470447,0.098898253,0.360732973,0.126268807,0,0.038181182,0,0.267909415,0.09234543,0.165606538,0.071274453,0.36406781,0,0.338244329,0.128636157,0.325533623,0.26417299,0.212409164,0.232194672,0,0.20539943,0.116478019,0.164827013,0.199373027,0,0.186588094,0.213939108,0.109137779,0.193202754,0.331254364,0.158090071,0,0.292193786,0,0.167553977,0,0,0,0.351510313,0,0,0.108313754,0.113292988,0.173648943,0.071944258,0.15930771,0,0.332457675,0,0.061452055,0.089193079,0.432950595,0.28796345,0,0,0,0.200085213,0,0.151549093,0,0.047516034,0.033235461,0.244339675,0,0,0,0.216253981,0.199274922,0.184003677,0,0,0.290647957,0.22132751,0.238450723,0.138601196,0,0,0.227998424,0,0,0.132537799,0,0.03828326,0.126176864,0,0,0.113769804,0.130985271,0.227272155,0,0,0.237316252,0,0,0,0.083544228,0.268676869,0,0.159779938,0,0.24749537,0.079238104,0,0.172507039,0.093660757,0.350035856,0,0,0.267024445,0.290954919,0.12020568,0.387227086,0,0,0,0,0,0,0.36262906,0.182617347,0,0,0,0,0,0,0.149833107,0.148298505,0.151793169,0.145769941,0,0.355062756,0,0.27842794,0,0.071944258,0.286026885,0.39852089,0.223831692,0,0,0.115616008,0,0,0,0.115323734,0,0.058589633,0,0.400001399,0.115177077,0,0.147835374,0.310065317,0,0,0.081801746,0,0.196708888,0,0.422761858,0.101571144,0.249479818,0,0.341162863,0,0,0.233057887,0,0,0,0,0,0.265394519,0.252459479,0.302612396,0.115469819,0.25888901,0,0.217096769,0,0,0.149577684,0.274479801,0.120324694,0.12540039,0.242082991,0.061452055
0,0,0,0,0,0,0,0.089559376,0,0,0.254579196,0.078332463,0.181383948,0,0,0,0,0,0,0,0,0,0.166011193,0,0,0,0,0,0,0,0.072477203,0,0,0,0,0,0,0.058925583,0.114430491,0,0,0,0,0.212641169,0,0.387688343,0.116087541,0.242145955,0.192348326,0,0.04780353,0,0.164276025,0,0,0.080797779,0,0.159654851,0,0.226611907,0.118629758,0,0,0,0.114979335,0,0.16377677,1,0,0,0,0,0.131395972,0.409309792,0.146809585,0.225960235,0.126604175,0.13950639,0,0.181969041,0,0.119570002,0.055694328,0,0,0.110301746,0.341422574,0,0,0,0.141218872,0,0,0.156642943,0.094531137,0,0.1754307,0,0.094001803,0.021886386,0.121711904,0,0,0,0,0,0.141636185,0,0,0,0,0,0.12118497,0.15556686,0,0.034517932,0,0,0,0,0,0,0.378012231,0.227643417,0.348359614,0,0,0,0,0,0,0,0,0.058622288,0.244474521,0.073356874,0,0,0,0,0,0.103430382,0,0.158712578,0,0,0,0.28086313,0,0,0.134745939,0.140202493,0,0,0.065171545,0,0,0.145636821,0,0,0.237081049,0,0,0,0,0,0,0,0,0,0.346299672,0.280578704,0,0,0.284670081,0,0,0,0,0.082651446,0,0,0,0.147117661,0,0,0.065667126,0.141003564,0.11469327,0,0,0.097586269,0.154942022,0,0.122971311,0,0,0,0,0.175351484,0,0,0.169137557,0,0,0,0,0,0.414475245,0.318321701,0,0,0.066379885,0,0,0,0,0,0,0.084736317,0.059358547,0,0,0,0,0,0.443678714,0,0,0,0,0,0.156618692,0,0.085269471,0,0,0,0,0,0,0.371282043,0,0.055294831,0.213470506,0.102597284,0,0.232037501,0,0,0,0,0,0,0.178944523,0,0.117871886,0,0.129375318,0,0,0.287242041,0.023800867,0,0,0,0.217531443,0.101038964,0.279959261,0.126981715,0
0,0,0,0,0,0,0,0,0,0,0,0,0,0,0,0,0,0,0,0,0,0,0,0,0,0,0,0,0,0,0,0,0,0,0,0,0,0,0,0,0,0,0,0,0,0,0,0.053139338,0,0,0,0,0,0,0,0,0,0,0,0,0,0,0,0,0,0,0.02481863,0,1,0,0,0,0,0,0,0,0,0,0,0,0,0,0,0,0,0,0,0,0,0,0,0,0,0,0,0,0,0,0,0,0,0,0,0,0,0,0,0,0,0,0,0,0.011301743,0,0,0,0,0,0,0,0,0,0,0,0,0,0,0,0.094826284,0,0,0,0,0,0,0,0,0,0,0,0,0,0,0,0,0,0,0,0,0,0,0,0,0,0,0,0,0,0,0,0,0,0,0,0,0,0,0,0,0,0,0,0,0,0,0,0,0,0,0.018111062,0,0,0,0,0,0,0,0,0,0,0,0,0,0,0,0,0,0,0,0,0,0,0,0,0,0,0,0,0,0,0,0.074066406,0,0,0,0,0,0,0,0,0,0,0,0,0,0,0,0,0,0,0,0,0,0,0,0,0,0,0,0,0,0,0,0,0,0,0,0,0,0,0,0,0,0,0,0,0,0,0,0,0,0.071537124,0,0,0,0,0,0,0,0,0
0,0,0,0,0,0,0,0,0,0,0,0,0,0,0,0,0,0,0,0,0,0,0,0,0,0.05524684,0,0,0,0.015873296,0.022950723,0,0,0,0,0,0,0,0,0,0,0,0,0,0,0,0,0,0.03486578,0,0,0,0,0,0,0,0,0,0,0,0,0,0,0,0,0,0,0,0,1,0,0,0,0,0.019941374,0,0.011404609,0,0,0,0,0,0,0.043610373,0,0,0,0,0,0,0,0,0,0,0,0,0.020267801,0,0,0,0,0,0,0,0,0,0,0,0,0,0,0,0,0,0,0,0,0,0,0,0,0,0,0,0,0,0,0,0,0,0,0,0,0,0,0,0,0,0,0,0,0.022673947,0,0,0,0,0,0,0,0,0,0,0,0,0,0,0,0,0,0,0,0,0,0,0,0,0,0,0,0,0,0,0,0,0,0,0,0,0,0,0,0,0,0.016681763,0,0,0,0,0,0,0,0,0,0,0,0,0,0,0,0,0,0,0,0,0,0,0,0,0,0,0,0,0,0,0,0,0,0,0,0,0,0,0,0,0,0,0,0,0,0,0,0,0,0,0,0,0,0,0,0,0,0,0,0,0,0,0,0,0,0,0,0,0,0,0,0,0,0,0.017336266,0,0,0,0,0,0,0,0,0,0,0,0
0,0,0,0,0,0.327166652,0,0.149889101,0.391033229,0,0.289042353,0.144197717,0.446543083,0,0,0.074160093,0.475749901,0,0,0,0,0,0.441621353,0.064907269,0.114062355,0,0,0.156334641,0.138133124,0.170429126,0.090187839,0.063415871,0,0,0,0,0,0,0.223399925,0,0,0,0,0.280313963,0.4549958,0,0.158497045,0,0,0,0.195463681,0.421651987,0.071051523,0.185832219,0,0.205562303,0.117211666,0.189939677,0.1087803,0.332621674,0.259516436,0,0.170938858,0,0.139940538,0,0.125790514,0,0,0,1,0,0.306681081,0,0.28447213,0.155222096,0.172560687,0.305560915,0,0.177808102,0,0.357194769,0.159283313,0,0,0.18377082,0.27694132,0,0,0,0,0,0.476233475,0.18663975,0.203170613,0,0.26293726,0.470227382,0.261287547,0.342790532,0,0,0,0.597493941,0,0.227423853,0.170047271,0,0,0.246301294,0,0.368777398,0.165319712,0.156332309,0,0.18224949,0.327196878,0.151513681,0,0,0,0.303937869,0,0.261852585,0,0,0.191031173,0,0.279547937,0,0.130366971,0,0,0,0.422233715,0.133761215,0,0,0,0.141566121,0,0,0,0,0,0,0,0.31490347,0,0.343633241,0.393006208,0.195066016,0,0,0.147059229,0.391231866,0.300599871,0,0,0,0.126464107,0,0.438742963,0,0,0,0.150717536,0,0,0,0.136730756,0,0,0,0.152381346,0.192665411,0,0,0,0.230688739,0,0,0,0.11198048,0,0,0.191396298,0.169342239,0.288547581,0.136140658,0,0,0.103438823,0,0.17385647,0,0,0,0,0.14191465,0,0.248266476,0,0,0.408124763,0,0,0,0,0,0,0,0,0,0.326102507,0,0.139662756,0.324984077,0,0.141966778,0.241222271,0,0,0.264373006,0.143988321,0,0,0,0.43893228,0,0,0,0.294413437,0,0,0,0.094590917,0,0,0.139020344,0,0.233575856,0,0.210990396,0,0,0,0.139495966,0,0,0.165723239,0,0,0,0,0,0.212676407,0,0.2294016,0,0.516070645,0,0.073152517,0,0,0,0.171811677,0.152053071,0,0.084196551,0
0,0,0,0,0,0,0,0,0,0,0,0,0,0,0,0,0,0,0,0,0,0,0,0.020828847,0.023051469,0,0,0,0,0.021011188,0,0,0,0,0,0,0,0,0,0,0,0.098151899,0,0,0,0,0,0,0,0,0.019183297,0,0,0,0,0.00729517,0,0,0,0,0,0,0,0,0,0,0,0,0,0,0,1,0,0,0,0,0.015123309,0,0,0,0,0,0,0.057088015,0,0,0,0,0,0,0,0,0,0,0,0,0,0,0,0,0,0,0,0,0,0,0,0,0,0,0,0,0.019630825,0,0,0,0,0,0,0,0.29636277,0,0,0,0.191796397,0,0,0,0,0,0,0,0,0,0,0,0.5277789,0,0,0,0,0.02993104,0,0,0,0,0,0,0,0,0,0,0,0,0,0,0,0.04376797,0,0,0,0,0,0,0,0,0,0,0,0,0,0,0,0,0,0,0,0,0,0,0,0,0,0.022074148,0,0,0,0,0,0,0,0,0,0,0,0,0,0,0,0.162274529,0,0,0,0,0,0,0,0,0,0,0,0,0,0,0,0,0,0,0,0.004870145,0,0,0,0,0,0,0,0,0,0,0,0.10054522,0,0,0,0,0.040492078,0,0,0,0,0,0,0,0,0,0,0,0,0,0,0,0,0,0,0,0,0,0,0,0,0,0,0,0,0,0,0,0,0,0
0,0,0.070882847,0,0.047652952,0.42323309,0.029385679,0.512480205,0.094321506,0.044396961,0.128608646,0.5601065,0.523937289,0,0,0.276894203,0.255446957,0,0,0.103676718,0,0,0.308780567,0.35294943,0.438336711,0.108828927,0,0.399936982,0.291105542,0.445538826,0.205300398,0.259268861,0,0,0.057410081,0,0.074759294,0.264240262,0.648961576,0,0,0.021810322,0,0.237803108,0.457794274,0,0.608917661,0,0.206531016,0.062978053,0.47047503,0.096003079,0.113606354,0.281616542,0.103254254,0.363502166,0.178717646,0.137654445,0.198070304,0.338629158,0.474014345,0,0.194563093,0.065815847,0.188646775,0,0.378229469,0.131395972,0,0,0.306681081,0,1,0,0.564348715,0.383005131,0.599653437,0.23495843,0.180314911,0.301891581,0.037262004,0.329302577,0.457804188,0.084713513,0,0.611601771,0.085795803,0.082169294,0,0,0.288851178,0,0.335207828,0.231063141,0.646569099,0,0.422958616,0.219372845,0.649935058,0.403369006,0.351332334,0.11907976,0,0.332615516,0.071941708,0.222170925,0.287841824,0.068476613,0.27738496,0.242874044,0.02606727,0.367269456,0.562775622,0.42701673,0,0.547973659,0.090082199,0.214516381,0,0,0,0.547028745,0,0.084291083,0.059014773,0,0.251120836,0.035506109,0.074853098,0,0.38912114,0,0.030244611,0.048477318,0.466417788,0.506411085,0,0.055559985,0,0.12190534,0,0.118969834,0,0.141144341,0,0.169154379,0.068372564,0.089124297,0,0.279426806,0.229008363,0.125983466,0,0,0.472366678,0.439235107,0.386304817,0.282129876,0,0,0.33474375,0,0.096862176,0,0,0,0.263690724,0,0,0,0.312368589,0.123027565,0,0.088427452,0.189320489,0.190782317,0.045321796,0,0.069887194,0.462407663,0,0.080996992,0.077002989,0.356634019,0.067753618,0,0.120142048,0.071685052,0.572819387,0.030430588,0.01690621,0.267956412,0.213458794,0.062003002,0.625354182,0,0,0,0,0.030709874,0,0.585817678,0.127035299,0,0.127869682,0.081184041,0.058711382,0,0,0.218974864,0.077938157,0.073354269,0.060119786,0.038041101,0.662211236,0,0.182661627,0.15484585,0.035506109,0.55685332,0.599863393,0.203680719,0,0.201503042,0.212236784,0,0,0,0.218437846,0,0.063014327,0,0.573241747,0,0.04897022,0.162754119,0.438495278,0,0,0.164237266,0,0.134622287,0,0.504370889,0.181307846,0.169516713,0,0.421640851,0,0,0.461306135,0.051632055,0,0,0,0,0.388483099,0.095547867,0.482774442,0,0.446058725,0.056374029,0.198229106,0,0,0.024278889,0.355417907,0.157948824,0,0.374021174,0.030244611
0,0,0,0,0,0,0,0.037905357,0,0,0.349232541,0.032986773,0.128469011,0,0,0,0,0,0,0,0,0,0.201651075,0.01733671,0.019138086,0,0,0,0.040963427,0,0.078537242,0,0,0,0,0,0,0,0.052643348,0,0,0,0,0.274866556,0,0.660169582,0.036450186,0.326252403,0.116696191,0,0.066363981,0,0,0.033210731,0,0.053192279,0,0.192349033,0,0.140595131,0.068700551,0,0,0,0.131017196,0,0,0.409309792,0,0,0,0,0,1,0.068627575,0.073654182,0.039892534,0.163840384,0,0.088025306,0,0.137011216,0.022285084,0,0,0.047124864,0.326903415,0,0,0,0.034298715,0,0,0.187994085,0.016681305,0,0.069707934,0,0,0,0,0,0,0,0,0,0.16678582,0,0,0,0,0,0.050221674,0.074244064,0,0,0,0,0,0,0,0,0.632595934,0.300462173,0.420482789,0,0,0,0,0,0,0,0,0,0.120120463,0.033605743,0,0,0,0,0,0.077630514,0,0,0,0,0,0.400669286,0,0,0.157313221,0,0,0,0,0,0,0,0,0,0.116038963,0,0,0,0,0,0,0,0,0,0,0,0,0,0.145395839,0,0,0,0,0,0,0,0.018783039,0.057765778,0,0,0,0.165909287,0.077344445,0,0,0,0.091784498,0,0.044400454,0,0,0,0,0,0,0,0,0,0,0,0,0,0.741806646,0,0,0,0,0,0.028220936,0,0,0,0,0.047152414,0.063362746,0,0,0,0,0,0.840863226,0,0,0,0,0,0,0,0.249451403,0,0,0,0,0,0,0.254689205,0,0,0,0,0,0.094462885,0,0,0,0,0,0,0,0,0.055197028,0.095331902,0.059957533,0,0,0.413777913,0,0,0,0,0.082574366,0,0.398832358,0,0
0,0,0.037518957,0,0.043717772,0.437866447,0,0.506350731,0.086896787,0.037501256,0.230271915,0.531302297,0.523592996,0,0,0.323597435,0.253467925,0,0,0.096392877,0,0,0.303970893,0.318394342,0.342277016,0.092604374,0.070461183,0.324643674,0.154545642,0.344151912,0.279150385,0.231445374,0,0,0.107937553,0,0,0.379880802,0.602689305,0,0,0.084239863,0,0.25129632,0.291521797,0.067991797,0.577220135,0.195043805,0.578330652,0.082426861,0.5010961,0.088322042,0.243836688,0.159287551,0.044768054,0.383010261,0.269278519,0.271462771,0.181861636,0.338100644,0.651138655,0.049920819,0.123786485,0,0.228141664,0,0.314605583,0.146809585,0,0.019941374,0.28447213,0,0.564348715,0.068627575,1,0.494918478,0.712903668,0.17401036,0.185501416,0.423690963,0.037626942,0.308265539,0.44210186,0.191874948,0,0.573345336,0.207383603,0,0.032751459,0,0.28711258,0.031007768,0.305112046,0.240417178,0.612222843,0.094769581,0.585026771,0.167650392,0.517072769,0.330894935,0.175584991,0.064585917,0,0.217997421,0,0.152250728,0.269845007,0.063060006,0.266310898,0.248034786,0.060681771,0.201642314,0.465311393,0.422600253,0.10574953,0.569533181,0.157109606,0.117816169,0.036660896,0,0.04168116,0.387156318,0.120692167,0.216424684,0.093727676,0,0.162120441,0.032557288,0.120045326,0,0.309124628,0,0,0.038959484,0.477218654,0.49208458,0,0,0,0.24544549,0.041760845,0.299690898,0,0.049125467,0.041486825,0.18609945,0,0.22478877,0,0.32154919,0.304282079,0.219983482,0,0,0.389625224,0.166901108,0.169488438,0.242917065,0,0,0.495693236,0,0.089048648,0.067929342,0,0,0.249786724,0,0.02023014,0,0.389602491,0.275989133,0,0.081905679,0.381565111,0.135649984,0,0,0.03702881,0.50576583,0,0.074433729,0.090493916,0.615055276,0,0.079333146,0.129246787,0.213854856,0.301685429,0.027983831,0,0.058740419,0.312705085,0.112226715,0.59224822,0,0,0,0,0.028219836,0,0.522005751,0.116937367,0.051381609,0.117709593,0.050039778,0.053888203,0,0.068771277,0.080553462,0.113246994,0.067929689,0.0554632,0,0.568969123,0,0.201539092,0.201668333,0.032557288,0.50575433,0.57378105,0.068813651,0,0.109919135,0.252375316,0.018507626,0.069530642,0,0.139086923,0,0.030752621,0.065179544,0.402277431,0,0,0.071733734,0.273692626,0,0,0.187786906,0.035868937,0.253882154,0,0.363005456,0.104952541,0.219506321,0.054860946,0.68987442,0,0,0.404889409,0,0.018389481,0.051920166,0,0,0.541181671,0.086601501,0.736986297,0,0.2503167,0.148834674,0.255954199,0,0,0,0.332970777,0.12577269,0.113569648,0.379097222,0
0,0,0.070073059,0.125629066,0,0.189663923,0,0.504342658,0.09311611,0.040273271,0.247504108,0.486788866,0.340945405,0,0,0.316363884,0.158406962,0.035915374,0.074695388,0.063744373,0,0,0.174751885,0.366468392,0.302858288,0.132464018,0.130185034,0.279176365,0.227830227,0.359944634,0.463153737,0.255882172,0.049270104,0,0.040889525,0,0.131709295,0.215444837,0.548813791,0,0,0.069758794,0,0.272524723,0.231178428,0.120396014,0.500425454,0.184528281,0.442888473,0.124258504,0.515265,0.094754604,0.052249582,0.233142912,0,0.521616458,0.249639042,0.464821938,0.324686213,0.35594941,0.552736571,0,0.209075493,0.016405798,0.347515978,0,0.351895657,0.225960235,0,0,0.155222096,0,0.383005131,0.073654182,0.494918478,1,0.596046281,0.42923584,0.197533844,0.588062439,0.04041826,0.403572138,0.338468677,0.223917284,0.059406671,0.578839918,0.310635362,0.081083071,0.035068782,0,0.362449645,0.067259277,0.09779642,0.359134306,0.421621064,0.101710303,0.687494908,0.214415192,0.417735225,0.261903566,0.070791472,0.199551942,0.038629103,0.068896903,0.205034924,0.352995204,0.328424638,0.067596924,0.143638422,0.245676739,0.065062298,0.195688492,0.552941396,0.584459631,0.061425412,0.481068465,0.202886031,0.406142271,0.10119135,0.037111015,0,0.295374952,0.129402458,0.339925267,0.097778115,0,0.319971193,0,0.128340174,0,0.222261188,0,0,0.08951016,0.527200075,0.459070343,0,0,0.038756216,0.331297746,0.044838707,0.360645419,0,0.165746007,0,0.118768777,0.205055919,0.240001435,0,0.279866841,0.352700912,0.282232445,0,0,0.539897678,0.428227829,0.412811963,0.250863219,0,0.022916786,0.462019831,0,0.095591404,0.072476999,0,0,0.322327104,0,0,0.027616021,0.22103859,0.237506986,0,0.041651158,0.530079009,0,0,0,0.101415527,0.516380705,0,0.079929206,0.144205415,0.679083973,0.163039812,0.08519389,0.225474098,0.442737827,0.37645222,0,0.016678666,0.303668691,0.466393871,0,0.492755005,0.032051978,0,0.01355347,0,0.030304748,0,0.403006168,0.032179187,0.055192727,0.094054054,0.133635788,0,0,0.073819732,0.22600549,0.113354727,0.14325339,0.036029548,0,0.297638102,0,0.06035215,0.166643459,0,0.441386557,0.394623978,0.20121209,0.06407144,0.081520349,0.368356495,0,0.074695388,0.108152594,0.254889514,0.074321668,0,0.087140631,0.351955063,0,0,0.160691877,0.173281212,0,0,0.447818811,0.173355504,0.315610799,0,0.466471204,0.183835566,0.304686143,0.05896931,0.553243825,0,0.028190837,0.480421765,0.024722541,0,0.055814624,0.030410275,0,0.790163844,0.117158157,0.713965354,0,0.131723092,0.09267496,0.513466124,0,0,0,0.566168838,0.350916482,0.247258696,0.310092054,0
0,0.036547783,0.022951778,0.030011848,0.025131685,0.350133758,0,0.694674538,0.050967228,0.045350603,0.163765157,0.742517517,0.444513732,0,0,0.429874798,0.232488162,0.035044174,0.040196007,0.129353873,0,0.029935111,0.217924465,0.452853322,0.44599168,0.128323911,0.072149287,0.337717485,0.245607338,0.502847172,0.351372375,0.361481392,0.026353102,0.014383139,0.078323475,0.021980972,0.032514414,0.388035988,0.736432252,0.017954981,0.03478173,0.10263471,0,0.215821601,0.263820715,0.065507167,0.742294979,0.121814393,0.469805013,0.132477151,0.632577917,0.051454231,0.184457801,0.247084251,0.026491791,0.533690773,0.251343436,0.306050379,0.29746291,0.288741617,0.622972474,0.028736318,0.206470117,0,0.215138689,0,0.305065968,0.126604175,0,0.011404609,0.172560687,0.015123309,0.599653437,0.039892534,0.712903668,0.596046281,1,0.264645796,0.271544795,0.445599264,0.041561494,0.250191035,0.505511435,0.221603574,0.033000362,0.656510285,0.170531422,0,0.019294587,0,0.285301165,0.066014106,0.320303851,0.269883737,0.665827242,0.055090634,0.660573829,0.145593344,0.605633809,0.320666988,0.250701031,0.104744519,0.020641462,0.159977552,0.037303673,0.230157939,0.296692055,0.036911802,0.259438059,0.293840226,0.035473482,0.18486437,0.703285005,0.478466858,0.061622093,0.681027221,0.126944724,0.244779299,0.055188056,0.049546012,0.044399267,0.353969683,0.070561695,0.156441625,0.099489636,0,0.21917693,0.018670663,0.071363651,0,0.411433571,0,0,0.049989891,0.443149881,0.705906959,0.029277159,0,0.020677701,0.242692292,0.024216196,0.321224478,0,0.052506342,0.024378082,0.240228872,0.13664235,0.134683715,0,0.219642939,0.27899904,0.222805689,0,0,0.557964261,0.305501775,0.224004817,0.352012629,0,0.012180961,0.459902059,0,0.051699993,0.040865593,0.007229172,0,0.251819228,0,0.011825654,0,0.265661933,0.169652682,0,0.121416264,0.392027192,0.081636996,0.023888776,0.021980972,0.068610633,0.607344544,0,0.043133095,0.143309276,0.715647419,0.072226167,0.045961346,0.205890551,0.236165798,0.445712629,0.016269047,0.015812968,0.158369191,0.445667055,0.065489906,0.742570897,0.030754724,0,0.013645934,0,0.032697069,0,0.539562063,0.068309793,0.029720827,0.068772623,0.074904268,0.0310469,0,0.039941049,0.192167841,0.0865888,0.069503013,0.057850361,0.02001592,0.545896259,0,0.194893901,0.120435585,0.018670663,0.691588349,0.610386671,0.112768124,0.034391267,0.110752402,0.230143418,0.010595451,0.040196007,0.058671319,0.135991773,0,0.017781092,0.099555809,0.374612163,0,0,0.088295028,0.298336687,0,0,0.288951621,0.05448464,0.198422628,0,0.464343942,0.092451684,0.236208474,0.031614029,0.561813932,0,0,0.560067893,0.090983159,0.010556623,0.029900228,0.036831939,0,0.66734281,0.095257821,0.766142728,0,0.275820546,0.122083794,0.421423282,0,0,0.026671185,0.440085411,0.219255026,0.138803948,0.456748531,0
0,0,0,0.147488467,0,0.135254024,0,0.336715297,0.201495947,0,0.388066326,0.309030842,0.326420516,0,0,0.269513495,0.194232834,0,0.169083225,0.121740416,0,0,0.358372381,0.278286129,0.262239093,0.086501094,0,0.235327387,0.349650536,0.344471008,0.406439933,0.284108069,0.113422342,0,0.048408212,0,0.216587275,0,0.390475567,0,0,0,0,0.387328317,0.24700821,0.264596346,0.266118885,0.128367979,0.075220472,0,0.343665097,0.209328708,0,0.461289449,0,0.414399019,0.139565054,0.394427646,0.323846601,0.273642456,0.286971089,0,0.298458183,0,0.343040656,0,0.241075121,0.13950639,0,0,0.305560915,0,0.23495843,0.163840384,0.17401036,0.42923584,0.264645796,1,0.094996829,0.343193894,0,0.441057922,0.204223789,0.305132116,0,0.356997315,0.29468031,0,0.103491138,0,0.159211946,0,0.242514502,0.41019259,0.303127986,0,0.403689627,0.297415938,0.274574651,0.257706802,0.063396554,0.359139753,0,0.224526553,0.261541497,0.321905357,0.405300257,0,0,0.299806378,0,0.256088041,0.32803992,0.380151063,0,0.335197484,0.233250817,0.475541118,0,0,0,0.234157848,0.158584636,0.496215432,0.140781385,0,0.249782071,0,0.15379093,0,0.255138309,0,0,0,0.414490333,0.31403496,0.060418484,0,0,0.315033868,0,0.10757641,0,0.119648835,0.104984441,0,0.307062553,0.317663734,0,0.116202705,0.355973787,0.132766489,0,0,0.336059075,0.476162356,0.657534009,0.085963725,0,0,0.259996993,0,0.213456722,0,0,0,0.300978834,0,0,0,0,0,0.052818416,0,0.337354889,0,0,0,0,0.278084535,0,0,0.279476585,0.294755785,0.119753691,0,0.25752565,0.454798568,0.393084604,0,0,0.220618873,0.452331998,0,0.314097426,0,0,0,0,0,0,0.393979554,0,0,0.205940023,0.383016719,0,0,0.216960426,0.142618502,0,0.142442122,0,0,0.192946472,0,0,0.182394369,0,0.321741879,0.320673242,0.163757129,0,0.169260007,0.317251877,0,0.169083225,0.100871131,0.35819375,0.259655341,0,0.219420932,0.172650717,0,0,0.179703286,0.172034004,0,0,0.440701949,0.1583938,0.26513694,0,0.445591514,0,0.227608708,0,0.14981174,0,0,0.362678754,0,0,0,0,0,0.383063477,0,0.336620194,0,0.311207433,0.189654379,0.3712521,0,0,0,0.389242383,0.24428455,0.27653673,0.059041101,0
0,0.163046705,0.087686558,0.182018921,0,0.165853328,0,0.30101006,0.075083571,0,0,0.294338702,0.208333175,0,0,0.325938769,0,0,0.178176261,0.424329499,0,0,0.072595173,0.377100159,0.227796752,0,0.285686993,0.198776602,0.295186775,0.324945364,0.166685558,0.433964543,0,0,0,0,0,0.403320978,0.32089922,0,0.098405832,0.078700407,0.124905165,0,0.05084339,0,0.306530108,0.143769538,0.062446362,0.234682686,0.329263599,0,0.35609719,0.300888419,0,0.296915763,0.317925822,0.103927976,0.23526917,0.129374269,0.095438176,0,0.1590698,0.115489329,0,0,0.246038956,0,0,0,0,0,0.180314911,0,0.185501416,0.197533844,0.271544795,0.094996829,1,0.112970108,0.087549415,0.059374687,0.30693022,0.182407542,0,0.28977875,0.248544612,0,0,0,0.396077915,0,0.243757971,0.159288596,0.314665867,0,0.190950341,0,0.333927191,0.228680828,0.321535094,0.126593073,0,0,0.132602446,0.204607348,0.245975134,0,0.141418315,0,0,0,0.239889646,0.263733749,0,0.364234438,0,0.330854741,0,0,0.111362295,0.179662093,0,0,0,0,0.081713156,0,0,0,0.424152477,0,0,0.102969319,0.133037463,0.285705091,0,0,0,0.162632447,0,0.039359506,0,0,0,0.180498786,0.071008877,0,0,0,0.165406537,0.114008439,0,0.081970863,0.365841016,0.377994309,0.093861336,0.250893655,0,0,0.097444809,0,0,0.152084046,0,0,0.165684116,0,0,0,0.091710905,0,0,0,0.0884882,0.200137854,0,0,0.142811523,0.375905744,0,0,0.113082654,0.164894708,0,0,0.112493491,0.177947841,0.175466164,0,0,0.172734227,0.279950243,0.136640328,0.318844406,0,0,0,0,0,0,0.285346886,0,0,0,0,0.13986245,0,0,0.167883971,0,0,0,0.091975267,0.29920419,0,0.343425931,0,0,0.286481768,0.255138528,0.101230249,0,0,0.226434197,0,0,0,0,0,0,0,0,0,0.114285425,0,0.152637494,0,0.079863802,0.273134537,0,0,0,0.234618775,0,0.201700428,0,0.223373999,0,0,0.373898109,0.124454415,0,0,0,0,0.193742144,0,0.247350465,0,0,0,0.259315806,0,0,0.054188549,0.19835344,0.069180039,0.144290046,0.293295575,0
0,0,0.127127554,0.148113439,0,0.199896784,0,0.482550506,0.110790708,0,0.239532242,0.462689898,0.246726582,0.068284933,0,0.257876442,0.173284286,0.063051729,0.089516575,0.11914389,0,0.143404125,0.13472575,0.355050311,0.241503685,0.169725543,0.064887374,0.239636856,0.229714357,0.345234802,0.491713574,0.306925726,0,0,0.141877148,0,0.086925514,0.134123485,0.423278405,0,0.192540159,0.077244149,0,0.288765522,0.33118316,0.086982059,0.453348252,0.160530501,0.407724191,0.229843955,0.372116917,0.113118022,0.060457608,0.287924285,0,0.460240028,0.253851755,0.389169356,0.330843235,0.352421256,0.723903149,0,0.435349126,0,0.516630765,0,0.248222504,0.181969041,0,0,0.177808102,0,0.301891581,0.088025306,0.423690963,0.588062439,0.445599264,0.343193894,0.112970108,1,0,0.437640587,0.384246105,0.121071318,0.135754408,0.517811393,0.280880111,0.097107787,0.04163511,0,0.235071885,0.227155525,0.151775761,0.368613167,0.283589609,0,0.457059784,0.24759352,0.249928835,0.179718544,0.043869125,0.232418974,0,0.076583166,0.239727869,0.29841546,0.319168577,0,0.154551441,0.279765581,0,0.156289987,0.495752471,0.453182427,0,0.333845038,0.154080808,0.372237547,0,0.101252222,0,0.182208927,0.154209269,0.306916433,0.080905625,0,0.32583485,0,0.137748101,0,0.190782084,0,0,0.049115532,0.456229554,0.456350704,0,0.051278418,0,0.375566402,0.107305677,0.334783436,0,0.147079832,0.051512912,0.333272481,0.250900841,0.282636366,0,0.196313275,0.477420935,0.304227608,0,0,0.370715951,0.389905789,0.37741237,0.418650893,0,0,0.491061372,0,0.114312639,0.070745069,0,0,0.384790163,0,0,0,0.145223067,0.197416088,0,0.058357638,0.603502838,0.04408596,0,0,0.256741418,0.416368577,0,0.095673974,0.225427823,0.539468011,0.406717022,0.053803585,0.270353295,0.304083304,0.539978661,0.078664354,0,0.424346328,0.577411789,0,0.520781398,0,0,0.016302532,0.05300539,0.036279192,0,0.366997499,0,0.066125207,0.112121055,0.15745144,0,0,0.088261864,0.186790405,0.091435162,0.298823333,0,0,0.191389245,0,0.103568144,0.104758398,0,0.4047564,0.48604316,0.181107777,0,0.179353742,0.385511903,0,0.089516575,0,0.228324797,0.088131943,0,0.074441123,0.343323222,0.06818245,0,0.190884864,0.131932559,0,0,0.338351508,0.08838869,0.366740527,0,0.460143676,0.150401398,0.29876182,0.070784825,0.387948468,0,0,0.369582256,0.127151975,0,0.067019869,0.081921426,0,0.613635098,0.287975649,0.497935967,0.068284933,0.148020055,0.121735272,0.526385564,0,0,0.200446718,0.574714626,0.427336961,0.222838295,0.267297804,0
0,0,0,0,0,0,0,0,0,0.500307563,0,0.016351333,0,0,0,0.031471357,0,0,0,0,0,0,0,0,0,0,0,0,0,0,0,0,0,0,0,0,0,0,0,0,0,0,0,0,0.096661462,0,0.037952517,0,0.064521405,0,0.025041773,0,0,0,0,0,0,0,0,0,0,0,0,0,0,0,0,0,0,0,0,0,0.037262004,0,0.037626942,0.04041826,0.041561494,0,0.087549415,0,1,0,0,0.079803971,0,0.025741206,0,0,0,0,0,0,0,0,0.0287156,0.448566052,0.038226463,0,0.034529092,0,0.091749361,0,0,0,0,0,0,0,0,0,0.385561049,0,0,0.040746147,0,0.044072443,0.249733292,0,0.38313924,0,0,0.063481802,0,0.17165964,0,0,0,0,0,0,0.03484101,0,0,0,0,0.016659935,0,0,0,0,0,0.042629815,0,0,0,0,0,0,0,0,0,0,0,0,0.023319499,0,0,0,0,0,0,0,0,0,0,0,0,0,0,0,0,0.160261795,0,0,0,0,0,0,0,0.063073621,0,0,0,0.031611934,0,0.496731557,0,0,0.038635441,0,0,0,0.045964238,0,0,0,0,0,0,0,0,0.032605217,0,0,0,0,0,0,0,0,0,0,0,0.645314194,0.044473635,0,0,0,0,0,0.031574327,0,0,0,0,0,0,0,0,0,0,0,0,0,0,0,0,0,0,0,0.311306039,0,0,0,0,0,0,0.052025677,0,0,0,0,0,0,0,0,0.030192736,0,0.032823849,0,0,0,0,0,0,0,0,0,0,0.048105425,0
0,0,0.117559648,0.220391687,0,0.271248062,0,0.395007338,0.169875818,0,0.261145247,0.36480505,0.373421856,0.107982537,0,0.184900882,0.252626222,0.095454177,0,0,0,0.120270087,0.351462029,0.21086096,0.258299417,0.17198889,0,0.270829103,0.16000316,0.295188124,0.505770808,0.18824044,0,0,0.088574004,0,0.234203097,0.061783312,0.398794695,0,0.195819307,0,0,0.215936139,0.189356901,0.134500317,0.396309097,0.193647165,0.184569114,0.243288766,0.42019769,0.175409372,0,0.244929001,0,0.391383595,0.206313404,0.206293919,0.255118793,0.3738636,0.455896852,0,0.385333331,0,0.692924807,0,0.232953514,0.119570002,0,0,0.357194769,0,0.329302577,0.137011216,0.308265539,0.403572138,0.250191035,0.441057922,0.059374687,0.437640587,0,1,0.350763987,0.211812757,0.203984168,0.426847926,0.255456935,0.152241044,0,0,0.202549457,0.276995225,0.167817411,0.204083427,0.289189113,0,0.321384856,0.121956445,0.312374922,0.333575634,0,0.290371824,0,0.206148275,0.323456726,0.363215779,0.417544785,0.123854526,0.326336467,0.367637344,0,0.201050608,0.386731348,0.331758142,0,0.255057652,0.156602613,0.336921413,0,0.099369021,0,0.203780875,0.133316405,0.441707915,0.175870915,0,0.187440033,0.067178648,0.241328692,0,0.214002054,0,0,0.0842989,0.416309917,0.370514424,0,0,0,0.433023594,0,0.245573408,0,0.228807981,0,0.290854598,0.161251953,0.360476372,0,0.264531915,0.387160837,0.339201701,0,0,0.286675315,0.401932397,0.520663598,0.233910852,0,0,0.259578256,0,0.178298745,0.104251224,0,0,0.323791148,0,0,0,0.170120062,0.07964181,0,0.085860943,0.237051031,0.187214511,0,0,0.366702722,0.331537525,0,0,0.11474427,0.313397791,0.454064193,0,0.413500283,0.416748484,0.406416539,0.122411144,0,0.247632666,0.431548781,0,0.411209066,0,0,0,0,0,0,0.433848582,0,0.103800686,0.17302365,0.106736893,0,0,0.137585181,0,0,0.226842819,0,0,0.307013518,0,0,0.268818992,0.067178648,0.346222562,0.417211614,0.083129731,0,0,0.372928072,0,0.14065848,0,0.356119443,0.233169386,0,0.193355514,0.210265339,0.107726486,0,0,0.35103122,0,0,0.295448483,0.134224321,0.384724775,0,0.387004246,0.123041947,0,0,0.225958455,0,0,0.346723175,0.185911743,0,0.106022391,0,0.111851597,0.431455783,0.178179322,0.336511179,0.107982537,0.176215569,0.119948377,0.3478756,0,0,0.239429187,0.431253088,0.499786286,0.118659383,0.166676268,0
0.064070494,0.064747488,0.179054981,0.051258487,0,0.3678953,0,0.648489003,0.088800374,0,0.082212591,0.611685617,0.353548804,0.054119364,0,0.471481309,0.181115523,0.11366626,0,0.177590484,0.066594256,0.114579559,0.17754769,0.483128191,0.446675231,0.157101227,0.13441959,0.331462223,0.345866369,0.481153403,0.396447558,0.471578019,0,0,0.103009421,0,0.170108364,0.40264781,0.658263474,0,0.156318309,0.106097483,0,0.202332574,0.240896714,0,0.638499938,0.067544834,0.198727901,0.333947294,0.485322738,0.090289292,0.325784725,0.32408742,0.062727964,0.497494854,0.433736929,0.266542147,0.328600613,0.431758656,0.495713608,0.051065573,0.292795471,0,0.357968001,0,0.355924341,0.055694328,0,0,0.159283313,0,0.457804188,0.022285084,0.44210186,0.338468677,0.505511435,0.204223789,0.30693022,0.384246105,0,0.350763987,1,0.136067902,0.166381581,0.611444329,0.148774083,0.07720194,0.106012792,0,0.40911245,0.153339115,0.279624224,0.177973713,0.503645225,0.058879348,0.400086417,0.074965278,0.570501546,0.379138531,0.203355983,0.113741083,0,0.096209459,0.175496636,0.354928644,0.279999877,0.064448312,0.539477327,0.209867036,0,0.069573236,0.557003422,0.404108616,0.108103545,0.551792045,0.085032927,0.328594887,0.058995593,0.051386023,0,0.262034415,0,0.079854161,0,0,0.24003622,0,0.059337712,0,0.451276068,0,0,0.107188907,0.303652868,0.578676312,0,0.059935948,0,0.320167704,0,0.204419275,0.066594256,0.092413717,0.046534956,0.428407805,0.252588763,0.084178891,0,0.110709335,0.258455291,0.362900168,0.062195244,0,0.501959622,0.333044646,0.224219955,0.531359844,0,0,0.459410278,0.02836981,0.091048766,0.236003639,0.025631384,0,0.437485499,0,0.092731803,0,0.23183343,0.148951246,0.062170913,0.099787925,0.201396071,0.15292581,0,0,0.211571143,0.462890127,0.062875974,0.076113306,0.173527454,0.37868733,0.250005592,0,0.311412622,0.219974693,0.522334763,0.091318726,0,0.277060126,0.494777601,0.114716182,0.644087865,0,0,0,0.061546447,0.028857025,0.060704779,0.62759339,0.058179115,0,0.089652991,0.121097804,0.055121364,0,0,0.179132741,0.073406049,0.17547832,0.056658295,0,0.473704911,0,0.301590035,0.131513331,0,0.588718112,0.624902641,0.192346431,0.060978713,0.077872928,0.452556405,0,0,0.059655794,0.229576543,0.098792213,0,0.106660807,0.355693308,0.054054971,0.022450903,0.153304613,0.417176078,0,0,0.365904844,0.057693644,0.172694934,0,0.530425752,0.235096213,0.334793382,0,0.390959166,0,0,0.484419139,0.190627874,0,0,0,0.056115724,0.407743611,0.234312064,0.417103075,0.054119364,0.243110755,0,0.51185632,0,0,0.223414561,0.464638413,0.259275847,0.055461927,0.535396034,0
0,0,0.069503881,0.269478817,0,0.054573007,0.110228537,0.313996292,0,0.079240703,0,0.247211454,0,0,0,0.492437297,0,0.051587343,0.147669001,0.202741034,0,0,0,0.447157124,0.388497894,0.302317323,0.140383529,0.389299818,0.338044472,0.461854057,0.410073385,0.443636565,0,0,0.102595627,0.082809867,0.109965502,0.176811693,0.249790957,0,0,0.140951652,0,0,0.140343374,0,0.256776877,0.124493077,0.203743472,0,0.303404057,0,0.079168797,0.397490031,0.101106819,0.253458065,0.324011316,0.150299549,0.492265661,0,0.074948164,0,0.164147657,0,0.147205893,0,0.296470447,0,0,0.043610373,0,0.057088015,0.084713513,0,0.191874948,0.223917284,0.221603574,0.305132116,0.182407542,0.121071318,0.079803971,0.211812757,0.136067902,1,0,0.277422015,0.124581013,0,0,0,0.251699707,0.033748934,0,0.070519275,0.312517988,0.077818998,0.221420618,0,0.17242123,0.410310707,0.075426104,0.411580402,0,0.087093457,0.325760195,0.279753417,0.242326872,0,0.121849017,0.296176536,0.18305075,0.160136154,0.27249691,0.131005754,0,0.311257149,0.068374767,0.307412457,0.075579942,0,0.136479058,0.249181852,0,0.178784481,0.063620405,0.111396791,0.214687193,0,0,0.049389934,0.416779024,0,0,0,0.20783927,0.289431623,0.0553958,0.103905299,0,0.360728562,0,0.281535843,0,0.10732969,0.084469943,0.092658023,0.083157074,0,0,0.075338711,0.083756354,0.175397323,0,0,0.379505001,0.162989657,0.314399638,0.077561689,0,0,0.059099354,0,0,0.130679486,0,0,0.229592105,0,0,0.111857747,0,0.059309178,0,0.065429868,0.130048477,0.094875117,0,0.082809867,0.067840343,0.26864914,0,0,0.189442127,0.305942366,0.109095668,0.079150454,0.183661681,0.260287388,0.155989631,0,0.059344845,0.129722511,0.33739159,0.118249273,0.227163506,0,0,0,0,0,0.038765819,0.232913037,0.117639427,0,0,0.11121842,0,0,0,0,0.084128922,0.127613055,0.111583241,0,0.159446444,0,0.374944724,0,0,0.305084334,0.172462327,0,0,0,0.282926154,0,0,0.088527464,0,0.243621209,0,0.450432806,0.116291555,0,0,0,0.257973043,0,0,0.265992181,0.212558182,0.041046976,0,0.397176913,0,0.096017061,0,0.183500206,0.040549093,0.042379298,0.302622852,0,0,0,0,0.117517107,0.251788678,0,0.273567049,0,0,0.063673373,0.340934271,0,0.113463848,0.078276252,0.253907055,0.07164552,0.123609898,0.209474148,0
0,0,0,0,0,0,0,0.1083778,0,0,0,0.080440858,0,0.407975033,0,0.077968344,0,0.272731887,0,0,0,0.389352331,0,0.023161688,0.025459914,0.069204988,0,0.035524291,0,0.02335141,0.154706018,0.02921895,0,0,0.22319595,0,0.256148237,0,0.043130799,0,0.502438347,0.08824472,0,0,0,0,0.08865238,0,0,0.147638236,0.041336404,0,0,0,0,0.066157102,0.043343634,0.142613741,0.157914258,0.221282813,0.107472256,0,0.244626262,0,0.195890246,0,0.098898253,0,0,0,0,0,0,0,0,0.059406671,0.033000362,0,0,0.135754408,0,0.203984168,0.166381581,0,1,0.074920875,0,0,0,0,0,0.472979774,0,0,0,0,0.056388461,0,0.056015389,0,0,0,0,0,0,0.210435301,0,0,0.193616572,0.117600242,0,0,0.092585737,0.059856317,0,0.034916185,0,0.110655919,0.360126552,0,0,0,0,0,0,0,0,0,0.300407566,0,0.088502678,0,0,0,0.09366364,0.096399564,0,0,0,0.090795432,0,0.097810041,0,0,0,0.241747614,0.293562705,0,0,0,0.125225569,0.301089735,0,0,0.038616307,0.109568669,0,0.169427459,0,0,0.090746098,0,0,0.260012972,0,0,0,0,0,0,0,0.174016161,0,0,0,0,0,0,0.379312581,0.100644799,0,0,0,0.047146062,0.340826462,0,0.421860526,0.190233967,0.120222487,0.412721859,0,0.278567363,0.137653724,0,0.107339189,0,0,0,0,0,0.18335781,0.055629899,0,0,0,0,0,0,0,0,0,0.260019096,0,0,0,0,0,0,0,0.076221304,0.099516594,0,0.44932749,0,0,0,0,0.386217601,0,0,0,0,0,0.404343956,0,0,0.08581527,0,0,0.258309311,0.31652433,0.160207809,0,0,0,0,0,0,0,0,0.06640499,0.244823173,0,0,0,0,0.045136382,0.4006621,0.048854694,0.407975033,0,0,0.148404455,0,0,0.340721893,0.124679427,0.214678097,0.259284338,0.076162614,0
0.043354668,0.043248078,0.154620096,0.117665517,0.029770803,0.350225446,0.035749536,0.794017352,0.060071164,0.025682321,0.1915133,0.799928438,0.506416282,0.036083224,0,0.457313722,0.245024818,0.077376761,0.047548933,0.179876752,0.044495726,0.077193422,0.344328542,0.534775428,0.533288542,0.144297697,0.127416382,0.449529324,0.362572482,0.62170295,0.527953481,0.526565789,0.031214121,0,0.116936298,0,0.079066041,0.368066608,0.717982308,0,0.138049705,0.103680606,0.032633198,0.183811305,0.302168541,0.07730754,0.785387391,0.122957222,0.266063513,0.20952499,0.661787093,0.060748842,0.133546182,0.500613509,0.109053746,0.686430088,0.432424647,0.2942253,0.389529133,0.384666723,0.588452946,0,0.283972158,0.030918963,0.404352895,0,0.360732973,0.110301746,0,0,0.18377082,0,0.611601771,0.047124864,0.573345336,0.578839918,0.656510285,0.356997315,0.28977875,0.517811393,0.025741206,0.426847926,0.611444329,0.277422015,0.074920875,1,0.181367472,0.051677459,0.071968385,0,0.368718985,0.073121952,0.294996477,0.319894279,0.631718012,0.065077711,0.53654398,0.186776368,0.60174438,0.487162541,0.244875116,0.200694379,0,0.219937341,0.211579371,0.399059277,0.38794562,0.087054671,0.394685675,0.302911098,0.025295871,0.227635267,0.719510802,0.56496716,0.039389778,0.692672911,0.110020162,0.317654187,0.025285385,0.019902387,0.031628287,0.424645962,0.083233409,0.227791217,0.065681763,0,0.289581999,0.022130491,0.124396902,0,0.504932853,0,0,0.100790782,0.430086842,0.720823927,0,0.076150014,0,0.275341648,0.028623981,0.285225952,0.044495726,0.109663801,0.031526205,0.234159072,0.21626506,0.135814664,0,0.264552151,0.387702283,0.228610624,0.052096251,0,0.658156602,0.398954662,0.349104457,0.403741814,0,0,0.322949185,0,0.061091707,0.147152012,0,0,0.380339575,0,0.062562071,0,0.205053594,0.180128515,0.041668977,0.078128731,0.326591978,0.134510973,0,0,0.146068149,0.517682745,0.041984519,0.05099282,0.166690476,0.473048063,0.207930398,0.054339664,0.191592501,0.291083771,0.611317862,0.042121977,0,0.314250785,0.465137055,0.039297022,0.749592173,0,0,0,0.041387527,0,0.04100521,0.656467339,0.059911717,0.035152559,0.08113656,0.118373758,0.036757599,0,0.047192579,0.205611661,0.049763246,0.167858895,0.038532039,0,0.563147868,0,0.278898713,0.100320094,0.022130491,0.74992925,0.696317423,0.132227968,0,0.130066553,0.388083228,0,0.047548933,0.02917374,0.206877766,0.115449041,0.021032884,0.119507725,0.422665345,0.036054587,0.03083201,0.103979732,0.494292951,0,0,0.408299103,0.073233341,0.19527302,0,0.684245868,0.196922101,0.283300646,0.037427062,0.414273344,0,0,0.606422184,0.133409792,0,0.035403803,0,0.037427062,0.612367499,0.15015097,0.593049218,0.036083224,0.267274593,0.044926723,0.592516662,0,0.036083224,0.176672269,0.544358827,0.289051933,0.124527442,0.349558951,0
0,0,0,0.191758576,0,0,0,0.148009635,0.383182433,0,0.504804494,0.1298127,0.242357984,0,0,0.135344071,0,0,0,0,0,0,0.150612379,0.166574264,0.068654127,0,0.493703297,0.080626229,0.251257561,0.158899701,0.288167325,0.115934496,0,0,0,0,0,0.098923852,0.20088001,0,0,0,0,0.188018398,0.186117753,0.31296341,0.156665524,0.437580371,0.097563266,0.11261632,0.192871088,0.412537915,0,0.069642898,0,0.202802782,0.283944071,0.333429924,0.173629975,0.11372526,0.141274447,0,0.169421446,0,0.246297727,0,0.126268807,0.341422574,0,0,0.27694132,0,0.085795803,0.326903415,0.207383603,0.310635362,0.170531422,0.29468031,0.248544612,0.280880111,0,0.255456935,0.148774083,0.124581013,0,0.181367472,1,0,0,0,0.098402139,0,0,0.439562922,0.114397653,0,0.235758414,0,0.146983538,0.110711692,0,0,0,0,0,0.11701882,0.298818149,0,0,0,0,0,0.163392976,0.23002353,0,0.124497088,0.321682069,0.241301756,0,0,0,0.11195122,0.306627386,0.457961004,0.246383216,0,0.303613899,0,0,0,0.067290705,0,0,0,0.229253643,0.145093427,0,0,0,0.257456042,0,0.068671735,0,0,0,0.139512508,0,0.549237104,0,0,0.382825177,0.353768058,0,0,0.137175016,0.148996068,0.163536202,0,0,0,0.22273511,0,0.428883706,0.248277391,0,0,0.273968658,0,0,0,0,0,0,0,0.315682107,0,0,0,0,0.129834532,0,0,0,0.198942866,0,0,0.406922506,0.538856402,0.210604219,0,0,0,0.268009625,0,0.171610188,0,0,0.067820394,0,0.138644761,0,0.139687983,0,0,0.399580171,0,0,0,0.330189971,0,0,0,0,0,0.183253176,0,0.147065523,0.319542988,0,0.140204551,0.193005021,0,0,0,0.348324538,0,0.34846199,0,0.237855674,0,0,0,0,0,0,0,0,0,0,0.336393328,0,0.409104991,0,0.196557235,0,0,0,0.308011977,0,0,0.15452674,0,0,0,0.140881375,0,0.239400267,0,0.183582074,0,0,0.244065857,0.200593997,0,0,0,0.330753099,0.242154004,0.238787807,0.088986615,0
0,0,0.340392015,0,0,0.130275765,0,0.041511527,0,0,0,0.036099176,0,0,0,0,0,0,0,0,0,0,0,0.059922883,0.066203949,0.199255794,0,0.094480073,0,0.060438983,0.086520432,0.076616368,0,0,0,0,0.45325431,0,0.057775516,0,0,0,0,0,0,0,0.039909468,0,0,0.212379559,0.055258744,0,0,0,0,0.058382635,0.117354532,0,0,0.15630603,0.075575057,0,0,0,0.145452045,0,0,0,0,0,0,0,0.082169294,0,0,0.081083071,0,0,0,0.097107787,0,0.152241044,0.07720194,0,0,0.051677459,0,1,0,0,0.119481222,0,0,0,0,0,0,0,0.07615421,0,0,0,0,0,0.366280735,0.147680173,0,0,0.143557422,0,0,0,0.041743126,0.081739501,0,0,0,0.160598152,0,0,0,0,0,0,0,0,0,0,0,0,0,0,0,0,0,0.036779857,0,0,0,0.147543903,0,0.08551019,0,0.418481709,0,0.184862006,0,0,0,0,0,0,0,0,0.051463153,0.158806806,0.178951928,0.123732659,0,0,0,0,0,0,0,0,0.159537035,0,0,0,0,0,0,0,0,0,0,0,0.318595452,0,0,0,0,0,0.278600963,0,0,0,0.085191517,0,0,0.218250398,0,0,0.048670534,0,0,0,0,0,0,0.071918714,0,0,0,0,0,0,0,0,0,0,0,0,0,0,0,0,0,0.039178748,0.069648794,0,0,0,0.150682181,0,0,0,0.301346622,0,0,0,0.134455759,0,0,0,0.114755941,0,0,0,0,0,0,0.076601068,0.390811438,0,0,0,0,0,0.05861231,0,0,0,0,0,0.060600716,0,0,0,0,0,0.068374785,0,0,0,0.091021703,0.161318705,0,0.106017596,0
0,0,0.230361518,0,0,0.031128546,0,0.058138949,0,0,0,0.059792468,0,0,0,0.125955051,0.056313022,0,0,0,0,0,0.125275737,0.083071095,0.120329196,0.22556586,0,0.113032,0.106965083,0.11020092,0.118205898,0.105242425,0,0,0,0,0.225130098,0,0.034975902,0,0,0.29164272,0,0,0.085737365,0,0.041561433,0,0.05447999,0.153105998,0.043304199,0,0,0.155514364,0.11189345,0.081004796,0.157684174,0,0.081837614,0,0.032785179,0,0,0,0.108560529,0,0.038181182,0,0,0,0,0,0,0,0.032751459,0.035068782,0.019294587,0.103491138,0,0.04163511,0,0,0.106012792,0,0,0.071968385,0,0,1,0,0,0.15497773,0,0,0,0,0.092647639,0,0,0,0.046434561,0,0,0,0,0,0,0,0.141315143,0.067541697,0,0,0.025496436,0.048835641,0,0.064723587,0,0.091989187,0,0,0,0,0,0,0,0,0,0,0,0,0.059505746,0,0,0,0,0.051648446,0,0.383784859,0,0,0,0.102800822,0,0,0.30400237,0,0.155933021,0.165752589,0,0,0.169738595,0,0.500112945,0,0.071678459,0,0,0,0,0,0,0,0,0.280984326,0,0,0.118194652,0,0.428793252,0,0,0,0.498544085,0,0.067008211,0,0,0,0,0,0.547802743,0,0,0.027707055,0,0,0,0,0.116474605,0,0,0,0,0,0,0,0,0,0.46103342,0,0.417655781,0.099044356,0,0,0,0.23215846,0,0,0,0,0,0,0,0,0,0,0.143920232,0,0,0.054943332,0,0,0,0,0.112154607,0,0,0,0.160763718,0.280893537,0,0.190631845,0,0,0,0,0.154407468,0,0,0.083350568,0,0,0,0.045894426,0,0,0,0.044548532,0,0,0.035466057,0,0,0,0,0,0.026506625,0,0.028729042,0,0.052965937,0,0.094347313,0,0,0.06168155,0,0,0,0,0
0,0,0,0,0,0,0,0.020252524,0,0,0,0.017587071,0,0,0,0,0,0,0,0,0,0,0,0.029376432,0,0,0,0,0,0.029633462,0.042714054,0.037725676,0,0,0,0,0,0,0.028307741,0,0,0,0,0,0,0,0,0,0,0,0,0,0,0,0,0,0,0,0.053341769,0,0,0,0,0,0,0,0,0,0,0,0,0,0,0,0,0,0,0,0,0,0,0,0,0,0,0,0,0,0,1,0,0,0,0,0,0,0,0,0,0,0,0,0,0,0,0,0,0,0,0,0,0,0.020366749,0.040302783,0,0,0,0.080870454,0,0,0,0,0,0,0,0,0,0,0,0,0.037838441,0.77870324,0,0,0,0.017921876,0,0,0,0,0,0.042204029,0,0,0,0,0,0,1,0,0.088638689,0,0,0.695884472,0.025173201,0,0,0,0,0,0,0,0,0,0,0,0,0,0,0,0,0,0,0,0,0,0,0,0,0,0,0,0,0,0,0,0,0,0.042043202,0,0,0,0,0,0,0,0,0,0,0,0,0,0,0,0,0,0,0,0,0,0,0,0,0,0,0,0,0,0,0.019102762,0,0,0,0,0,0,0,0,0.157737428,0,0,0,0,0,0,0,0,0,0,0,0,0,0,0,0,0,0,0,0.592827377,0,0.028724049,0,0,0,0,0,0,0,0,0,0,0,0.033594475,0,0,0,0,0,0,0,0
0,0.100562868,0.157690644,0.102220274,0,0.365860764,0,0.433335471,0,0,0,0.406303683,0.211525024,0,0,0.364485808,0,0,0,0.21351837,0,0,0.12580524,0.456211068,0.524548016,0.137702377,0.108005146,0.389002204,0.310587825,0.397700289,0.288491761,0.472768559,0,0,0.110396178,0,0.104430103,0.496840041,0.406878334,0,0.065617704,0.056229671,0.076430019,0.102023738,0.089357956,0,0.430449337,0.130727915,0.157967909,0.27859642,0.419876629,0,0.443483767,0.328937688,0,0.371997261,0.272078242,0.047433707,0.184341678,0.307444941,0.265019408,0.079624124,0.047046582,0.071575413,0.198189985,0,0.267909415,0.141218872,0,0,0,0,0.288851178,0.034298715,0.28711258,0.362449645,0.285301165,0.159211946,0.396077915,0.235071885,0,0.202549457,0.40911245,0.251699707,0,0.368718985,0.098402139,0.119481222,0,0,1,0,0.13422128,0.147268656,0.518512605,0,0.176192426,0.109986674,0.548691223,0.430200157,0.252303379,0.092562867,0,0,0.194588515,0.34411888,0.205546313,0.098295868,0.359309917,0.209845425,0.081278426,0.241866952,0.375195467,0.435120527,0.076049113,0.45796696,0,0.205833256,0,0,0.071136453,0.330418986,0,0.093784565,0,0.083560831,0.196643366,0,0,0,0.39971705,0,0,0,0.169289356,0.376981418,0,0,0,0.424342198,0,0.140225957,0,0.159388054,0,0.264966918,0.162182212,0,0,0.075881792,0.026162125,0.149567255,0,0,0.516027185,0.327473596,0.34209405,0.374846911,0,0,0.266049276,0,0,0.102168153,0,0,0.350339377,0,0,0.124433339,0.260356525,0.102382237,0,0.058645741,0.057797724,0.06169199,0,0,0.154674564,0.315328878,0,0,0.278091007,0.249054474,0.179332054,0,0.082631808,0.197594842,0.196107461,0,0,0.270456556,0.312893998,0.175663057,0.431520582,0,0,0,0,0,0,0.439094989,0.088968192,0,0,0.113690203,0,0,0,0.347986981,0,0.099770535,0.085460297,0,0.346019998,0,0.359933009,0.160494364,0,0.444009367,0.325402191,0.144469194,0,0.116361136,0.414458956,0,0,0,0.146864719,0.106963981,0,0.118429067,0.330540944,0,0.105804243,0.121203409,0.24619218,0,0.048417643,0.295641884,0.10734241,0.072244294,0,0.436428527,0.179613053,0.228666291,0,0.211060293,0,0.041868916,0.370055249,0.119066965,0,0,0,0,0.335055852,0.059935528,0.300860462,0,0.092666239,0,0.383363683,0,0,0,0.325200463,0.156626014,0,0.429933992,0
0.058737614,0,0,0,0,0,0,0.086208523,0,0,0,0.075490275,0,0.315593355,0,0.02872733,0,0.382093615,0,0,0,0.31507691,0,0,0.055928491,0.071074492,0,0.037924672,0,0.051425329,0.117272309,0,0,0.078152721,0.192386416,0,0,0,0.036416348,0,0.47789372,0.088723204,0,0,0.074735524,0,0.08924632,0,0.101303916,0.247692539,0,0,0,0,0,0,0,0.027312634,0.101134615,0.105971429,0.181444646,0,0.328080578,0,0.266668541,0,0.09234543,0,0,0,0,0,0,0,0.031007768,0.067259277,0.066014106,0,0,0.227155525,0,0.276995225,0.153339115,0.033748934,0.472979774,0.073121952,0,0,0.15497773,0,0,1,0,0,0,0,0.063960155,0,0,0,0,0,0.220379963,0,0,0.101094569,0,0,0.182042723,0.323715376,0,0,0.093128256,0,0,0,0.138957012,0.033891114,0,0.438264673,0,0,0,0,0,0,0,0,0.254176669,0,0.118981039,0,0,0.048677277,0,0.076846443,0,0,0.224582181,0.168850492,0,0.165713247,0,0,0,0.324503811,0.216149448,0.129030928,0,0,0.116400207,0.257572212,0,0,0.012354922,0,0,0.232542894,0,0,0.074430122,0,0,0.224647295,0,0,0.089201106,0,0,0,0,0.154700653,0,0.183973773,0.060094219,0,0,0,0.592927575,0.091283634,0,0,0,0.09348928,0.571949851,0,0.36909568,0,0.187190638,0.330207402,0,0.255221524,0.122300554,0,0.100160186,0,0,0,0,0,0.09464465,0.053817243,0,0,0,0,0,0,0,0,0.163435828,0.224651866,0.156118338,0,0,0,0,0,0,0.030547175,0.139625085,0,0,0,0,0,0,0,0,0,0,0,0,0.313416146,0,0,0.081576727,0,0,0.099142038,0,0.143690608,0,0.047171251,0,0,0,0.084148849,0.106029015,0.119526532,0,0.389691076,0,0,0,0,0.051552545,0.354077861,0.05567172,0.315593355,0,0,0.192876338,0,0,0.443990926,0.111237807,0.312233885,0,0.063020153,0
0,0.177864748,0,0,0.125119668,0.491111679,0,0.29298665,0,0,0.18635513,0.271261695,0.512837,0,0,0.120213743,0.518769504,0,0,0.121840868,0,0.137848229,0.406755123,0.106794726,0.252084832,0,0,0.273425648,0.07400366,0.268305154,0,0.226355064,0.130878519,0,0,0,0,0.238094758,0.334842515,0,0.116827897,0,0,0.193730812,0.199151865,0.118924406,0.27541365,0,0.044522921,0,0.287725476,0,0.269825088,0.338436719,0,0.267234799,0.132564772,0.082376931,0.063730843,0.262122279,0.227620869,0,0.076086615,0,0.065082198,0,0.165606538,0,0,0,0.476233475,0,0.335207828,0,0.305112046,0.09779642,0.320303851,0.242514502,0.243757971,0.151775761,0,0.167817411,0.279624224,0,0,0.294996477,0,0,0,0,0.13422128,0,1,0.070162028,0.325400695,0,0.22800916,0.307073741,0.328865259,0.42359558,0.159713395,0,0,0.503554678,0,0.316705031,0.162854253,0,0.077629057,0.259976732,0,0.26030963,0.287359715,0.186074553,0,0.309433101,0,0.138946106,0,0,0,0.304959398,0,0.089331496,0,0,0,0,0.172926063,0,0.283492563,0,0,0,0.236253322,0.254794606,0,0,0,0.075467084,0,0,0,0,0,0.105365444,0.153969798,0,0,0.247525034,0.241297505,0,0,0,0.231986783,0.327434995,0.175597863,0.239152679,0,0,0,0,0,0,0,0,0,0,0.053977821,0,0.164995997,0.082594364,0,0.09319628,0.06961516,0.208604029,0,0,0,0.256690645,0,0,0.225124986,0.09419518,0.094146475,0,0,0.065187488,0.259469502,0.076344559,0,0,0.155710157,0,0.299818163,0,0,0,0,0.078127106,0,0.265736812,0,0,0,0,0,0,0,0.121407004,0,0.114047615,0,0,0.39585167,0,0.353384432,0,0,0.269275207,0.371535976,0,0,0.163952782,0.049224166,0,0,0,0.235596698,0,0,0,0.334346871,0,0,0,0.13162173,0,0,0.055865786,0,0,0,0.241429854,0,0.098594544,0,0.066392336,0,0,0.255757441,0.132906119,0,0,0,0,0.248499275,0.10347352,0.23971963,0,0.531456375,0,0.158728739,0,0,0,0.153669722,0.059970853,0,0.175657687,0
0.078312625,0,0,0.123435912,0,0,0,0.263589225,0.229528092,0,0.547876258,0.250981745,0.326776864,0,0,0.244042962,0,0,0,0.103472027,0,0,0.112361201,0.314635702,0.164359342,0.160979897,0.129925478,0.173757176,0.342616472,0.281421148,0.301987206,0.257212611,0.131370649,0,0.092532307,0,0,0.235060178,0.247289373,0,0,0,0,0.287018221,0.268035654,0.302629489,0.228316406,0.142736435,0.128296292,0.0849893,0.238966344,0.239747105,0.095277589,0.234710738,0,0.337120161,0.362106603,0.336648097,0.285261814,0.196798014,0.262594918,0,0.130727794,0,0.265856275,0,0.071274453,0.156642943,0,0,0.18663975,0,0.231063141,0.187994085,0.240417178,0.359134306,0.269883737,0.41019259,0.159288596,0.368613167,0,0.204083427,0.177973713,0.070519275,0,0.319894279,0.439562922,0,0,0,0.147268656,0,0.070162028,1,0.200675052,0,0.300436501,0.26394531,0.295124675,0.098067426,0.230750264,0.103654019,0,0,0,0.159357994,0.230844535,0,0,0,0.139326487,0.24423348,0.279522912,0.405518201,0,0.275378327,0.302245541,0.191112547,0,0,0,0.163687156,0.322926138,0.405117968,0.158252217,0.146170454,0.592778901,0,0.127656568,0,0.214911681,0,0,0.096386756,0.236331163,0.250317013,0,0,0,0.248155626,0.115566132,0.18049156,0,0.117084221,0,0,0.200484889,0.356365207,0,0.052849189,0.362015709,0.231774713,0.042124467,0,0.294473067,0.295867234,0.242741666,0.150847673,0,0,0.385622405,0,0.245177565,0,0,0,0.296718348,0,0,0.146965139,0,0.08073612,0,0,0.340326864,0.116276256,0,0,0,0.168183257,0,0,0.163624341,0.238902911,0,0.1162678,0.226961288,0.373976904,0.297626296,0,0,0.129497833,0.277711696,0,0.248376695,0,0,0,0,0,0,0.128401563,0,0,0.23531245,0.306146072,0.153316284,0,0.189076364,0.260719786,0,0,0,0,0.13573872,0,0.080244,0.20506462,0,0.250674591,0.175890745,0.183844506,0,0.190808921,0.287457905,0,0.194929409,0,0.168031294,0,0,0,0.159537707,0,0,0.204185666,0.186091146,0.0901748,0,0.468863568,0,0.291565328,0,0.261681977,0.11186854,0.133967433,0.155940001,0.252467243,0.0842145,0,0.231454385,0.112894784,0,0,0,0,0.285216716,0,0.310134264,0,0.134438832,0.157292961,0.272556603,0,0,0,0.429720732,0.25172072,0.276524891,0.053542719,0
0,0.048262284,0,0.052396387,0.033248997,0.482122795,0.039868379,0.645997397,0.080275321,0.059800698,0.093264691,0.688633529,0.437984013,0,0,0.441486912,0.228283754,0,0.053048263,0.166215948,0,0,0.231783696,0.481280623,0.536383577,0.071452064,0.054516907,0.431878654,0.389985309,0.53670327,0.308927979,0.454348756,0,0,0.099806876,0,0.044239804,0.482822925,0.713003564,0,0.007757866,0,0,0.16024976,0.309651679,0,0.761519837,0.051942208,0.258963562,0.087857528,0.634084815,0.067676908,0.270763918,0.464245037,0.073663894,0.438421158,0.262779261,0.164191793,0.334163677,0.284191703,0.488882303,0.037995496,0.16254259,0.043928957,0.184484269,0,0.36406781,0.094531137,0,0,0.203170613,0,0.646569099,0.016681305,0.612222843,0.421621064,0.665827242,0.303127986,0.314665867,0.283589609,0.0287156,0.289189113,0.503645225,0.312517988,0,0.631718012,0.114397653,0,0,0,0.518512605,0,0.325400695,0.200675052,1,0.072529044,0.4599007,0.188472093,0.67613239,0.461617296,0.246697397,0.139341801,0,0.242873622,0.09871729,0.279657381,0.374451651,0.048448166,0.333526928,0.229858092,0.068123637,0.285211204,0.645842343,0.450057707,0.081041825,0.766792041,0.122011726,0.233923864,0.038506631,0,0,0.497937717,0,0.137539493,0.022926675,0.040505083,0.228634404,0.024727252,0.059165034,0,0.533599622,0,0,0.079503541,0.425967476,0.623367809,0,0.039470327,0,0.289128569,0.031916186,0.113003029,0,0.073450891,0,0.218171178,0.090640628,0.064184684,0,0.23149011,0.172037744,0.142118366,0,0,0.596839147,0.383420973,0.38608907,0.331489258,0,0,0.341365028,0,0.06810271,0.052988832,0.009569639,0,0.30548268,0,0.015530851,0.060221312,0.338165341,0.198906138,0,0.094403685,0.163492274,0.146618039,0.031611066,0,0,0.630695512,0,0,0.147984829,0.458413946,0.048413097,0.060600008,0.143122872,0.208376012,0.384650342,0.004541467,0,0.150519133,0.367638857,0.086074423,0.75077666,0,0,0,0,0,0,0.648549937,0.08973953,0,0.090340765,0.102862604,0.041035075,0,0,0.167202418,0,0.051745131,0.051907859,0,0.633419491,0,0.343670972,0.157709693,0.024727252,0.683408853,0.607128766,0.121759594,0,0.144330581,0.313140368,0,0,0,0.139037152,0.053615187,0.023464763,0.106312522,0.412478844,0,0.051156149,0.060343549,0.307986077,0,0,0.236094445,0.081390341,0.099447298,0,0.5119336,0.08217824,0.229728367,0,0.434827804,0,0.019944895,0.528919478,0.062348843,0.004646525,0,0,0,0.48505761,0.015129327,0.589458486,0,0.319741314,0.022882671,0.342735355,0,0.040283834,0.038722122,0.312150188,0.138991252,0.049581474,0.439952343,0
0,0,0,0,0,0.098662425,0,0.031810048,0,0.431332284,0,0.027682562,0.107798375,0,0,0,0.186958472,0,0,0,0,0,0,0,0,0,0,0,0,0,0,0,0,0,0,0,0,0.091184262,0.044177295,0,0,0,0,0,0,0,0.050337054,0,0.161138939,0,0.042267024,0,0,0,0,0,0,0.161387036,0,0.11797159,0.057651019,0,0,0,0,0,0,0,0,0,0,0,0,0,0.094769581,0.101710303,0.055090634,0,0,0,0.448566052,0,0.058879348,0.077818998,0,0.065077711,0,0,0,0,0,0,0,0,0.072529044,1,0.096261344,0,0.058088352,0,0,0,0,0,0,0,0,0,0.10853123,0,0.343259163,0,0.031986534,0.102524804,0.572656377,0.058394579,0.231272715,0,0.341338296,0,0,0,0,0.162731046,0,0,0,0,0,0,0,0,0,0,0,0.02820198,0,0,0,0,0,0.042056763,0,0,0,0,0,0,0,0.189336081,0,0,0,0,0.039383689,0,0,0.093787928,0,0,0.097369855,0,0,0,0,0,0,0,0,0,0.189670793,0.388594504,0,0,0,0,0,0,0,0.083307533,0,0,0,0.079771345,0,0.428671704,0,0,0,0,0,0,0,0,0.037260405,0,0,0,0,0,0,0,0,0,0,0,0,0,0,0,0,0,0,0,0.074560676,0,0,0,0,0,0.053172086,0,0,0,0,0,0,0,0,0,0,0,0.10177205,0,0,0,0,0,0,0,0.283133662,0,0,0,0.286155507,0.173631526,0,0.130441948,0,0,0,0,0,0,0,0,0.076224292,0,0.082797808,0,0,0,0.052208299,0,0,0,0,0,0,0.080548222,0
0,0,0.0539786,0,0.044424669,0.240931228,0,0.518574599,0.088235133,0.038096747,0.225215328,0.496359597,0.409671394,0,0,0.310992793,0.256747353,0.034068962,0.070639851,0.060767123,0,0,0.217684258,0.32357761,0.281899925,0.20321392,0.071518257,0.334112825,0.34212214,0.363454312,0.340378185,0.329426343,0.046561631,0,0.05558359,0,0.112610209,0.157691653,0.544060296,0,0,0.137382938,0,0.259910315,0.322228177,0.114006119,0.528384112,0.175681702,0.46204293,0.109131934,0.476042573,0.089704999,0.097359678,0.267490101,0,0.535633717,0.145176004,0.367893716,0.284687709,0.442918521,0.552987078,0,0.26656154,0,0.233415527,0,0.338244329,0.1754307,0,0.020267801,0.26293726,0,0.422958616,0.069707934,0.585026771,0.687494908,0.660573829,0.403689627,0.190950341,0.457059784,0.038226463,0.321384856,0.400086417,0.221420618,0.056388461,0.53654398,0.235758414,0,0.092647639,0,0.176192426,0.063960155,0.22800916,0.300436501,0.4599007,0.096261344,1,0.244572667,0.43483837,0.245307908,0.076701052,0.227414779,0.036501389,0.179021032,0.062168817,0.284715146,0.2372607,0,0.146889187,0.230629809,0.061623997,0.218509129,0.501212328,0.494424228,0.05815391,0.534949224,0.192699559,0.306251929,0.095847027,0.035142989,0,0.320054715,0.068738683,0.259375334,0.11478778,0,0.271388448,0,0.070181462,0,0.347631441,0,0,0.085014426,0.545128378,0.495532298,0,0.059557545,0.036614863,0.214420971,0.042422143,0.396040659,0,0.056893747,0,0.099346564,0.273671779,0.228071773,0,0.272020802,0.438841446,0.226636881,0.061787873,0,0.462401121,0.393783237,0.309224379,0.202626908,0,0.021640934,0.563656342,0,0.090454634,0.133844139,0,0,0.325958636,0,0.060543742,0,0.216866312,0.279762038,0.06176386,0.039607554,0.523060931,0.052776722,0,0,0.030813078,0.556664309,0.062459667,0.075614355,0.072508103,0.711827608,0.029924681,0.080592204,0.307705285,0.342651482,0.3602211,0,0,0.179641718,0.500126716,0.056024873,0.49325079,0.054245808,0,0.024161539,0.061147503,0.028667734,0.060316638,0.457824258,0.030475612,0.052200169,0.089076878,0.134171714,0,0,0.069856201,0.225404483,0.107451732,0.068911641,0.034171681,0,0.382868703,0,0.181538071,0.084366112,0,0.4801747,0.427434433,0.191182126,0.060574575,0.144096633,0.293879781,0.018809848,0.070639851,0.102377113,0.140964866,0,0,0.123374426,0.375247129,0,0,0.152336654,0.173368418,0,0,0.274442292,0.093745087,0.282450353,0,0.415107887,0.154799742,0.257539185,0,0.625041473,0,0,0.432163199,0.048547153,0.018687827,0.052756116,0.064677516,0,0.754708675,0.092146302,0.773865989,0,0.26440023,0.151019552,0.405885414,0,0,0,0.413461985,0.226398457,0.184373291,0.355768835,0
0,0,0,0,0,0.209144878,0,0.13035193,0,0,0,0.133257715,0.225516132,0,0,0,0.35123106,0,0,0,0,0,0.325296625,0.05952113,0.180463098,0,0,0.248299392,0.128039362,0.16600817,0.083010241,0.138620794,0,0,0.150384266,0,0,0,0.159254949,0,0,0,0,0.442218577,0.326767437,0,0.133650601,0,0.060530662,0,0.152829529,0,0,0.295946802,0,0.179216375,0.034329402,0,0,0.380899204,0.264662132,0,0,0,0,0,0.128636157,0,0,0,0.470227382,0,0.219372845,0,0.167650392,0.214415192,0.145593344,0.297415938,0,0.24759352,0,0.121956445,0.074965278,0,0,0.186776368,0,0,0,0,0.109986674,0,0.307073741,0.26394531,0.188472093,0,0.244572667,1,0.204902758,0.343445724,0,0,0,0.444711851,0,0.363569007,0,0,0,0.251890689,0,0.597308248,0.131037897,0.190958644,0,0.153829008,0.160601624,0,0,0,0,0.347395642,0,0,0,0,0.270332097,0,0.29400151,0,0.20656593,0,0,0.160837258,0.275050815,0.116242057,0,0,0,0,0.222437261,0.042286283,0,0,0,0,0.234719611,0,0,0.354611513,0.130157081,0,0,0,0.1594429,0.385857927,0.292469126,0.113307799,0,0,0.177259664,0,0,0,0,0,0.139964124,0,0,0,0,0.121526981,0,0,0.072861391,0,0,0,0,0.148977972,0,0,0.251794711,0.095015174,0,0.225051414,0,0,0.252508896,0,0,0.179145136,0.095391871,0,0.13580324,0,0,0,0,0,0,0.194577268,0,0,0,0.302785117,0,0,0,0.2378451,0,0,0,0,0.163792869,0,0.14336136,0,0,0.110734776,0.188996385,0.303093816,0,0.600446983,0.133582127,0,0,0,0.205223585,0,0,0,0.336298749,0,0,0.36265619,0.09619104,0,0,0.128878624,0,0,0,0.229579092,0,0.187813534,0,0.050366895,0,0,0.161381794,0,0,0,0,0,0.216435989,0,0.213056876,0,0.522273812,0,0.088450227,0,0,0,0.165432304,0,0,0.085526765,0
0,0.063863168,0.107861261,0,0,0.528697967,0,0.621242319,0.087632961,0.041151721,0.122075133,0.624112062,0.541586619,0,0,0.409300423,0.28801815,0,0,0.193071513,0,0,0.328630513,0.439851149,0.540309427,0.140628405,0.071042742,0.441871757,0.347153853,0.509221202,0.21585239,0.415878649,0.046228495,0,0.096475724,0,0.124376578,0.539718686,0.671861542,0,0.043755805,0.039372364,0.048313415,0.174810705,0.372954152,0.044643436,0.630030459,0.066732217,0.190370461,0.179508262,0.621286765,0.089082668,0.319374022,0.352195754,0.096090091,0.493897145,0.331325376,0.16347184,0.25141191,0.456107672,0.43337224,0.050363257,0.093043319,0,0.160250429,0,0.325533623,0.094001803,0,0,0.261287547,0,0.649935058,0,0.517072769,0.417735225,0.605633809,0.274574651,0.333927191,0.249928835,0.034529092,0.312374922,0.570501546,0.17242123,0.056015389,0.60174438,0.146983538,0.07615421,0,0,0.548691223,0,0.328865259,0.295124675,0.67613239,0.058088352,0.43483837,0.204902758,1,0.471167712,0.362098094,0.046469995,0,0.311268308,0.067288427,0.380307092,0.259867077,0.06359687,0.365987241,0.24316875,0.052495728,0.3628713,0.585862892,0.527214154,0.106659704,0.648181671,0.106965151,0.20723662,0.058214191,0,0.04614289,0.480821304,0,0.118614623,0.02974512,0.065822109,0.22958585,0.032848428,0.069718111,0,0.486508826,0,0,0.045182512,0.375209118,0.603744842,0.024945316,0.051651986,0,0.281916665,0,0.097845719,0,0.107120863,0,0.280280188,0.198536727,0.08312911,0,0.249145798,0.194756601,0.225374405,0,0,0.606209474,0.441464806,0.378827559,0.412157232,0,0,0.406982502,0,0.089821896,0.068469698,0,0,0.378113472,0,0,0.053544319,0.317266158,0.120929672,0,0.043201031,0.107635508,0.101286083,0.041945086,0,0.106441567,0.497108928,0,0,0.12520615,0.342128732,0.063610749,0,0.238634971,0.202902046,0.470653466,0,0,0.157636232,0.367053959,0.113189306,0.657363509,0,0,0,0,0,0,0.617749394,0.057406698,0,0.088463202,0.075708971,0.054364823,0,0,0.259876508,0,0,0.067797698,0.035197073,0.744597668,0,0.333588737,0.190388011,0.032848428,0.6277198,0.613773674,0.120572721,0.060144267,0.187702685,0.301209801,0,0,0.058856924,0.204847004,0,0,0,0.475659927,0,0,0.078968764,0.39715172,0,0,0.313061272,0.056946132,0.126328845,0,0.49793098,0.221898263,0.247350347,0,0.31688677,0,0,0.5453326,0.105186742,0,0,0,0,0.422483975,0,0.488141925,0,0.329391259,0.022891421,0.403251944,0,0,0,0.374520393,0.182275456,0.054770781,0.530911961,0
0,0.116229542,0,0.23730848,0,0.420581019,0.095174539,0.402852491,0,0,0,0.38696869,0.388320117,0,0,0.34779511,0.27809784,0,0,0.172022129,0,0,0.330047091,0.349805597,0.496346501,0,0.123017767,0.460052179,0.310489869,0.488973833,0.328096334,0.399365637,0,0,0.09060468,0,0.021638219,0.345970704,0.497984468,0,0,0,0,0.256923794,0.380085984,0,0.410342432,0.11064224,0.061329743,0,0.426297243,0,0.20218336,0.51662395,0.088505988,0.441405354,0.292472439,0,0.205480262,0.295948118,0.263946958,0,0.037733984,0,0.138877242,0,0.26417299,0.021886386,0,0,0.342790532,0,0.403369006,0,0.330894935,0.261903566,0.320666988,0.257706802,0.228680828,0.179718544,0,0.333575634,0.379138531,0.410310707,0,0.487162541,0.110711692,0,0,0,0.430200157,0,0.42359558,0.098067426,0.461617296,0,0.245307908,0.343445724,0.471167712,1,0.243344911,0.180880733,0,0.3704425,0.187499396,0.584045992,0.331435376,0.11272155,0.281564741,0.363501757,0,0.508365723,0.387528508,0.293094795,0,0.426433637,0,0.144122836,0,0,0.023850805,0.521301482,0,0.105200456,0.022043498,0,0.229408239,0,0.120107246,0.042273421,0.440754217,0,0,0.022147037,0.319727878,0.347291049,0,0.090643021,0,0.233399014,0,0,0,0,0,0.168660375,0.099315962,0,0,0.3393571,0.141165564,0.159147477,0,0,0.412964149,0.381256829,0.387227432,0.297189223,0,0,0.131814925,0,0,0.16479336,0,0,0.297551365,0,0.055752375,0,0.158689493,0,0,0.049068437,0,0.193626409,0,0,0,0.317623115,0,0,0.312235848,0.211158584,0.098077638,0,0.091141366,0.167648643,0.344548234,0.050679323,0,0.0995995,0.327343003,0.102599196,0.39651998,0,0,0,0,0.051458706,0,0.429774919,0.102139779,0,0,0.128852411,0,0,0,0.204580371,0,0.112791375,0.120713178,0,0.489504899,0,0.505993337,0.103427904,0,0.392521575,0.468637468,0.128908284,0,0.246311743,0.344830239,0,0,0,0.102069108,0.212997445,0,0.097288759,0.392513839,0,0.025111789,0.138589046,0.258271273,0,0,0.284578217,0.122565403,0,0,0.50441115,0,0.177614,0,0.134697867,0,0,0.379674997,0.143376666,0,0,0,0.101093008,0.31969884,0,0.342985925,0,0.442574053,0,0.311535378,0,0.097576866,0.113227781,0.331404306,0.01469982,0,0.251462824,0
0,0,0,0,0,0.109389466,0.071919963,0.220424661,0,0.108739575,0.092620264,0.2518691,0.251844334,0,0,0.237575945,0.100428946,0,0,0.210072716,0,0,0,0.218331839,0.230280286,0.078640353,0,0.144377733,0.241297062,0.227199068,0.049099057,0.1649303,0.125673564,0,0.124095082,0,0,0.311697489,0.23582609,0,0,0,0,0.087280958,0.114692324,0.114611176,0.239813799,0,0.053484065,0,0.189249317,0,0.104513801,0.110555859,0.045196968,0.195517891,0.120346139,0,0.053217434,0,0.067863974,0,0.111373642,0.121022137,0.033083098,0,0.212409164,0.121711904,0,0,0,0,0.351332334,0,0.175584991,0.070791472,0.250701031,0.063396554,0.321535094,0.043869125,0.091749361,0,0.203355983,0.075426104,0,0.244875116,0,0,0.046434561,0,0.252303379,0,0.159713395,0.230750264,0.246697397,0,0.076701052,0,0.362098094,0.243344911,1,0.100606803,0,0,0,0.05571354,0.201316441,0,0.193131541,0.076397526,0,0.05818843,0.246266008,0.182566667,0,0.220926286,0,0,0,0,0,0.094525237,0,0.086875616,0.090112196,0,0.082441187,0,0,0,0.260377652,0,0.077292273,0.030662511,0.114378736,0.222981228,0,0,0,0.074137334,0,0,0,0.143982564,0.040533204,0.209481484,0.069745962,0,0,0,0.088444766,0,0,0,0.261379394,0.127128437,0,0.288906753,0.0123561,0,0.179073381,0,0,0,0,0.048300161,0.130188391,0,0,0,0.149739915,0,0,0,0,0.20768231,0.114460236,0,0,0.197683578,0,0,0.117016832,0.031713578,0,0,0.082555566,0.063869943,0.277940182,0,0,0.135048911,0.121177816,0.147753163,0.243268634,0,0,0,0,0,0,0.17833985,0.146802256,0,0,0,0.146742231,0,0,0.234215305,0,0,0.209514419,0.096621851,0.347958219,0,0.17398986,0,0,0.246412911,0.223041884,0,0,0,0,0,0,0,0,0,0.07281772,0,0.233690634,0,0.156354602,0,0.214929423,0,0.083925429,0.119722291,0,0.029694989,0,0.186447173,0.108327455,0.239274783,0,0.109007359,0,0,0.097195477,0.109289479,0,0,0,0,0.029216659,0.052062213,0.148029031,0,0.096914609,0,0.074994991,0,0,0.081491305,0.164405737,0.153291833,0,0.23225399,0.077292273
0,0,0,0.407570938,0,0,0,0.195715574,0,0,0,0.171963147,0.186749015,0,0,0.310850083,0,0,0.304237444,0.178991478,0,0,0,0.272987023,0.187082761,0.215720583,0,0.17762679,0.270306461,0.221946474,0.251403308,0.273259563,0,0,0,0,0.192464628,0.068034482,0.185411858,0,0,0,0,0.187696516,0.146104147,0,0.18873581,0,0.10092763,0,0.169844721,0,0,0.319729487,0,0.266723131,0.067956801,0.284598959,0.324912211,0,0.124693107,0,0.36885404,0,0.19992936,0,0.232194672,0,0,0,0,0,0.11907976,0,0.064585917,0.199551942,0.104744519,0.359139753,0.126593073,0.232418974,0,0.290371824,0.113741083,0.411580402,0,0.200694379,0,0,0,0,0.092562867,0,0,0.103654019,0.139341801,0,0.227414779,0,0.046469995,0.180880733,0.100606803,1,0,0,0.543419481,0.190738351,0.253456162,0,0.079668617,0.117895549,0,0,0.169083642,0.186082492,0,0.216487117,0,0.445691941,0,0,0,0.107296836,0,0.193759843,0,0,0.36216476,0,0,0,0.209909491,0,0,0,0.300106601,0.174977407,0,0,0,0.202134764,0,0.131558095,0,0.184532986,0,0,0.123040064,0,0,0.164895268,0.245622029,0.110019649,0,0,0.238139763,0.309883758,0.353648328,0,0,0,0.172217242,0,0,0,0,0,0.200692531,0,0,0,0,0,0,0,0.231363466,0.164210846,0,0,0,0.215376031,0,0.319609198,0.196885559,0.161157674,0.170900147,0,0.22952594,0.239427708,0.138191908,0,0,0.28711403,0.369823055,0,0.163361313,0,0,0,0,0,0,0.23132925,0,0,0,0.196335776,0,0,0,0.13695587,0.276750007,0.447668315,0,0,0.13820889,0,0,0,0,0.185538098,0.116141488,0.236627482,0,0,0.193697589,0,0,0,0,0.453532823,0,0.311829313,0.104092151,0,0,0.275141464,0.132263082,0,0,0.187345505,0.262173009,0,0,0.338616452,0.152867469,0.299659461,0,0.084878698,0,0,0.230741036,0.15479024,0,0,0,0.246368545,0.23770054,0.198291916,0.207534756,0,0,0,0.221336741,0,0,0,0.204883021,0.099407474,0.217156611,0.218884052,0
0,0,0,0,0,0,0,0,0,0,0,0,0,0,0,0,0.021114735,0.319915947,0,0,0,0,0,0,0.031432589,0,0,0,0,0.028657491,0,0,0,0,0,0,0,0,0,0,0,0,0,0,0,0,0,0,0.06228339,0,0,0,0,0,0,0,0,0,0,0,0,0,0,0,0,0.224998132,0,0,0,0,0,0,0,0,0,0.038629103,0.020641462,0,0,0,0,0,0,0,0,0,0,0,0,0,0,0.220379963,0,0,0,0,0.036501389,0,0,0,0,0,1,0,0,0,0,0,0,0.079234873,0,0,0,0,0,0,0.261187865,0,0,0.448678099,0,0,0,0,0,0,0,0,0,0,0.036572247,0,0,0,0,0,0,0,0.921740035,0,0,0.040779894,0,0,0,0,0.106618124,0,0,0,0,0,0,0,0,0,0,0,0,0,0,0,0,0,0,0,0,0,0,0,0,0,0,0,0,0,0,0,0.160582111,0,0,0,0,0.03010345,0.139066148,0,0,0,0,0,0,0,0,0,0,0,0,0,0,0,0,0,0,0,0,0,0,0,0,0,0.363530474,0,0.32920846,0,0,0,0,0,0,0,0,0,0,0,0,0,0,0,0,0,0,0,0,0,0,0,0,0,0,0,0,0,0,0,0,0,0,0.049961476,0,0,0,0,0,0,0,0,0.028735244,0,0.031273081,0,0,0,0.032479477,0,0,0,0,0,0,0,0
0,0,0,0,0,0.489590948,0,0.179751405,0,0,0,0.157779474,0.446497839,0,0,0.043436555,0.57094548,0,0,0,0,0,0.631301451,0.038085088,0.230323645,0,0,0.314085371,0.079919322,0.17827838,0,0.109805579,0,0,0,0,0,0.130992369,0.210740624,0,0,0,0,0.193301501,0.460713492,0,0.173290313,0,0,0,0.200370461,0,0,0.372033764,0.372984132,0.140436272,0.060320116,0,0.063291033,0.323233742,0.21820289,0,0,0,0,0,0.20539943,0,0,0,0.597493941,0,0.332615516,0,0.217997421,0.068896903,0.159977552,0.224526553,0,0.076583166,0,0.206148275,0.096209459,0.087093457,0,0.219937341,0,0,0,0,0,0,0.503554678,0,0.242873622,0,0.179021032,0.444711851,0.311268308,0.3704425,0,0,0,1,0,0.221283367,0,0,0,0.322632205,0,0.483528606,0.156445688,0.119514419,0,0.199001757,0,0,0,0,0,0.51800143,0,0,0,0,0,0,0.262096963,0,0.262731692,0,0,0,0.284781198,0.160565364,0,0.208770211,0,0,0,0,0,0,0,0,0,0,0,0.329804895,0.223553725,0,0,0,0.122796793,0.23417551,0.315944127,0,0,0,0,0,0,0,0,0,0.077068654,0,0,0,0.131221651,0,0,0.149226319,0,0.181904324,0,0,0,0.199052454,0,0,0,0.043036388,0,0,0,0,0.297151413,0,0,0,0,0,0.176672017,0,0,0,0,0,0,0.25117005,0,0,0,0,0,0,0,0,0,0,0,0,0.386990164,0,0.237370974,0,0,0.170331488,0.287708055,0,0,0.414711001,0,0,0,0,0.1891513,0,0,0,0.287034489,0,0,0,0.214795003,0,0,0,0,0,0,0.172673365,0,0,0,0,0,0,0.206491303,0,0,0,0,0,0.145234857,0,0.156500268,0,0.544076303,0,0,0,0,0,0.076126845,0,0,0.08245958,0
0.270918722,0,0.398005826,0.442790118,0,0.106313184,0,0.172746714,0,0,0,0.151547698,0,0,0,0.214461566,0,0.250951875,0.341422889,0.191245881,0.322617538,0,0.139478315,0.242166858,0.210402827,0.275287426,0.244210435,0.209255227,0.203758754,0.244055124,0.335660427,0.301734274,0,0,0,0,0.254038368,0,0.18921785,0,0,0.156480261,0,0,0,0,0.166510488,0,0,0.288546804,0.224962472,0,0,0.333419344,0.248435557,0.236513308,0.251367305,0.144122386,0.248377482,0.228580135,0.128202172,0,0.129942791,0,0.328071711,0,0.116478019,0,0,0,0,0,0.071941708,0,0,0.205034924,0.037303673,0.261541497,0.132602446,0.239727869,0,0.323456726,0.175496636,0.325760195,0,0.211579371,0,0.366280735,0,0,0.194588515,0,0,0,0.09871729,0,0.062168817,0,0.067288427,0.187499396,0,0.543419481,0,0,1,0.315738587,0.265185918,0.277805134,0.296325922,0.231985175,0,0,0.11225654,0.140737577,0,0.111639746,0,0.362384094,0,0,0,0,0,0.207446768,0,0,0.113494193,0,0,0,0.169221646,0,0,0.229248692,0.203813867,0.154234297,0,0,0,0.230997509,0,0.138392011,0.322617538,0.242733941,0,0.14006413,0,0,0,0,0.123511535,0.115846325,0,0,0.17023476,0.359213214,0.394007673,0.101915118,0,0,0,0,0,0,0,0,0.35296872,0,0,0,0,0,0,0,0.116043732,0.1775388,0,0,0.205384227,0.111995223,0,0,0.211033761,0.107675111,0.369447286,0,0,0.255649077,0.142419554,0,0,0.303889754,0.224332174,0,0.167948956,0,0,0,0,0,0,0.239294649,0,0,0,0,0,0,0,0,0,0.239189949,0,0,0,0,0,0,0,0.163655312,0.172553922,0,0,0,0.423363772,0,0,0,0.19807534,0.497572397,0,0.337662103,0.109080553,0,0,0,0.2467233,0,0,0.194455029,0.287872442,0,0,0.301681069,0.433177434,0.294336005,0,0,0,0,0.237358078,0,0,0,0,0.277638993,0.197592463,0,0.111374648,0,0,0,0.228750334,0,0,0.161226488,0.211084428,0.126118426,0.235461206,0.089585323,0
0,0.124592692,0.114821387,0.268465253,0,0.309506873,0.101912988,0.361959157,0.058624694,0,0.072298813,0.356863705,0.214322446,0,0.012527736,0.334556773,0.195405087,0,0,0.136595021,0,0.116798655,0.187106045,0.296193243,0.376820994,0.127387709,0.130854575,0.413358417,0.223268406,0.383532517,0.384993149,0.402816413,0.090976618,0,0,0,0.223530721,0.189201197,0.384452491,0.062363253,0.103485784,0.039326027,0,0.228982586,0.257854524,0.08503499,0.341228065,0.165001897,0,0.173749239,0.40644941,0,0.133114163,0.429717817,0,0.448942233,0.322402555,0.075226056,0.271611435,0.45937575,0.25295312,0,0.101694997,0,0.220310624,0,0.164827013,0,0,0,0.227423853,0,0.222170925,0,0.152250728,0.352995204,0.230157939,0.321905357,0.204607348,0.29841546,0,0.363215779,0.354928644,0.279753417,0.210435301,0.399059277,0.11701882,0.147680173,0,0,0.34411888,0.101094569,0.316705031,0.159357994,0.279657381,0,0.284715146,0.363569007,0.380307092,0.584045992,0.05571354,0.190738351,0,0.221283367,0.315738587,1,0.14878267,0,0.264825434,0.310341502,0,0.32009009,0.335593195,0.369745972,0,0.357703763,0,0.333690386,0.110398172,0,0,0.361096872,0,0.179773391,0,0,0.240047728,0,0.234931279,0,0.397237269,0,0,0,0.275215111,0.352536705,0,0,0,0.259973916,0,0.125696529,0,0.122534298,0,0.251266188,0.315958906,0,0,0.2678061,0.204674451,0.362801556,0,0.062740679,0.429095343,0.579176882,0.354003746,0.349938477,0,0,0.168562692,0,0,0.276244722,0,0,0.392504455,0,0.059539103,0,0,0,0,0.051977947,0,0.088862539,0,0,0.25170427,0.322170343,0,0,0.284452199,0.177220951,0.297642734,0,0.303198462,0.326100309,0.274530715,0.118816862,0,0.280103782,0.471405385,0,0.360068326,0,0,0,0,0,0,0.343601609,0,0,0,0.136707862,0,0,0,0.215683776,0,0.221145424,0,0,0.233452439,0,0.318434714,0,0,0.380180815,0.350265518,0.136770756,0.117552083,0.261754299,0.438798164,0,0,0.112732794,0.217485886,0.226799987,0,0.102248016,0.333709807,0,0,0.147718591,0.242778431,0,0,0.530163086,0.236467079,0,0,0.412903668,0.120045592,0.107105073,0,0.064361132,0,0,0.434912406,0.250943354,0,0,0,0.108429718,0.39306607,0.094380908,0.27314983,0,0.297207956,0,0.395622575,0,0.104672463,0.25178785,0.489844168,0.208686161,0.098637918,0.353776179,0
0,0,0,0.149752958,0,0.071202647,0.128330647,0.304338987,0.204936198,0.100374029,0.306630946,0.303813169,0.330204247,0,0,0.271669059,0.147596084,0,0.172221989,0.12335915,0,0.123058482,0.20199177,0.267223814,0.217080219,0,0,0.156884188,0.303134063,0.369041776,0.381744252,0.233278506,0,0,0,0,0,0.184922195,0.385553126,0,0.1060281,0,0,0.121133796,0.266745818,0.163079788,0.312727601,0.130169063,0.146690334,0,0.32449823,0.213044089,0.164712443,0.258981599,0,0.352074782,0.207585232,0.412407313,0.275171683,0.085252747,0.317178544,0,0.288296483,0,0.410934909,0,0.199373027,0.141636185,0,0,0.170047271,0,0.287841824,0.16678582,0.269845007,0.328424638,0.296692055,0.405300257,0.245975134,0.319168577,0,0.417544785,0.279999877,0.242326872,0,0.38794562,0.298818149,0,0,0,0.205546313,0,0.162854253,0.230844535,0.374451651,0,0.2372607,0,0.259867077,0.331435376,0.201316441,0.253456162,0,0,0.265185918,0.14878267,1,0.149713024,0.25882736,0.173617283,0,0.108185163,0.343981875,0.269200237,0,0.253671698,0.185925309,0.289779984,0,0,0,0.18022706,0.161342542,0.421010949,0.142950591,0,0.209490757,0,0,0,0.175183023,0,0,0.100095782,0.435049413,0.293930377,0,0,0,0.264493423,0,0.057146978,0,0,0,0.126140735,0.077094366,0.322477473,0,0.186635219,0.300146407,0.134251441,0,0,0.306284726,0.347766822,0.394488483,0.175143245,0,0,0.173312554,0,0.217321437,0,0,0,0.267462025,0,0,0,0.103347443,0,0,0,0.352173377,0,0.105228696,0,0,0.190674629,0,0,0.340050967,0.295723087,0.208247172,0,0.132502955,0.314253855,0.297897998,0,0,0.102541266,0.377376518,0,0.391050678,0,0,0,0,0,0,0.377510493,0,0,0.209535053,0,0,0,0.167637129,0,0,0.248286236,0,0,0.312126975,0,0.158059313,0.318959387,0,0.325940675,0.372651161,0.098451646,0,0,0.258512816,0,0.172221989,0,0.244532104,0.160158602,0,0.120039053,0.045824495,0,0,0,0.191476238,0,0,0.190488802,0.161008515,0.268481976,0,0.408525625,0,0.197558581,0,0.230154259,0,0,0.300092108,0,0,0,0,0,0.318428662,0.094911141,0.345214033,0,0.123487448,0.142167411,0.321646945,0,0.13273708,0.086989981,0.290179295,0.112373551,0.280720486,0.038156133,0
0.478126101,0,0.260302005,0,0,0.106780839,0,0.070180055,0,0,0,0.061146549,0.116368297,0,0,0.058111088,0,0.419255171,0,0,0.666666667,0,0.359071082,0.050326557,0.110959314,0.159557172,0.400772109,0.156800783,0.116810887,0.10150166,0.143987555,0.063972521,0,0,0,0,0,0.098896199,0.048559613,0,0,0.208727442,0,0,0,0,0.067509727,0,0.106000877,0.169323925,0.092970633,0,0,0.095255746,0.41227878,0.098118891,0.096616781,0,0.088763863,0.126986379,0.063125952,0,0,0,0.237209313,0,0,0,0,0,0,0,0.068476613,0,0.063060006,0.067596924,0.036911802,0,0,0,0,0.123854526,0.064448312,0,0,0.087054671,0,0,0,0,0.098295868,0,0,0,0.048448166,0,0,0,0.06359687,0.11272155,0,0,0,0,0.277805134,0,0.149713024,1,0.234270463,0.264503913,0,0.219107674,0.035282918,0.068128621,0,0.039102922,0,0,0,0,0,0.114205011,0,0,0,0,0,0,0,0,0.064154922,0,0,0.362000182,0,0.06228454,0,0,0,0,0,0.071178114,0.666666667,0,0,0,0,0,0,0.199799226,0,0,0,0,0.043350092,0,0.144277084,0,0,0,0,0,0,0,0,0,0.129469546,0,0,0,0.200133989,0,0,0,0,0,0,0,0,0,0,0,0,0.053218719,0,0,0,0.148956958,0,0,0,0,0,0,0.08207599,0,0,0,0,0,0,0.120297061,0,0,0,0,0,0,0,0,0,0,0,0,0.081248915,0,0,0.357506421,0,0.066290752,0.116592544,0,0,0,0.122651212,0,0,0,0,0,0,0.213026668,0,0,0,0,0.189123562,0,0,0,0,0,0,0.127920174,0.294127587,0.184022593,0,0,0,0,0.098496958,0,0,0,0,0,0.050883755,0,0.055208708,0,0,0,0.114510784,0,0,0.217258622,0,0,0,0,0
0.115893125,0.121072341,0.299459175,0.089431988,0,0.408191727,0,0.365175829,0,0.077473898,0,0.384102704,0.189653868,0.101684438,0,0.2544293,0.15758062,0.202577636,0,0.177480985,0.124422352,0.113653942,0.16519275,0.313126219,0.398669193,0.242730274,0.110713469,0.256380854,0.170432274,0.331210403,0.359389329,0.295303961,0,0,0.213544138,0,0.122367259,0.301893941,0.395437411,0,0.18624559,0.171463581,0,0.049332523,0.050706251,0,0.390003821,0,0.206255417,0.500002062,0.369704023,0,0.286544027,0.220238281,0.144964507,0.275502087,0.291194158,0.072649998,0.217411939,0.339241981,0.364673226,0.096079216,0.133925655,0,0.427558518,0,0.186588094,0,0,0,0,0,0.27738496,0,0.266310898,0.143638422,0.259438059,0,0.141418315,0.154551441,0,0.326336467,0.539477327,0.121849017,0.193616572,0.394685675,0,0.143557422,0.141315143,0,0.359309917,0.182042723,0.077629057,0,0.333526928,0.10853123,0.146889187,0,0.365987241,0.281564741,0.193131541,0.079668617,0,0,0.296325922,0.264825434,0.25882736,0.234270463,1,0.273442145,0,0.090081105,0.261432967,0.296727261,0.198280229,0.270882636,0,0.150360325,0,0,0,0.10553629,0,0,0,0,0.068016762,0,0.104612555,0,0.287809877,0,0,0.107531846,0.121482404,0.349580864,0,0.10777758,0,0.184037302,0,0.197456793,0.124422352,0.119682443,0,0.431180961,0.154016759,0,0,0.164460144,0.161619744,0.147467498,0.115309805,0,0.273786096,0.149499107,0.160799215,0.346128881,0,0,0.21378783,0,0,0.196979303,0,0,0.278830636,0,0.111051053,0,0.239867612,0.192950171,0.115226201,0,0,0.086776884,0.080334527,0,0.276076727,0.203049882,0.117671761,0,0,0.130756344,0.263058039,0,0.143346924,0.075468908,0.292298374,0.115564046,0,0.238304598,0.188797794,0.209797235,0.397195012,0,0,0,0.113099383,0,0.110289366,0.436112166,0.106175682,0,0,0,0,0,0,0.091962206,0,0.099244329,0.10121744,0,0.344528959,0,0.219068163,0.188627734,0,0.345706606,0.463020736,0,0,0,0.379515288,0,0,0,0.107708812,0.094346673,0,0.172939679,0.26372946,0.101457352,0,0,0.488341801,0,0,0.119395777,0,0.073393907,0,0.274130915,0.308332691,0.158565327,0,0.216731445,0,0,0.264072489,0.195359386,0,0,0,0.105340398,0.202961883,0.170217709,0.155749534,0.101684438,0.129339943,0,0.322544571,0,0,0.275012253,0.142263139,0.206627667,0,0.373496293,0
0.13067073,0,0.176972003,0.134022904,0,0.267935955,0,0.340703238,0,0,0,0.270716022,0.282541065,0,0,0.251975316,0.28224171,0.194444004,0,0.093975563,0.141616485,0.128553567,0.449122201,0.167799383,0.395971703,0.178161958,0.124123249,0.369657578,0.070810644,0.369650006,0.273813546,0.232003287,0,0,0.104401312,0.084640089,0,0.063804251,0.306789016,0,0.112609074,0.227871652,0,0.117187582,0.140570411,0,0.249287533,0,0.221180007,0.239716954,0.262420405,0,0,0.31909714,0.125205524,0.267364258,0.141027792,0.058313547,0.29655201,0.311083869,0.282415386,0,0.174471294,0,0.348330498,0,0.213939108,0,0,0,0.246301294,0,0.242874044,0,0.248034786,0.245676739,0.293840226,0.299806378,0,0.279765581,0,0.367637344,0.209867036,0.296176536,0.117600242,0.302911098,0,0,0.067541697,0,0.209845425,0.323715376,0.259976732,0,0.229858092,0,0.230629809,0.251890689,0.24316875,0.363501757,0.076397526,0.117895549,0.079234873,0.322632205,0.231985175,0.310341502,0.173617283,0.264503913,0.273442145,1,0,0.318301166,0.269829715,0.188203155,0,0.241272463,0.065446919,0.163834689,0,0.179301335,0.086970709,0.279328824,0,0.11988465,0,0,0,0,0.256469801,0,0.333999932,0,0,0.120138096,0.288204022,0.308031381,0,0,0.079771528,0.22526115,0,0.217919481,0.141616485,0,0.086128878,0.142367972,0.156791398,0.062099425,0,0.305014707,0.161636528,0.156200497,0,0,0.23995217,0.251382605,0.389351368,0.11356714,0,0,0.14855712,0,0,0.11041851,0,0,0.219583127,0,0,0,0.094715112,0,0,0.157481032,0.131723199,0,0,0.084640089,0.306942173,0.283705675,0,0,0.192528771,0.264583365,0.336454465,0,0.154324459,0.173137745,0.295692511,0.13100271,0,0.084534364,0.140830053,0.12065446,0.311295289,0,0,0,0,0,0,0.359655479,0.12001962,0,0,0,0,0.025015952,0,0,0.156188477,0.240262505,0.182742772,0,0.274076284,0,0.167145887,0.119639015,0,0.287338753,0.336621864,0,0,0.132237802,0.154960464,0,0,0.090351322,0.115649254,0.142296948,0,0.328521106,0.213072818,0,0,0,0.434684075,0,0,0.195342905,0.142967463,0,0,0.400016698,0.111592074,0.11626799,0,0.114895485,0,0,0.335968342,0.196627557,0,0,0.07652442,0,0.277995929,0.101911043,0.285072375,0,0.273595278,0.064819787,0.328786504,0,0,0.2704484,0.191700047,0.132445779,0,0.197613558,0
0,0,0,0,0,0,0,0.028923794,0,0.372759464,0,0.025195088,0,0,0,0.047954403,0,0,0,0,0,0,0,0.041514353,0.045776892,0.132338694,0,0.064763011,0.096677414,0.041865219,0,0.052806796,0,0,0,0,0,0.081777276,0,0,0,0.080016644,0,0,0,0,0.051435699,0,0.102221967,0,0,0,0.203271613,0.078752669,0,0,0.079883333,0,0.073361729,0,0,0,0,0,0,0,0.109137779,0,0,0,0,0,0.02606727,0,0.060681771,0.065062298,0.035473482,0,0,0,0.385561049,0,0,0.18305075,0,0.025295871,0,0,0,0,0.081278426,0,0,0.139326487,0.068123637,0.343259163,0.061623997,0,0.052495728,0,0,0,0,0,0,0,0,0,0,0,1,0.182274266,0.029083068,0.039641447,0,0.07446464,0.213301639,0,0.303587634,0,0,0.094508378,0,0.153623853,0,0.506640718,0.143469751,0,0,0,0.052957843,0,0,0,0,0.025664718,0,0,0,0.099519932,0,0.12729728,0,0,0,0,0,0,0,0,0,0,0,0,0.035747047,0,0,0,0,0,0,0,0,0,0,0,0,0,0,0.516317659,0,0.144431134,0,0,0.050090821,0,0,0,0,0.05342888,0,0,0,0.051186528,0,0.370770745,0,0,0,0,0,0,0,0,0.033836566,0,0,0,0,0,0,0,0,0,0,0,0,0,0,0,0,0,0,0,0,0,0.131675132,0,0,0.027318225,0,0,0,0,0,0,0,0,0,0,0,0,0.09105081,0,0,0,0.078176225,0,0,0,0.256660489,0,0,0.0527965,0,0,0,0.08310506,0,0,0,0,0,0,0,0,0.029581883,0,0.053105793,0,0,0.135529328,0.047246251,0,0,0,0,0,0,0,0
0,0,0,0,0,0.339152341,0,0.213642862,0,0,0,0.188141954,0.28885762,0,0,0.083230901,0.291361639,0,0,0,0,0,0.396229892,0.129426413,0.322323862,0.09317265,0,0.399926036,0.261000081,0.275123381,0.137224731,0.219156527,0,0,0,0,0,0.248935301,0.272273526,0,0,0,0,0.356641312,0.373756166,0,0.221437755,0,0.083348264,0,0.220285851,0,0.113578291,0.392471343,0.16491336,0.195263738,0.063715979,0,0.11899464,0.380553636,0.270168391,0,0.055399282,0,0.090947634,0,0.193202754,0,0,0,0.368777398,0,0.367269456,0,0.201642314,0.195688492,0.18486437,0.256088041,0,0.156289987,0,0.201050608,0.069573236,0.160136154,0,0.227635267,0,0,0,0,0.241866952,0,0.26030963,0.24423348,0.285211204,0,0.218509129,0.597308248,0.3628713,0.508365723,0.05818843,0,0,0.483528606,0,0.32009009,0.108185163,0.219107674,0.090081105,0.318301166,0.182274266,1,0.214719835,0.244721406,0,0.23520946,0,0,0,0,0,0.584639539,0,0,0,0.194167984,0.249222755,0,0.220102618,0,0.282430857,0,0,0,0.189401575,0.190865787,0,0.17249086,0,0.075616467,0,0.049529009,0,0,0,0.054886958,0.150498962,0,0,0.425802081,0.112579959,0,0,0,0.258201278,0.337241007,0.444389102,0.14252643,0,0,0.145200909,0,0,0,0,0,0.12227148,0,0,0.19557276,0.132264309,0,0,0,0,0,0,0,0,0.196773018,0,0,0.199787291,0.12876261,0,0,0,0,0.288843816,0,0,0.15115101,0.086828864,0,0.234114901,0,0,0,0,0,0,0.233502739,0,0,0,0.230600379,0,0,0,0.190903408,0,0,0,0,0.306314436,0,0.308011671,0.186528234,0,0.217752592,0.268977932,0.23077939,0,0.450308807,0.117372745,0,0,0,0.166258598,0,0,0,0.41313641,0,0,0.263764088,0.225404502,0,0,0.113725887,0,0,0,0.291428902,0,0.157275634,0,0.034735793,0,0,0.231911954,0,0,0,0,0,0.201686778,0,0.240485621,0,0.437002687,0.090845732,0.153809596,0,0,0,0.151805397,0,0,0.0775687,0
0.033322664,0.034905155,0.03861924,0.067290728,0,0.304774405,0.02888446,0.792802418,0.048724221,0.022571865,0.134479173,0.800491693,0.388725247,0.029101906,0,0.473934099,0.223229992,0.0426495,0.038392617,0.137790686,0,0.062511349,0.209383465,0.553393105,0.481249648,0.128366716,0.069020078,0.368821904,0.332969404,0.590993897,0.442671766,0.4761754,0.025162798,0.013731999,0.073537224,0,0.128346684,0.360442131,0.727526605,0,0.087839891,0.053428357,0,0.189674084,0.248820491,0.062604469,0.743687358,0.105668272,0.230575086,0.14526365,0.611043215,0.055939836,0.151033197,0.402795744,0.02860263,0.649199047,0.320231048,0.294151214,0.421542272,0.300470866,0.52893014,0,0.324563723,0.033410564,0.336366176,0,0.331254364,0.12118497,0.011301743,0,0.165319712,0.019630825,0.562775622,0.050221674,0.465311393,0.552941396,0.703285005,0.32803992,0.239889646,0.495752471,0,0.386731348,0.557003422,0.27249691,0.092585737,0.719510802,0.163392976,0.041743126,0.025496436,0.020366749,0.375195467,0.093128256,0.287359715,0.279522912,0.645842343,0.031986534,0.501212328,0.131037897,0.585862892,0.387528508,0.246266008,0.169083642,0,0.156445688,0.11225654,0.335593195,0.343981875,0.035282918,0.261432967,0.269829715,0.029083068,0.214719835,1,0.513224323,0.031883884,0.650119462,0.047567833,0.358067817,0.032259865,0.044165169,0.014030209,0.372201444,0.067442834,0.168032273,0.102375575,0.041294112,0.245697499,0.017824222,0.111206563,0,0.451843229,0.020249546,0,0.040289445,0.416465646,0.773750737,0.021180075,0.028822233,0,0.373401155,0,0.292451125,0,0.122125642,0.025586097,0.268299411,0.190006211,0.110910607,0.020366749,0.255525539,0.325970551,0.229205979,0,0.02018707,0.684596307,0.381912066,0.348139523,0.422329764,0,0.011627006,0.361208792,0.015162704,0.049393485,0.071625147,0,0,0.271150382,0.002380872,0.011302851,0.029402066,0.211086081,0.101695898,0,0.049370573,0.29821483,0.101820377,0.022808494,0,0.122361212,0.60965532,0,0.041203972,0.136936521,0.517058259,0.197452,0,0.265369194,0.301102324,0.589055566,0.049615284,0.02360974,0.274711599,0.50015869,0.031823083,0.768472014,0.029368568,0,0.013027948,0,0.036363257,0,0.545096759,0.065287099,0.028388396,0.065730145,0.129369029,0.029647774,0.006093022,0.038159956,0.166881818,0.040397424,0.14294219,0.03131955,0,0.497154558,0,0.249206111,0.081838496,0.017824222,0.743971092,0.579021466,0.119572849,0.032843941,0.080817279,0.264392706,0,0.038392617,0.056062747,0.214538058,0.064631803,0.023822053,0.104983854,0.368991392,0.029083276,0.037068663,0.084426642,0.310233681,0.017134036,0,0.345672851,0.071139054,0.189581019,0,0.59435142,0.127756813,0.210310115,0.030189737,0.367100355,0.036992455,0,0.603569967,0.119393746,0,0.028552027,0.040319367,0,0.626559878,0.149788356,0.577899036,0.029101906,0.244033111,0.060251695,0.595395593,0,0.029101906,0.129572977,0.542746072,0.329037989,0.132876474,0.407932091,0
0,0.068579145,0.114690324,0.158263669,0.047399238,0.396730187,0,0.559058193,0.146038961,0.084763906,0.290780661,0.561151409,0.427920428,0,0,0.371330116,0.15035526,0,0,0.101968918,0,0,0.255754137,0.471605754,0.385986639,0.104960242,0.055235753,0.271488264,0.234714068,0.428493823,0.375321372,0.400932101,0.04967565,0,0.058900442,0,0.179209183,0.327961359,0.613384751,0,0.046686805,0.041729707,0.051911907,0.274393763,0.28245589,0.121350585,0.524922211,0.065981803,0.322429699,0.234709688,0.528391652,0.095509152,0.230728034,0.327056596,0.054479287,0.53070019,0.257377003,0.338110245,0.337011145,0.454125461,0.478295311,0.054110194,0.182915864,0.048932261,0.311898667,0,0.158090071,0.15556686,0,0,0.156332309,0,0.42701673,0.074244064,0.422600253,0.584459631,0.478466858,0.380151063,0.263733749,0.453182427,0.040746147,0.331758142,0.404108616,0.131005754,0.059856317,0.56496716,0.23002353,0.081739501,0.048835641,0.040302783,0.435120527,0,0.186074553,0.405518201,0.450057707,0.102524804,0.494424228,0.190958644,0.527214154,0.293094795,0.182566667,0.186082492,0,0.119514419,0.140737577,0.369745972,0.269200237,0.068128621,0.296727261,0.188203155,0.039641447,0.244721406,0.513224323,1,0.114349342,0.582105458,0.169109559,0.458574674,0.116565378,0,0.049414368,0.283122891,0.130423483,0.294311758,0.078373208,0,0.330571159,0,0.129309389,0,0.282348183,0.039846403,0,0.041936329,0.41077473,0.544479519,0,0.055281548,0,0.277177908,0.045200073,0.229000612,0,0.150066358,0.049165644,0.144051932,0.194705972,0.157255442,0.040302783,0.236906513,0.288937135,0.221091969,0,0.074221762,0.595697917,0.487778115,0.430424025,0.2697843,0,0,0.541608437,0,0.096359392,0.024037471,0.027170005,0,0.324710332,0,0,0,0.208184131,0.221153512,0,0.065923544,0.357905953,0.044102023,0.045080207,0,0.142436823,0.511525663,0,0.0870478,0.145219958,0.469870394,0.132579901,0.08588211,0.192808201,0.310865464,0.401555073,0,0,0.231750285,0.442987093,0.059634149,0.53088682,0,0,0,0,0.030549578,0,0.42162095,0,0,0.094797442,0.181449038,0,0,0.074412279,0.264633843,0.077546899,0.144301314,0,0,0.43798096,0,0.094545839,0.203255743,0,0.518279664,0.43662345,0.172734296,0.064594784,0.082134894,0.355267952,0,0.075302134,0.06311222,0.293616093,0.123412865,0,0.064770063,0.376759583,0,0.048714833,0.161938413,0.240192367,0,0.032732754,0.401975088,0.174690945,0.19647042,0,0.437958509,0.236333451,0.203606398,0.059452259,0.327591647,0.039217203,0,0.533081684,0.11205805,0,0,0.068938064,0,0.570136497,0.06980743,0.496057815,0,0.16929524,0.104040386,0.505699138,0,0,0.028455539,0.547155368,0.219704965,0.180582818,0.387562961,0
0,0,0,0,0,0.180427781,0,0.058562439,0,0,0,0.050984832,0.106641317,0,0,0.044647948,0.183505355,0,0,0,0,0,0,0,0.042606854,0,0,0,0,0,0,0.04920108,0,0,0,0,0,0.166876547,0.081229805,0,0,0,0,0,0,0,0.056321256,0,0.096965583,0.132635749,0.077732226,0,0.168664891,0,0,0,0,0.158807409,0,0.11658724,0.105861322,0.628776853,0,0,0,0,0,0,0,0,0,0,0,0,0.10574953,0.061425412,0.061622093,0,0,0,0,0,0.108103545,0,0,0.039389778,0,0,0,0,0.076049113,0,0,0,0.081041825,0.572656377,0.05815391,0,0.106659704,0,0,0,0,0,0,0,0,0,0.198280229,0,0,0,0.031883884,0.114349342,1,0.065304596,0,0,0,0,0,0,0,0,0,0,0,0,0,0,0.049342916,0,0,0,0,0.051938771,0,0,0,0.093370156,0,0,0,0,0,0.11609727,0,0,0,0.185795408,0,0,0,0,0.072450493,0,0,0.092910865,0,0,0.178086949,0,0,0,0,0,0,0,0,0,0.186117708,0.230659661,0,0,0,0,0,0,0,0.093024336,0,0,0,0.048240255,0,0,0,0,0,0,0,0,0,0,0.068559079,0,0,0,0,0,0,0.04622958,0,0,0,0,0,0,0,0,0,0,0,0,0.13668029,0,0,0.289614391,0,0.025357238,0.052889033,0,0,0,0.095294794,0,0,0,0,0,0,0,0.100740124,0,0,0,0,0,0,0,0,0,0,0,0.278144447,0.170649233,0,0.078639834,0,0,0,0,0,0,0,0,0.046105194,0,0.050061231,0,0,0,0.051935388,0,0,0,0,0,0,0.147568042,0
0,0.038761823,0.060963614,0.124703966,0.026663537,0.463439173,0.032059818,0.763346561,0.084007979,0.023030879,0.133219947,0.795128876,0.412088947,0,0,0.616849573,0.166935816,0,0.042626256,0.178751985,0,0,0.242578109,0.580458094,0.539324679,0.133423956,0.076350784,0.467355626,0.368426731,0.56967088,0.363138139,0.559898941,0.027958348,0,0.093251381,0,0.097840569,0.482661239,0.701797024,0,0.027498613,0.09359149,0.029231607,0.189039586,0.293417721,0.027370623,0.796077086,0.056483817,0.275099579,0.158281201,0.68800209,0.054530219,0.260541431,0.485304464,0.059687317,0.577237187,0.360821684,0.257984406,0.416295191,0.303890186,0.443520917,0.030484492,0.186700659,0.035307597,0.211680578,0,0.292193786,0.034517932,0,0,0.18224949,0,0.547973659,0,0.569533181,0.481068465,0.681027221,0.335197484,0.364234438,0.333845038,0.044072443,0.255057652,0.551792045,0.311257149,0.034916185,0.692672911,0.124497088,0,0.064723587,0,0.45796696,0,0.309433101,0.275378327,0.766792041,0.058394579,0.534949224,0.153829008,0.648181671,0.426433637,0.220926286,0.216487117,0,0.199001757,0.111639746,0.357703763,0.253671698,0.039102922,0.270882636,0.241272463,0.07446464,0.23520946,0.650119462,0.582105458,0.065304596,1,0.113565276,0.362363757,0.066825403,0,0.028422679,0.473919513,0.032831302,0.138207589,0,0.045822699,0.314588335,0,0.075501201,0,0.580200036,0,0,0.060111767,0.3766812,0.74633387,0.015140082,0.068471567,0,0.303405511,0.025673782,0.182337336,0,0.081205549,0.028340214,0.161826101,0.196621547,0.052240032,0,0.231851783,0.262798276,0.206763215,0.03738197,0.019590608,0.760016837,0.394151991,0.332781483,0.277885493,0,0,0.378340129,0,0.054806321,0.111166612,0.015261493,0,0.313734743,0,0.068719085,0.048440836,0.223963223,0.14404503,0.037373179,0.109574963,0.234887574,0.150920545,0,0,0.044149659,0.672444113,0.037626816,0.045731887,0.121250661,0.474551822,0.039936788,0.048731499,0.191146099,0.255261181,0.399248888,0.017244596,0,0.142413222,0.432832478,0.069395272,0.695682553,0,0,0,0.037146612,0.017333929,0.03683834,0.629956753,0.035229797,0,0.054297475,0.14290399,0.032933289,0.006775933,0,0.160161985,0.044740469,0.085368306,0.042025527,0.021239304,0.565851622,0,0.318465316,0.128208402,0,0.769795976,0.532231762,0.142607021,0.036477093,0.117166999,0.346987965,0.011245098,0,0.062183142,0.140584926,0.103870733,0,0.1210969,0.358491102,0,0.0276514,0.093494608,0.347987753,0,0.01835288,0.408156253,0.101153863,0.081950948,0,0.577322042,0.097654883,0.230738559,0.03353429,0.37227772,0,0.015997196,0.643959156,0.099775144,0.011201373,0,0,0.03353429,0.572072275,0.055895781,0.5983261,0,0.25540636,0.047326997,0.500384031,0,0.032327922,0.063561806,0.396097859,0.157606655,0.106390874,0.495995821,0
0,0,0,0,0,0,0,0.047314608,0.486591099,0.244299036,0.338124924,0.072039182,0.147913831,0,0,0.077028978,0,0.172870599,0,0,0,0,0,0.067094366,0.029008236,0,0,0,0.148430068,0.094267273,0.094466567,0,0,0,0.269484606,0,0,0,0.064823439,0,0,0,0,0,0.207540648,0,0.098425739,0,0.173742837,0,0.062149898,0.534928054,0,0,0,0.065466441,0.124542924,0.209968655,0.115066493,0,0.122353403,0,0.186991693,0,0.150519025,0,0,0,0,0,0.327196878,0,0.090082199,0,0.157109606,0.202886031,0.126944724,0.233250817,0,0.154080808,0.249733292,0.156602613,0.085032927,0.068374767,0,0.110020162,0.321682069,0,0,0,0,0.138957012,0,0.302245541,0.122011726,0.231272715,0.192699559,0.160601624,0.106965151,0,0,0,0.261187865,0,0,0,0.185925309,0,0,0.065446919,0.213301639,0,0.047567833,0.169109559,0,0.113565276,1,0.163992219,0.212558342,0.204598475,0,0,0,0.42776364,0,0,0.310111706,0,0,0,0.033331122,0,0,0.183393612,0.204436056,0.053654558,0.168409853,0,0.267111339,0.152401315,0.268029154,0.119625506,0,0,0,0,0.083069443,0.374060754,0,0,0.176754865,0.216251013,0,0,0.058093284,0.162417364,0.179848201,0,0,0,0.198187824,0,0.56273827,0,0,0,0.163059938,0,0,0,0,0.253963142,0,0,0.242169797,0,0,0,0.112534088,0.139149621,0,0,0,0.180823347,0.10152619,0.515277178,0.269763908,0.185082791,0.093131291,0,0,0,0.109106744,0,0.07018261,0,0,0,0,0,0,0.079610405,0,0,0.513342453,0,0,0,0,0,0.184854719,0,0.175548187,0,0.105897118,0,0,0.388370624,0,0.057019973,0.077263925,0,0,0,0.155212166,0,0,0,0.274001068,0,0,0,0,0,0,0,0,0,0,0.149454982,0.188435823,0.264616725,0,0.084418937,0,0,0,0.255425985,0,0,0.065709496,0,0,0,0,0,0.154610348,0,0.167216966,0,0,0.104880104,0.126646276,0,0,0,0.098964841,0.164624301,0,0,0
0,0.13563903,0.12248131,0.288495103,0,0.142084447,0,0.367536872,0.242031679,0,0.153815698,0.340034203,0.245871592,0,0,0.441621324,0,0,0.148430851,0.211079953,0,0,0.064824171,0.415082852,0.236100431,0.177726822,0.102574525,0.150298662,0.239661046,0.372398761,0.400318841,0.427557192,0,0,0,0,0.434481851,0.133690843,0.427268116,0,0,0,0,0.117198343,0.219096847,0,0.289654113,0,0.076260874,0.173018366,0.351796107,0.184733257,0.141274996,0.351858238,0,0.435548917,0.317542317,0.45073064,0.586598436,0.153405518,0.221823972,0,0.40150566,0,0.328385867,0,0.167553977,0,0,0,0.151513681,0,0.214516381,0,0.117816169,0.406142271,0.244779299,0.475541118,0.330854741,0.372237547,0,0.336921413,0.328594887,0.307412457,0.110655919,0.317654187,0.241301756,0.160598152,0.091989187,0.080870454,0.205833256,0.033891114,0.138946106,0.191112547,0.233923864,0,0.306251929,0,0.20723662,0.144122836,0,0.445691941,0,0,0.362384094,0.333690386,0.289779984,0,0.150360325,0.163834689,0,0,0.358067817,0.458574674,0,0.362363757,0.163992219,1,0.119578213,0,0,0.079842016,0,0.264204584,0,0,0.294498412,0,0,0,0.235135882,0.079053622,0,0,0.380220915,0.332398335,0,0,0,0.378508681,0,0.209720934,0,0.239076555,0.093167116,0.094018876,0.163029169,0.160845075,0.080870454,0.107883595,0.39304871,0.203151236,0,0.146381085,0.464490101,0.578393024,0.452364415,0.137750854,0,0,0.259986342,0,0.187940772,0,0,0,0.274313196,0,0,0,0,0,0,0,0.321176922,0,0,0,0.169965389,0.412022575,0,0.1578877,0.11960395,0.25789261,0.222919623,0,0.284331014,0.421180498,0.364178623,0,0,0.296336126,0.43035704,0,0.340344902,0,0,0,0,0,0.038953529,0.340075313,0,0,0.18208908,0.196797968,0,0,0,0.100130001,0.146667053,0.259388209,0,0,0.195087104,0,0.135195415,0.163434471,0,0.350393379,0.251619736,0.134574173,0.128016813,0,0.32640215,0,0,0.211290756,0.385705727,0.231146637,0,0.200784865,0.157017149,0,0,0.14621404,0.11658999,0,0,0.398952568,0.255270185,0.136558838,0,0.426376892,0.128443894,0.200055361,0,0.146917651,0.117369441,0.042603735,0.502365269,0.107824061,0,0,0,0,0.380984353,0.121243506,0.265235182,0,0,0,0.511316701,0,0,0.047842098,0.348107759,0.326264658,0.230045236,0.368591455,0
0,0,0,0,0,0,0,0.032083253,0,0.370495333,0,0.027948449,0.024945116,0,0,0.053180959,0,0,0,0,0,0,0,0,0,0,0,0,0,0,0,0,0,0,0,0,0.309626801,0,0.04442274,0,0.073676182,0,0,0,0,0,0.050461603,0,0.06173201,0,0.052458328,0,0,0,0,0.044880894,0,0.157787136,0.081333571,0.116536156,0,0,0,0,0,0,0,0,0,0,0,0,0,0,0.036660896,0.10119135,0.055188056,0,0,0,0.38313924,0,0.058995593,0.075579942,0.360126552,0.025285385,0,0,0,0,0,0,0,0,0.038506631,0.341338296,0.095847027,0,0.058214191,0,0,0,0,0,0,0.110398172,0,0,0,0,0.303587634,0,0.032259865,0.116565378,0,0.066825403,0.212558342,0.119578213,1,0,0,0,0,0.153237917,0,0,0,0,0,0,0,0,0,0,0.099977937,0.028469246,0,0,0,0.025775834,0,0.071854429,0,0,0,0,0.158674307,0,0,0,0,0.163190447,0,0,0.039648711,0.118309567,0,0,0,0,0.096660731,0,0,0,0,0,0,0,0,0,0,0.144089953,0,0,0,0,0,0,0,0.094984846,0,0,0,0.102379599,0.046779069,0.368530635,0.159314732,0.136820091,0,0,0,0,0.07683436,0,0.037530536,0,0,0,0,0,0,0,0,0,0,0,0,0,0,0,0,0,0,0,0,0,0,0,0,0.030302862,0,0,0.644639999,0,0,0,0,0.522215263,0,0,0,0,0,0,0,0,0,0,0,0.107964651,0.657996303,0,0,0,0,0,0,0.05019678,0,0,0.04505417,0,0,0,0,0,0.076120784,0,0.082605188,0,0,0,0.064640302,0,0,0,0.069254299,0,0.314220853,0.080285775,0
0,0,0,0,0,0,0,0.043922836,0,0,0,0.038251125,0,0,0,0,0,0.238961119,0,0,0,0,0,0,0.030420032,0,0,0,0,0.027813433,0,0,0,0,0.154903651,0,0,0,0.038653415,0,0,0,0,0,0,0,0.026827392,0,0.058429628,0.136502253,0,0,0,0,0,0,0,0,0,0,0.079247487,0,0.190897476,0,0.095104504,0,0,0,0,0,0,0,0,0,0,0.037111015,0.049546012,0,0,0.101252222,0,0.099369021,0.051386023,0,0,0.019902387,0,0,0,0,0,0.438264673,0,0,0,0,0.035142989,0,0,0,0,0,0.448678099,0,0,0,0,0,0,0.179301335,0,0,0.044165169,0,0,0,0.204598475,0,0,1,0,0,0,0,0,0,0,0,0,0,0.035208667,0,0,0,0,0.024744241,0,0,0.466447332,0.096420103,0,0.039091745,0,0,0,0.188420535,0.095801696,0,0,0,0,0.143185878,0,0,0,0,0,0.128119877,0,0,0.084415533,0,0,0,0,0,0.10393537,0,0,0,0,0,0,0.25999027,0,0,0,0,0.336629155,0.044244964,0,0,0,0.071556118,0.398523164,0,0.139747062,0,0.089105514,0,0,0.08049943,0.105518312,0,0.051399881,0,0,0,0,0,0,0,0,0,0,0,0,0,0,0,0.262483644,0,0.244107896,0,0,0,0,0,0,0,0.046450994,0,0,0,0,0,0,0,0,0,0,0,0,0,0,0,0,0,0,0,0,0,0,0.050994148,0,0,0,0.047450977,0,0,0,0.245259195,0,0,0,0,0.027886668,0,0.030270611,0,0,0,0.10323309,0,0,0.277209924,0.095057934,0.165421263,0,0.070034483,0
0,0,0.355738754,0,0,0,0,0.048755121,0,0,0,0.022236789,0,0,0,0.038424095,0.041513204,0,0,0.179066241,0,0,0.129156038,0.100534192,0.098997339,0,0,0.051762112,0,0.097840418,0.047554776,0.088695617,0,0,0,0,0.069652821,0,0,0,0.242157063,0.36827828,0.506681622,0,0,0,0.024545062,0,0.069842431,0.121901107,0.052239762,0,0,0,0,0.046062893,0.063703423,0,0.058559568,0.091705776,0,0,0,0,0,0,0,0,0,0,0,0.29636277,0,0,0.04168116,0,0.044399267,0,0.111362295,0,0,0,0,0.136479058,0,0.031628287,0,0,0,0,0.071136453,0,0,0,0,0,0,0,0.04614289,0.023850805,0,0,0,0,0,0,0,0,0,0.086970709,0,0,0.014030209,0.049414368,0,0.028422679,0,0,0,0,1,0,0,0,0.138341841,0,0,0,0,0,0.042401443,0,0,0,0,0.043282643,0.255797548,0,0,0,0,0.13701432,0,0,0.29871189,0,0.124219001,0,0,0,0,0,0,0,0.03149991,0,0,0.040221431,0,0,0,0,0,0,0,0,0,0,0,0,0,0,0,0,0,0.066773359,0,0,0.335656622,0.011802193,0,0,0.174457539,0.063936807,0,0,0,0,0,0,0,0,0,0,0,0,0,0,0,0,0,0.043652061,0,0,0,0,0,0,0,0,0.294490488,0,0,0,0,0,0,0,0,0.046059798,0,0,0,0,0,0,0,0,0,0,0,0.222871623,0,0,0,0,0.16824891,0,0,0.085050651,0,0,0,0.046405178,0,0,0,0,0,0,0.068355627,0,0,0,0,0,0,0,0.036512824,0,0,0,0.079421976,0,0,0,0,0,0,0,0
0.021551549,0,0,0,0,0.399130486,0.096485055,0.385825563,0,0,0,0.370947811,0.440654651,0,0,0.248251602,0.328436983,0,0,0,0,0,0.455261954,0.300093205,0.407366988,0.063180782,0.124550075,0.527304019,0.310282829,0.384476736,0.236444403,0.296776408,0,0,0,0,0,0.268375946,0.422218063,0,0,0,0,0.325221871,0.573812223,0,0.415897797,0.111880205,0.164420798,0,0.345599556,0,0.125631912,0.471541386,0.16901128,0.312315135,0.205276784,0.144350275,0.23690261,0.331888253,0.364944063,0,0.138058154,0.106695463,0.065843381,0,0.351510313,0,0,0,0.303937869,0,0.547028745,0,0.387156318,0.295374952,0.353969683,0.234157848,0.179662093,0.182208927,0.063481802,0.203780875,0.262034415,0.249181852,0,0.424645962,0.11195122,0,0,0,0.330418986,0,0.304959398,0.163687156,0.497937717,0,0.320054715,0.347395642,0.480821304,0.521301482,0.094525237,0.107296836,0,0.51800143,0,0.361096872,0.18022706,0.114205011,0.10553629,0.279328824,0.094508378,0.584639539,0.372201444,0.283122891,0,0.473919513,0,0.079842016,0,0,0,1,0,0,0,0.097608455,0.375128143,0,0.121584987,0,0.439317643,0,0,0.020032461,0.267348349,0.389303278,0,0.091808454,0,0.175081459,0,0.104096613,0,0,0,0.08548521,0.100227856,0,0,0.440653179,0.225706335,0.092990075,0,0,0.389568412,0.287838281,0.365003428,0.124462191,0,0,0.17866626,0,0,0.116851548,0,0,0.272555354,0,0,0.097962181,0.203615837,0,0,0.140623403,0.080130962,0.179280267,0,0,0,0.355588167,0,0.137524011,0.119932471,0.23241859,0,0,0.091979748,0.13484723,0.36646507,0,0,0.26350637,0.262182793,0,0.421431523,0,0,0,0,0,0,0.491382429,0,0,0,0.130391554,0,0,0,0.116673137,0.128932343,0.116852575,0.020969501,0.065776867,0.554828176,0,0.359216333,0.10467548,0,0.377492595,0.487166424,0.24994181,0,0.326940916,0.21581206,0,0,0,0.163277008,0,0,0,0.400128362,0,0.083135372,0.268953324,0.287151824,0,0,0.201548666,0,0,0,0.433288683,0,0.197711463,0,0.180174766,0,0,0.384001111,0,0,0,0,0,0.315527939,0.108864791,0.354833888,0,0.473336967,0.051195476,0.255667349,0,0.098954854,0.087872619,0.310581913,0.046118228,0,0.313947478,0
0,0,0,0,0,0,0,0.067073532,0,0,0.581618191,0.058427787,0.125215086,0,0,0.048833386,0,0,0,0,0,0,0.193748102,0.042276579,0,0,0,0,0,0,0.137847308,0,0,0,0,0,0,0.083262918,0.052088672,0,0,0,0,0.260388943,0,0.582396901,0.036183401,0.306054556,0.114005069,0,0.088901758,0,0,0,0,0.093835788,0.081335295,0.330126673,0,0.136707238,0.120818748,0,0,0,0.227581145,0,0,0.378012231,0,0,0,0,0,0.632595934,0.120692167,0.129402458,0.070561695,0.158584636,0,0.154209269,0,0.133316405,0,0,0,0.083233409,0.306627386,0,0,0,0,0,0,0.322926138,0,0,0.068738683,0,0,0,0,0,0,0,0,0,0.161342542,0,0,0,0,0,0.067442834,0.130423483,0,0.032831302,0,0,0,0,0,0,1,0.28324714,0.387522035,0,0,0,0.326871154,0,0,0,0,0,0.117271018,0.059516734,0,0,0,0.101319416,0,0.076430323,0,0.265487753,0,0,0,0.37063067,0,0,0.152461693,0.149951111,0,0,0.036404374,0,0,0,0,0,0.113377723,0,0,0,0,0,0,0,0,0,0,0,0,0,0.251843739,0,0,0,0,0.046670359,0,0,0,0.10181065,0,0,0,0.160522148,0.076153014,0,0,0,0.090111475,0,0.078464303,0,0,0,0,0,0,0,0,0,0,0.29457574,0,0,0.645019812,0,0,0,0,0,0,0,0,0,0,0.063350738,0.062560902,0,0,0,0,0,0.718631458,0,0,0,0,0,0,0,0,0,0,0,0,0.099171935,0,0.242210869,0,0,0,0,0.610308949,0.092691737,0,0,0.041368897,0,0,0,0,0,0.097333287,0,0.105627272,0,0,0.381819995,0.048112416,0,0,0,0.144816792,0,0.658055952,0,0
0,0,0,0.241525186,0,0,0,0.167168917,0.354887751,0.169074475,0.611829452,0.146787935,0.235655234,0,0,0.131874047,0.114950434,0,0,0,0,0,0.144743796,0.115693897,0.056688274,0,0,0,0.133335855,0.116586586,0.278227511,0.06445918,0.219607102,0,0,0,0,0,0.190787101,0,0,0,0,0.178960447,0.179178974,0.476558085,0.157460672,0.346966968,0.216920932,0,0.217211946,0.379926359,0,0.091313425,0,0.228251933,0.11373926,0.320873748,0.19174067,0.110347023,0.183801918,0,0.163652464,0,0.426315742,0,0,0.227643417,0,0,0.261852585,0,0.084291083,0.300462173,0.216424684,0.339925267,0.156441625,0.496215432,0,0.306916433,0.17165964,0.441707915,0.079854161,0.178784481,0,0.227791217,0.457961004,0,0,0,0.093784565,0,0.089331496,0.405117968,0.137539493,0.162731046,0.259375334,0,0.118614623,0.105200456,0.086875616,0.193759843,0,0,0.207446768,0.179773391,0.421010949,0,0,0.11988465,0.153623853,0,0.168032273,0.294311758,0,0.138207589,0.42776364,0.264204584,0.153237917,0,0,0,0.28324714,1,0.231058062,0,0.181976578,0,0,0,0,0,0,0,0.325568009,0.149372917,0,0,0,0.247475218,0,0.153849821,0,0,0,0,0.091456068,0.682431686,0,0.115965914,0.443605235,0.185634333,0,0,0.128822884,0.261947016,0.286668539,0,0,0,0.287084645,0,0.393746705,0,0,0,0.262868733,0,0,0,0,0.098468101,0,0,0.343673063,0,0,0,0,0.155829459,0,0,0.202496388,0.240220694,0.175111811,0.168664139,0.18230788,0.593712255,0.15416433,0,0,0,0.36871737,0,0.13669118,0,0,0,0,0,0,0.136040491,0,0.234293103,0.368908932,0,0,0,0.303236315,0,0,0.228281363,0,0,0.097983438,0,0,0.299621986,0,0.15843288,0.129360036,0,0,0,0.330932452,0,0.318577673,0,0.22663919,0.269796209,0,0.172612812,0,0,0,0,0,0,0,0.310688863,0.412507534,0.516293079,0,0.143760403,0,0,0,0.285227509,0,0,0.149208308,0,0,0.245925001,0,0,0.263019136,0,0.248381216,0,0,0.229018826,0.166236846,0,0,0,0.28421931,0.303509027,0.22436531,0,0
0,0,0,0,0,0,0.172603773,0.036521401,0,0,0.258857313,0.046605438,0.113847384,0,0,0,0,0,0,0,0,0,0.167819824,0.019280986,0.021170558,0,0,0,0,0.019437132,0.072819829,0,0,0,0,0,0,0,0.072988769,0,0,0.135478213,0,0.215617636,0,0.397697676,0.051326688,0.24601323,0.139635825,0,0.087846363,0,0,0,0,0.050506501,0,0.161326936,0,0.123269111,0.064285388,0,0.061140802,0,0.161059782,0,0.108313754,0.348359614,0,0,0,0.191796397,0.059014773,0.420482789,0.093727676,0.097778115,0.099489636,0.140781385,0,0.080905625,0,0.175870915,0,0.063620405,0,0.065681763,0.246383216,0,0,0,0,0,0,0.158252217,0.022926675,0,0.11478778,0,0.02974512,0.022043498,0.090112196,0,0,0,0,0,0.142950591,0,0,0,0,0,0.102375575,0.078373208,0,0,0,0,0,0,0.138341841,0,0.387522035,0.231058062,1,0,0,0.239457659,0,0,0,0,0.207160515,0.059763198,0.152850123,0.047451525,0.173944477,0,0,0,0,0.153729592,0,0.104168256,0,0.055474237,0,0.286079285,0,0,0.135935033,0,0,0,0,0,0,0.153244417,0,0,0.103977065,0,0,0,0,0,0,0,0,0,0,0,0,0,0.180930749,0,0,0,0,0.024196432,0,0,0,0.116539677,0,0,0,0.142306201,0.09981528,0,0,0,0.084070375,0,0.062045917,0.367905655,0,0.172738301,0,0,0,0.028207007,0,0,0,0,0,0,0.425935975,0.094181423,0,0,0.06784651,0,0.037492794,0,0,0,0.239457659,0.050424083,0.110223811,0,0,0,0,0,0.456836997,0,0,0,0.177866573,0.137859058,0.042220564,0,0.087704882,0,0.035025758,0,0,0,0,0.289334313,0,0.034127157,0,0,0,0.152034268,0,0,0,0,0,0,0,0,0.092142328,0.188300153,0.099639806,0,0,0.292700126,0,0,0,0.077211259,0.076277614,0.079108804,0.285141587,0,0.207160515
0,0,0,0,0,0,0,0.029207695,0,0,0,0.031298714,0,0,0,0.048739869,0,0,0,0,0,0,0,0.042101724,0.046492113,0.138498196,0,0.066203882,0.099923866,0.042462633,0,0.053760845,0,0,0,0,0,0.084088182,0,0,0,0,0,0,0,0,0.028083979,0,0,0,0.018000717,0,0.188962806,0.080893557,0,0,0.082086996,0,0.075216093,0,0,0,0,0,0,0,0.113292988,0,0,0,0,0,0,0,0,0,0,0,0,0,0,0,0,0.111396791,0,0,0,0,0,0,0.083560831,0,0,0.146170454,0.040505083,0,0,0,0.065822109,0,0,0,0,0,0,0,0,0,0,0,0.506640718,0.194167984,0.041294112,0,0,0.045822699,0,0,0,0,0,0.097608455,0,0,0,1,0.185668791,0,0,0,0.053917407,0,0,0,0,0.042397472,0,0,0,0.102963495,0,0.05996018,0,0,0,0,0,0,0,0,0,0,0,0,0.044566319,0,0,0,0,0,0,0,0,0,0,0,0,0,0,0.624713476,0,0,0,0,0,0,0,0,0,0,0,0,0,0,0,0,0,0,0,0,0,0,0,0,0.034225749,0,0,0,0,0,0,0,0,0,0,0,0,0,0,0,0,0,0.094825081,0,0,0,0.137771597,0,0,0.038765049,0,0,0,0,0,0,0,0,0,0,0,0,0.093924756,0,0,0,0.080285467,0,0,0,0,0,0,0.053750173,0,0,0,0,0,0,0,0,0,0,0,0,0,0,0,0,0,0,0.048008506,0,0,0,0,0,0,0,0
0,0,0,0.253232795,0,0,0.149597874,0.266031583,0.236205734,0,0.194705162,0.253083409,0.271427494,0,0,0.309255039,0,0,0,0,0,0,0,0.363062951,0.171561598,0.163711193,0.133453958,0.275039406,0.347349635,0.288303923,0.327602418,0.277455389,0,0,0.094843903,0,0,0.11842306,0.251666744,0,0,0,0,0.303504793,0.475022556,0,0.276436745,0,0.136152568,0.086485078,0.2101815,0.247042034,0.097197109,0.319570061,0,0.293830569,0.331886024,0.333042847,0.376688957,0.107883679,0.226350036,0,0.243428167,0,0.113350896,0,0.173648943,0,0,0,0.191031173,0,0.251120836,0,0.162120441,0.319971193,0.21917693,0.249782071,0.081713156,0.32583485,0,0.187440033,0.24003622,0.214687193,0,0.289581999,0.303613899,0,0,0,0.196643366,0,0,0.592778901,0.228634404,0,0.271388448,0.270332097,0.22958585,0.229408239,0.082441187,0.36216476,0,0,0.113494193,0.240047728,0.209490757,0,0.068016762,0,0.143469751,0.249222755,0.245697499,0.330571159,0,0.314588335,0.310111706,0.294498412,0,0,0,0.375128143,0,0.181976578,0,0.185668791,1,0,0,0,0.23482848,0,0,0.098897556,0.245767994,0.248564444,0,0,0,0.237272583,0.119194368,0.147055273,0,0,0,0,0.13131606,0.206107103,0,0.222949616,0.311045919,0.235971134,0,0,0.326928632,0.300239072,0.246605083,0.151607714,0,0,0.396755047,0,0.252811971,0,0,0,0.371276216,0,0,0.1515827,0,0.082490324,0,0.095756291,0.279135836,0.121359282,0,0,0,0.176631076,0,0.213090525,0.167336737,0.196781729,0,0.119940928,0.23101203,0.2749884,0.259040999,0,0,0.252554172,0.346346829,0,0.222476743,0,0,0,0,0,0,0.218464619,0,0,0.24233605,0.188424801,0,0,0,0.26641322,0.19314753,0.167247142,0.031146717,0,0.208778134,0,0.16167788,0.210378214,0,0.237597199,0.181238175,0.361253728,0,0.195876447,0.4294061,0,0,0,0.253867519,0.136697968,0,0,0.251169987,0,0,0.402362103,0.172964766,0,0,0.405715328,0,0.167854673,0,0.40805196,0.114524083,0.261432308,0,0.207088762,0,0,0.254675959,0.115599862,0,0,0,0.161050722,0.289394152,0.15135256,0.270769506,0,0.136934885,0,0.294735911,0,0.155620079,0.096266841,0.369137497,0.252615604,0,0.173660166,0
0,0,0,0,0,0,0,0,0,0,0,0.015388854,0,0,0,0,0,0,0,0,0,0,0,0,0,0,0,0,0,0,0,0,0,0,0,0,0,0,0.024786295,0,0,0,0,0,0,0,0.017032116,0,0,0,0.023689046,0,0,0,0,0,0,0,0,0,0,0,0,0,0,0,0.071944258,0,0,0,0,0,0.035506109,0,0.032557288,0,0.018670663,0,0,0,0,0.067178648,0,0,0,0.022130491,0,0,0,0,0,0,0,0,0.024727252,0,0,0,0.032848428,0,0,0,0,0,0,0,0,0,0,0,0,0,0.017824222,0,0,0,0,0,0,0,0,0,0,0,0.239457659,0,0,1,0,0,0,0,0,0,0,0.015682142,0,0,0,0,0,0,0,0,0,0,0,0,0,0,0,0,0,0,0,0,0,0,0,0,0,0,0,0,0,0,0,0,0,0,0,0,0,0,0,0,0,0,0,0,0,0,0,0,0,0,0,0,0,0,0,0,0,0,0.020824422,0,0,0,0,0,0,0.030982697,0,0,0,0,0,0,0,0,0,0,0,0,0.042561,0,0,0,1,0.016716695,0.029984719,0,0,0,0,0,0,0,0,0,0,0,0,0,0,0,0,0,0,0,0,0,0,0,0,0,0,0,0,0,0,0,0,0,0,0,0,0,0,0,0,0,0,0,0,0,0,0,0,0,0
0,0,0,0,0,0.114164288,0,0.100789081,0,0,0.212889634,0.08805307,0.123735455,0,0,0.047036525,0.200657053,0,0,0,0,0.383982468,0.184273607,0.040923162,0.061110825,0,0,0.085205985,0,0.056058394,0.123793566,0,0,0,0,0,0,0.078171237,0.053707632,0,0.269854099,0,0,0.23893644,0,0,0.069311798,0,0,0.146859465,0.089362427,0,0,0.102518773,0,0.094167133,0.076469752,0.130213077,0.080575468,0.246992454,0.178331554,0,0.132042779,0,0.198535139,0,0.15930771,0,0.094826284,0,0.279547937,0,0.074853098,0,0.120045326,0.128340174,0.071363651,0.15379093,0,0.137748101,0,0.241328692,0.059337712,0,0.300407566,0.124396902,0,0,0,0,0,0.254176669,0.172926063,0.127656568,0.059165034,0,0.070181462,0.29400151,0.069718111,0.120107246,0,0,0,0.262096963,0,0.234931279,0,0,0.104612555,0.256469801,0,0.220102618,0.111206563,0.129309389,0,0.075501201,0,0,0,0,0,0.121584987,0.326871154,0,0,0,0,0,1,0,0.1293846,0,0,0.035144472,0.116411403,0.089661273,0,0,0,0.093878579,0,0.065276089,0,0.219831785,0,0.130496244,0.149418388,0,0,0.202813125,0.124664849,0.287436429,0,0,0.083490566,0.136098034,0.151011252,0.09158598,0,0,0,0,0,0.257607158,0,0,0,0,0,0,0,0,0,0,0.101794478,0,0,0,0.20420965,0.166606083,0,0,0,0.043201003,0.183626622,0,0.149960022,0,0.142463825,0.406693026,0,0.150264408,0,0,0.117456306,0,0,0,0,0,0,0.121590589,0,0,0,0.239406656,0,0,0,0,0,0.302677671,0,0,0.088155626,0,0,0,0,0.095314126,0.117974784,0,0,0,0,0,0,0,0.232627336,0,0,0,0.117439371,0,0,0,0.187364193,0,0,0.197107235,0,0,0,0.07010134,0,0,0.413087433,0,0,0,0.094519393,0.242689088,0,0,0,0,0.097563413,0.215614529,0.105585883,0,0.189446378,0,0.099305878,0,0,0.183570655,0.142903414,0.115944872,0.235709162,0,0
0,0,0,0.169604408,0,0,0,0.012286243,0,0,0,0.010663592,0,0,0,0.020755212,0,0,0,0,0,0,0,0.017853649,0,0,0,0,0,0.018010781,0,0,0,0,0,0,0,0,0,0,0,0,0,0,0,0,0,0,0,0,0,0,0,0,0,0,0.035707145,0,0,0,0,0,0,0,0,0,0,0,0,0,0,0,0,0,0,0,0,0,0,0,0,0,0,0.049389934,0,0,0,0,0,0,0,0,0,0,0,0,0,0,0,0.042273421,0,0,0,0,0,0,0,0,0,0,0,0,0,0,0,0,0,0,0,0,0,0,0,0,0,0,0,0,0,1,0,0,0,0,0,0,0,0,0,0.04539928,0,0,0,0,0,0,0,0,0,0,0,0,0,0,0.015286329,0,0,0,0,0,0,0,0,0,0,0,0,0,0,0,0,0,0,0,0,0,0,0,0,0,0,0,0,0,0,0,0,0,0,0,0,0,0,0,0,0,0,0,0,0,0,0,0,0,0,0,0,0,0,0,0,0,0,0,0,0,0,0,0,0,0,0,0,0,0,0,0,0,0,0,0,0,0,0,0,0,0,0,0,0,0,0,0,0,0,0,0,0,0,0,0,0,0,0,0,0,0,0,0,0,0,0,0.020434339,0,0,0,0.027428016,0,0,0,0
0.106145972,0.064442679,0.149545553,0.080981603,0,0.32913033,0.053123013,0.575994345,0.031391457,0,0,0.521055997,0.327898822,0,0,0.607583666,0.160797352,0.096738483,0.070775019,0.213983562,0.06628105,0.061856686,0.246814366,0.58765997,0.680207903,0.280218096,0.13382651,0.708409559,0.472848832,0.675793487,0.424498895,0.69601448,0,0,0.05401391,0,0.057726528,0.444164475,0.423532393,0,0.057911184,0.167588734,0,0.135073787,0.268268735,0,0.553160259,0.089411925,0.076206955,0.187755999,0.507588218,0,0.241456931,0.635920697,0.159360853,0.446755222,0.443869218,0.055130112,0.471505721,0.25336181,0.256308667,0.050823482,0.182001497,0.0459956,0.175130246,0,0.332457675,0,0,0,0.130366971,0,0.38912114,0,0.309124628,0.222261188,0.411433571,0.255138309,0.424152477,0.190782084,0.03484101,0.214002054,0.451276068,0.416779024,0.088502678,0.504932853,0.067290705,0,0.059505746,0.037838441,0.39971705,0.118981039,0.283492563,0.214911681,0.533599622,0,0.347631441,0.20656593,0.486508826,0.440754217,0.260377652,0.209909491,0.036572247,0.262731692,0.169221646,0.397237269,0.175183023,0.064154922,0.287809877,0.333999932,0.052957843,0.282430857,0.451843229,0.282348183,0.049342916,0.580200036,0.033331122,0.235135882,0,0.035208667,0.042401443,0.439317643,0,0,0,0.053917407,0.23482848,0,0.1293846,0,1,0.037435886,0,0.118386379,0.216888088,0.564296087,0,0.111765967,0.036686163,0.228249131,0,0.328657128,0.06628105,0.056991801,0.042200349,0.141301633,0.240393093,0,0.037838441,0.188460446,0.223513843,0.153324959,0.067986567,0.069757245,0.630095021,0.418192802,0.310113363,0.24521078,0,0,0.183391534,0,0,0.182812557,0,0,0.314943641,0,0.060656509,0.080202063,0,0,0.061881222,0.043554066,0.081101418,0.14111053,0,0,0.150473345,0.421022399,0.062579691,0,0.164537263,0.204760324,0.082581858,0,0.200888199,0.176482502,0.403070631,0.062418183,0,0.205828951,0.297202764,0.058060353,0.492110215,0,0,0,0.061262532,0,0.109986294,0.493961316,0.057912944,0,0,0.134407327,0.054860586,0,0,0.199134108,0.076688271,0.057326615,0.090639603,0.035521233,0.465470288,0,0.500345199,0.046428657,0,0.593300949,0.433078378,0.142208563,0,0.189285082,0.330966492,0,0,0,0.095193957,0.052600695,0,0.246541533,0.233501493,0,0.045803436,0.079652704,0.461759598,0.031817981,0.030724029,0.249117834,0,0,0,0.463822689,0.10730678,0.223744188,0,0.186995839,0.087540657,0.04672937,0.532359783,0.186152606,0,0,0,0.055850378,0.294219287,0.076729099,0.353705648,0,0.224199121,0.033167694,0.416613595,0,0.053863196,0.179003625,0.304702132,0.099124788,0.064736047,0.332531747,0
0,0,0,0,0,0,0,0.020136628,0,0,0,0.027445905,0,0,0,0.019205762,0,0,0,0,0,0,0,0.029133217,0,0,0,0,0,0.046088179,0.042201777,0.037325505,0,0,0,0,0,0,0.028081831,0,0,0,0,0,0,0,0,0.107159539,0,0,0,0,0,0,0,0.016129861,0,0,0.052545235,0,0,0,0,0,0,0,0,0,0,0,0,0,0,0,0,0,0,0,0,0,0,0,0,0,0,0,0,0,0,0.77870324,0,0,0,0,0,0,0,0,0,0,0,0,0,0,0,0,0,0,0,0,0,0,0.020249546,0.039846403,0,0,0,0.079053622,0,0,0,0,0,0,0,0,0,0,0,0,0.037435886,1,0,0,0,0.027965744,0,0,0,0,0,0.065407158,0,0,0,0,0,0,0.77870324,0,0.086460751,0.062993643,0,0.580987848,0.024994394,0,0,0,0,0,0,0,0,0,0,0,0,0,0,0,0,0,0,0,0,0,0,0,0,0,0,0,0,0,0,0,0,0,0.041546796,0,0,0,0,0,0,0,0,0,0,0,0,0,0,0.32071038,0,0,0,0,0,0,0,0,0,0,0,0,0,0,0,0.018999618,0,0,0,0,0,0,0,0,0.150969928,0,0,0,0,0,0,0,0,0,0,0,0,0,0,0,0,0,0,0,0.507352055,0,0.044685244,0,0,0,0,0,0,0,0,0,0,0,0.052190385,0,0,0,0,0.045137533,0,0,0
0,0,0,0,0,0,0.508532823,0,0,0,0,0,0,0,0,0,0,0,0,0,0,0,0,0,0,0,0,0,0,0,0,0,0,0,0,0,0,0,0,0,0,0,0,0,0,0,0,0,0,0,0,0,0,0,0,0,0,0,0,0,0,0,0,0,0.054677641,0,0.061452055,0,0,0,0,0,0.030244611,0,0,0,0,0,0,0,0,0,0,0,0,0,0,0,0,0,0,0,0,0,0,0,0,0,0,0,0.077292273,0,0,0,0,0,0,0,0,0,0,0,0,0,0,0,0,0,0,0,0,0,0,0,0.207160515,0,0,0,0,0,0,0,1,0,0,0,0,0,0,0,0,0,0,0.173229801,0,0.070426447,0,0,0,0,0,0,0,0,0,0,0,0.0461755,0,0,0,0,0,0,0,0,0,0,0,0,0,0,0,0,0,0,0,0,0,0,0,0,0,0,0,0,0,0,0.031388279,0,0,0,0,0,0,0,0,0,0,0,0,0,0,0,0,0,0,0,0,0,0,0,0,0,0,0,0,0,0,0,0.025530779,0,0,0,0,0,0,0,0,0,0.557097743,0,0.050357625,0,0,0,0,0,0,0,0,0,0,0.028143441,0,0,0,0,0,0,0,0,0,0,0,0,0,0.137553754,0,0,0,0,0,0,0,0.109597396,0,0,0,0,1
0.499727867,0,0.268347877,0,0,0,0,0.059633193,0,0,0,0.071477971,0,0,0,0.055645672,0,0.317701183,0,0,0.442002713,0,0.157919073,0.048466862,0.053228142,0.142252053,0.306973219,0.073978352,0.107258442,0.048860235,0.084320391,0.060997401,0,0,0.170189668,0,0,0,0.034880674,0,0,0.180070955,0,0,0,0,0.078729655,0,0.063505295,0.149963945,0.07833588,0,0,0.08880613,0.313678965,0.05842779,0.089987954,0,0.083137437,0.115777056,0.038998356,0,0,0.082051863,0.108768933,0,0.089193079,0.058622288,0,0,0,0,0.048477318,0,0.038959484,0.08951016,0.049989891,0,0.102969319,0.049115532,0,0.0842989,0.107188907,0,0,0.100790782,0,0,0,0,0,0.048677277,0,0.096386756,0.079503541,0,0.085014426,0.160837258,0.045182512,0.022147037,0.030662511,0,0,0,0.229248692,0,0.100095782,0.362000182,0.107531846,0.120138096,0,0,0.040289445,0.041936329,0,0.060111767,0.183393612,0,0,0,0,0.020032461,0,0,0.059763198,0,0.098897556,0,0.035144472,0,0.118386379,0,0,1,0.140154998,0.060243933,0,0,0,0,0.268686097,0.148006301,0.442002713,0,0,0,0,0,0,0,0,0,0,0,0.031258365,0.08743114,0,0,0,0,0.063183399,0,0,0,0,0,0.117837628,0,0,0.027091478,0,0.134141925,0,0,0.077214976,0.049100461,0,0,0,0.080513365,0,0,0,0.071213303,0,0.272509665,0,0.133765337,0,0,0,0,0,0,0.069434697,0,0,0,0,0,0,0.100351183,0,0,0,0,0,0,0,0,0,0,0.206338457,0,0.056991889,0,0,0,0,0.056409843,0.055815454,0.20413049,0,0,0.112162565,0,0,0,0,0,0,0.183261701,0,0,0.089367194,0,0.15390485,0,0,0,0,0,0,0.060986096,0.240250939,0.161380255,0,0.112701052,0,0,0.082823778,0,0,0,0,0,0.068205517,0,0.073768599,0,0,0,0.054860553,0,0,0.230279798,0,0.048068496,0,0,0
0,0,0,0.112444979,0,0.187830547,0,0.357649582,0.149702713,0.071866758,0.233824416,0.37333429,0.425826371,0,0,0.294270668,0.305370705,0,0.122914718,0.176245158,0,0,0.327766584,0.2497271,0.21307637,0.036588268,0,0.136225535,0.156039991,0.291105805,0.220795933,0.143816993,0,0.044857301,0.151325705,0,0.089852147,0,0.516303101,0,0,0,0,0.296711071,0.392720196,0.11818612,0.400338476,0.099884337,0.257421899,0,0.407971103,0.1539835,0.077028046,0.250043528,0,0.356440656,0.079025444,0.430077367,0.306184341,0.39891341,0.427399637,0,0.294180057,0,0.22944597,0,0.432950595,0.244474521,0,0,0.422233715,0,0.466417788,0.120120463,0.477218654,0.527200075,0.443149881,0.414490333,0.133037463,0.456229554,0,0.416309917,0.303652868,0.20783927,0.09366364,0.430086842,0.229253643,0,0,0,0.169289356,0,0.236253322,0.236331163,0.425967476,0,0.545128378,0.275050815,0.375209118,0.319727878,0.114378736,0.300106601,0,0.284781198,0.203813867,0.275215111,0.435049413,0,0.121482404,0.288204022,0,0.189401575,0.416465646,0.41077473,0,0.3766812,0.204436056,0.380220915,0.099977937,0,0,0.267348349,0.117271018,0.325568009,0.152850123,0,0.245767994,0,0.116411403,0,0.216888088,0,0,0.140154998,1,0.331160291,0,0,0,0.186525897,0.073415373,0.202176819,0,0,0,0,0.070413027,0.242927429,0,0.277163866,0.466701661,0.280317963,0,0,0.365582896,0.499740069,0.334596671,0.080432048,0,0,0.476902513,0,0.15620565,0,0,0,0.16849474,0,0,0,0.225446327,0.224776172,0,0,0.485607708,0.085815201,0.074321737,0,0,0.47607953,0,0.131015205,0.103185937,0.454442539,0.095570129,0.073697916,0.177521168,0.323586673,0.437784659,0,0,0.171882425,0.41937379,0.099188802,0.454516873,0.05305087,0,0,0,0,0,0.430314645,0.202893829,0,0.204172145,0,0,0,0.120561406,0.122185644,0.12319443,0.221607482,0.094455545,0,0.425894982,0,0.147155728,0.138895601,0,0.348369663,0.402299493,0.188600521,0.105809431,0.110518943,0.163774036,0,0.122914718,0.101888824,0.22024212,0.118211907,0.054347946,0.094820918,0.441233958,0,0,0.122874656,0.17812468,0,0,0.218450346,0.214969608,0.370794063,0,0.384380238,0.086359837,0.176301075,0,0.484111705,0,0,0.336424083,0,0,0,0,0,0.501536965,0.146122676,0.554526887,0,0.277215985,0.106800825,0.229138062,0,0,0,0.377388169,0.149794039,0.301790421,0.266920356,0
0.053072867,0.030742159,0.16739273,0.085033391,0.021120004,0.366071286,0.025453313,0.867980017,0.043019918,0.019889969,0.139183545,0.853868387,0.370139843,0.025622015,0,0.622825009,0.211306743,0.055621304,0.033820844,0.175724502,0.031634861,0.055148274,0.256157386,0.673713955,0.581500212,0.230724119,0.091712512,0.498598829,0.382238559,0.675890023,0.579101185,0.620177136,0.022148637,0,0.062892363,0.018467526,0.113734517,0.361190668,0.71727259,0.015084421,0.099882364,0.140195511,0.023160421,0.171469637,0.257674096,0.055230738,0.790617205,0.121421823,0.290659966,0.257619169,0.688767838,0.049338036,0.168949731,0.459412596,0.078429939,0.738962899,0.453781708,0.263306642,0.48898287,0.35198488,0.560237919,0.024156281,0.268149651,0.021999619,0.374785109,0,0.28796345,0.073356874,0,0,0.133761215,0,0.506411085,0.033605743,0.49208458,0.459070343,0.705906959,0.31403496,0.285705091,0.456350704,0.016659935,0.370514424,0.578676312,0.289431623,0.096399564,0.720823927,0.145093427,0.036779857,0.051648446,0.017921876,0.376981418,0.076846443,0.254794606,0.250317013,0.623367809,0.02820198,0.495532298,0.116242057,0.603744842,0.347291049,0.222981228,0.174977407,0,0.160565364,0.154234297,0.352536705,0.293930377,0.06228454,0.349580864,0.308031381,0.025664718,0.190865787,0.773750737,0.544479519,0.051938771,0.74633387,0.053654558,0.332398335,0.028469246,0.024744241,0.043282643,0.389303278,0.059516734,0.149372917,0.047451525,0.042397472,0.248564444,0.015682142,0.089661273,0,0.564296087,0.027965744,0,0.060243933,0.331160291,1,0.018042689,0.074657475,0,0.337424422,0.020389051,0.371101882,0.031634861,0.088873683,0.071226767,0.264522248,0.24411503,0.098262347,0.017921876,0.224729323,0.318276859,0.248719361,0.029684226,0.017782599,0.766611658,0.343906848,0.303545163,0.340455055,0,0,0.36843359,0.013338327,0.043540812,0.091870063,0,0.008232445,0.337700548,0,0.029394038,0.025912814,0.182260175,0.096056932,0.040384736,0.103094393,0.267940382,0.115494402,0.02007348,0.018467526,0.14962174,0.571018558,0.029838408,0.036310918,0.159540422,0.509887315,0.16703416,0,0.265935373,0.310305323,0.531836568,0.030040094,0,0.198145565,0.49987834,0.055216108,0.777269339,0,0,0,0.049830471,0.018281752,0.053402602,0.625378006,0.02804033,0.035108112,0.04321904,0.114596719,0.026103475,0,0.044324692,0.129490369,0.05624801,0.121685467,0.048742603,0.016813898,0.496168152,0,0.279070549,0.095583207,0.015682142,0.890810451,0.637131798,0.095615459,0.028923159,0.09377787,0.362478188,0,0.033820844,0.049439856,0.187588049,0.082950042,0.006024362,0.167032706,0.32231238,0.025607573,0.021955561,0.074581579,0.428849568,0.015078191,0.014524472,0.388362701,0.062870075,0.151109701,0,0.597598588,0.143231477,0.197930072,0.026581523,0.318375693,0.032605789,0,0.746329624,0.105940701,0,0.02513705,0.030995379,0.026581523,0.603815202,0.109729012,0.556643861,0.025622015,0.213860425,0.091982465,0.6433711,0,0.025622015,0.132493278,0.528135321,0.262488458,0.117728864,0.446199426,0
0,0,0,0,0,0,0,0,0,0,0,0.01178463,0,0,0,0,0,0,0,0,0,0,0,0.020599259,0.022770598,0,0,0,0.023701181,0.020777585,0,0,0,0,0.15015143,0,0,0,0,0,0,0.093254105,0,0,0,0,0.013032713,0,0,0,0.018988382,0.146152905,0,0,0,0,0,0,0,0,0,0,0,0,0,0,0,0,0,0,0,0.5277789,0,0,0,0,0.029277159,0.060418484,0,0,0,0,0,0.0553958,0,0,0,0,0,0,0,0,0,0,0,0,0,0,0.024945316,0,0,0,0,0,0,0,0,0,0,0,0,0,0.021180075,0,0,0.015140082,0.168409853,0,0,0,0.255797548,0,0,0,0.173944477,0,0,0,0,0,0,0,0,0,0,0.018042689,1,0,0,0,0,0.02945922,0,0,0,0,0,0,0,0,0,0,0,0,0,0,0,0.042766373,0,0,0,0,0,0,0,0,0,0,0,0,0,0,0,0,0,0,0,0,0,0,0,0,0,0.042576176,0,0,0.072187041,0,0,0,0,0,0,0,0.015905511,0,0,0,0,0,0,0,0,0,0,0,0,0,0,0,0,0,0,0,0,0,0,0,0,0.012793299,0,0,0,0,0,0,0,0,0,0,0.185963428,0.095411906,0,0,0,0,0.039633333,0,0,0,0,0,0,0,0,0,0,0,0,0,0,0,0,0,0,0,0,0,0,0,0,0.162593179,0.033631904,0,0,0,0,0,0,0,0
0,0,0.392750636,0,0,0.085968897,0,0.061495264,0,0,0,0.053629281,0,0,0,0.138543824,0,0,0,0.154057241,0,0,0,0.120175327,0.132341188,0.245589472,0,0.186145846,0.275197248,0.121177951,0.112785376,0.152336115,0,0,0,0,0,0.079747955,0.039560221,0,0,0.318146879,0,0,0.134667975,0,0.059171575,0,0.067168451,0.154175852,0.081275761,0,0,0.22539399,0.312640065,0.077216562,0.15060571,0,0.210309212,0,0,0,0,0,0.109097316,0,0,0,0,0,0,0,0.055559985,0,0,0,0,0,0,0.051278418,0,0,0.059935948,0.103905299,0,0.076150014,0,0,0.383784859,0,0,0,0,0,0.039470327,0,0.059557545,0,0.051651986,0.090643021,0,0,0,0.208770211,0,0,0,0,0.10777758,0,0,0.17249086,0.028822233,0.055281548,0,0.068471567,0,0,0,0,0,0.091808454,0,0,0,0,0,0,0,0,0.111765967,0,0,0,0,0.074657475,0,1,0,0,0.349279232,0.111526055,0,0,0.274928859,0,0.264951944,0,0,0,0.129582762,0,0.511711647,0,0.07584268,0,0.115284215,0,0,0,0,0,0,0.284608812,0,0,0.118831219,0,0.437291611,0,0,0,0.510069292,0,0,0,0,0,0,0.045185464,0.561749818,0,0,0.034085852,0,0,0,0,0.123382796,0,0,0,0,0,0,0,0,0,0.794423524,0,0.425714252,0.05598624,0,0,0,0,0,0,0,0,0,0,0,0,0.065752185,0,0.370898833,0,0,0.079426907,0.047398129,0,0,0,0.112727618,0,0,0,0,0,0,0.19229325,0,0,0,0,0.147463698,0,0,0,0,0,0,0,0,0,0,0,0,0,0.071684326,0,0,0,0,0,0,0,0,0,0,0,0.089965847,0,0,0,0,0,0,0,0
0,0,0,0,0,0,0,0,0,0,0,0,0,0,0,0,0,0.328848233,0,0,0,0,0,0,0.0315167,0,0,0,0,0.028727389,0,0,0,0,0,0,0,0,0,0,0,0,0,0,0,0,0,0,0.062614505,0,0,0,0,0,0,0,0,0,0,0,0,0,0,0,0,0,0,0,0,0,0,0,0,0,0,0.038756216,0.020677701,0,0,0,0,0,0,0,0,0,0,0,0,0,0,0.224582181,0,0,0,0,0.036614863,0,0,0,0,0,0.921740035,0,0,0,0,0,0,0.079771528,0,0,0,0,0,0,0.267111339,0,0,0.466447332,0,0,0,0,0,0,0,0,0,0,0.036686163,0,0,0,0,0,0,0,1,0,0,0.040921581,0,0,0,0,0.107592087,0,0,0,0,0,0,0,0,0,0,0,0,0,0,0,0,0,0,0,0,0,0,0,0,0,0,0,0,0,0,0,0.162801776,0,0,0,0,0.030180589,0.140727771,0,0,0,0,0,0,0,0,0,0,0,0,0,0,0,0,0,0,0,0,0,0,0,0,0,0.375108346,0,0.338674867,0,0,0,0,0,0,0,0,0,0,0,0,0,0,0,0,0,0,0,0,0,0,0,0,0,0,0,0,0,0,0,0,0,0,0.050174313,0,0,0,0,0,0,0,0,0.028805523,0,0.03135634,0,0,0,0.032569292,0,0,0,0,0,0,0,0
0,0,0.114738994,0.160089014,0,0.147026075,0,0.38276252,0.164943373,0,0.230471843,0.356156247,0.169391591,0.104573637,0,0.425735654,0,0.092780612,0,0,0,0,0,0.372569314,0.299506306,0.234039509,0.13074633,0.283376433,0.352482682,0.302640816,0.400558154,0.345128587,0,0.049900029,0.086267304,0,0.228068903,0.297091379,0.34118393,0,0.110313352,0,0,0,0.113302811,0,0.314350791,0.155328981,0,0.23984259,0.336140703,0.170155322,0.228329965,0.227920516,0,0.354904779,0.397847417,0.292397714,0.319491406,0.082133166,0.284029203,0.098817443,0.331992391,0,0.479355387,0,0.200085213,0,0,0,0.141566121,0,0.12190534,0,0.24544549,0.331297746,0.242692292,0.315033868,0.162632447,0.375566402,0,0.433023594,0.320167704,0.360728562,0.090795432,0.275341648,0.257456042,0.147543903,0,0,0.424342198,0.168850492,0.075467084,0.248155626,0.289128569,0,0.214420971,0,0.281916665,0.233399014,0.074137334,0.202134764,0,0,0.230997509,0.259973916,0.264493423,0,0.184037302,0.22526115,0.099519932,0.075616467,0.373401155,0.277177908,0.093370156,0.303405511,0.152401315,0.378508681,0.025775834,0.096420103,0,0.175081459,0.101319416,0.247475218,0,0.102963495,0.237272583,0,0.093878579,0.04539928,0.228249131,0,0,0,0.186525897,0.337424422,0,0,0,1,0,0.155092491,0,0.310982431,0,0.358733207,0.079003343,0.149679634,0,0,0.103464766,0.380369181,0,0,0.392755422,0.261142454,0.390800818,0.228576895,0,0,0.220366148,0,0.172872856,0.122288767,0,0,0.400230689,0,0,0.103357176,0,0.077771977,0,0.15379023,0.246180222,0,0,0,0.266038565,0.371133557,0,0,0.204272845,0.267438306,0.375832463,0,0.421323619,0.433037877,0.203245311,0,0,0.163394838,0.411320162,0,0.379924307,0,0,0,0,0,0,0.371205309,0,0,0.167909464,0.194924346,0,0,0,0,0,0.119419152,0,0,0.226861251,0,0.23008312,0.235376993,0,0.28424207,0.265422008,0,0,0,0.386193708,0,0,0.081920367,0.303163127,0.129873361,0,0.189075434,0.129086559,0.104333479,0,0,0.117713779,0,0,0.393425555,0.130431675,0.203312648,0,0.409584162,0.119955534,0.07894337,0.108327548,0.1416497,0,0,0.355028907,0.082064459,0,0,0.08737399,0,0.378434549,0.116977821,0.276543204,0.104573637,0.032373138,0.059470936,0.508558117,0,0,0.146462164,0.417086757,0.440531262,0.090473308,0.309732829,0
0,0,0.185577725,0,0,0,0,0,0,0,0,0.020012468,0,0,0,0.03841494,0,0,0,0.177681279,0,0,0,0.03317596,0.036640709,0.109473305,0,0.052208577,0.078885363,0.033460741,0.047831187,0.042379089,0,0,0.24073286,0,0,0,0,0,0,0.145888525,0,0,0,0,0.02212013,0,0.14260348,0,0,0,0,0.063822894,0,0.032325964,0.064766961,0,0.059332742,0,0.041805511,0,0,0,0,0,0,0,0,0,0,0,0,0,0.041760845,0.044838707,0.024216196,0,0,0.107305677,0,0,0,0,0,0.028623981,0,0,0,0,0,0,0,0.115566132,0.031916186,0,0.042422143,0.222437261,0,0,0,0,0,0,0,0,0,0,0,0,0,0,0,0.045200073,0,0.025673782,0.268029154,0,0,0,0,0,0,0,0,0,0.119194368,0,0,0,0,0,0,0.268686097,0.073415373,0.020389051,0,0.349279232,0,0,1,0.094550662,0,0,0.360455733,0,0.118990613,0,0,0,0,0,0,0,0,0,0,0,0,0,0.070896207,0,0,0,0,0,0,0,0,0,0,0.174429485,0,0,0.089054806,0,0,0,0,0.036683824,0,0,0,0.070237921,0,0.513405159,0,0,0,0,0,0,0,0,0,0,0,0,0.448900895,0,0,0,0,0,0,0,0,0,0,0,0,0,0,0,0,0,0.108896441,0,0,0.021716001,0,0,0,0,0,0,0,0,0,0,0,0,0,0,0,0,0.063341894,0,0,0,0,0,0,0,0,0,0,0.057608128,0,0,0.032452721,0,0,0,0,0,0.033549981,0,0.036458214,0,0,0,0.037837622,0,0,0,0,0,0,0,0
0.147829762,0,0.357648952,0,0,0.054434989,0,0.320217845,0,0.042468556,0.069606637,0.278127566,0.118003576,0,0,0.340413265,0.051684285,0.135987314,0,0.139026558,0.073804756,0.068685554,0.158876067,0.451213456,0.422048272,0.52666295,0.068754767,0.39067276,0.233194883,0.448228726,0.4482573,0.375442474,0,0,0.042906185,0.043472758,0.141145093,0.037130157,0.1355408,0,0.126738792,0.440284837,0.054345615,0.13714848,0.093565605,0.076817974,0.296242703,0.150680764,0.490919248,0.323675887,0.262009071,0,0.04918342,0.214799606,0.069085556,0.345680756,0.353717245,0.124332282,0.411891281,0.247029197,0.31654227,0,0.198642954,0,0.336126699,0,0.151549093,0.103430382,0,0.022673947,0,0.02993104,0.118969834,0.077630514,0.299690898,0.360645419,0.321224478,0.10757641,0.039359506,0.334783436,0.042629815,0.245573408,0.204419275,0.281535843,0.097810041,0.285225952,0.068671735,0.08551019,0.102800822,0.042204029,0.140225957,0.165713247,0,0.18049156,0.113003029,0.042056763,0.396040659,0.042286283,0.097845719,0,0,0.131558095,0.040779894,0,0.138392011,0.125696529,0.057146978,0.071178114,0.197456793,0.217919481,0.12729728,0.049529009,0.292451125,0.229000612,0,0.182337336,0.119625506,0.209720934,0.071854429,0.039091745,0.13701432,0.104096613,0.076430323,0.153849821,0.153729592,0.05996018,0.147055273,0,0.065276089,0,0.328657128,0.065407158,0,0.148006301,0.202176819,0.371101882,0.02945922,0.111526055,0.040921581,0.155092491,0.094550662,1,0.073804756,0.139167483,0.092377666,0.113070482,0.267759964,0.159502828,0.042204029,0.141770829,0.307351945,0.082974168,0.086072626,0.041439714,0.252204388,0.058853053,0.111829874,0.167958307,0,0.024208102,0.214874738,0.031509004,0,0.125329762,0,0,0.183864245,0,0.067321094,0.060093474,0.027781244,0.136075003,0.068833074,0.038152509,0.313418172,0,0,0.043472758,0.251827062,0.188019013,0.06969839,0.084280691,0.042079032,0.479116592,0.173033073,0.08983495,0.107392581,0.228791161,0.273675014,0.069378566,0.031231618,0.257266926,0.165666039,0,0.223136055,0.060562346,0.009041178,0.027002901,0.114840357,0,0.143311168,0.255304606,0.033893431,0.08171571,0,0.0640479,0,0,0.077814444,0.061133993,0.165950762,0.139182099,0.054263732,0,0.047306844,0.009041178,0.15529171,0.014371226,0,0.35670208,0.207626764,0.077146537,0,0.011397706,0.193046847,0,0.07878806,0,0.105804854,0,0,0.350260852,0.173556701,0,0,0.080835602,0.373123976,0.044365674,0,0.1263497,0.040387175,0.215992172,0,0.231758951,0.140181446,0.153276182,0,0.375043622,0.097356089,0.022336594,0.346361891,0.07732623,0,0.058904442,0,0,0.332572781,0.182917754,0.365499327,0,0,0.133896722,0.395583509,0,0,0.153162041,0.208176583,0.272419709,0.071375837,0.16429915,0
0.628338658,0,0.299249646,0,0,0,0,0.035716677,0,0,0,0.031047892,0,0,0,0.059850064,0,0.530452687,0,0,1,0,0.197241468,0.051625627,0.057062563,0.17338998,0.501207004,0.081599092,0.124056459,0.052072183,0.074682101,0.066086377,0,0,0,0,0,0,0,0,0,0.233049338,0,0,0,0,0.034334339,0,0,0.184985129,0.047591469,0,0,0.10001946,0.519333967,0.050293122,0.101521102,0,0.092886338,0.135595788,0,0,0,0,0.126081588,0,0,0,0,0,0,0,0,0,0,0,0,0,0,0,0,0,0.066594256,0,0,0.044495726,0,0,0,0,0,0,0,0,0,0,0,0,0,0,0,0,0,0,0.322617538,0,0,0.666666667,0.124422352,0.141616485,0,0,0,0,0,0,0,0,0,0,0,0,0,0,0,0,0,0,0,0,0.06628105,0,0,0.442002713,0,0.031634861,0,0,0,0,0,0.073804756,1,0,0,0,0,0,0,0,0,0,0,0,0,0,0,0,0,0,0,0,0,0,0,0,0.138430835,0,0,0,0,0,0,0,0,0,0,0,0,0,0,0,0,0,0,0,0,0.160943808,0,0,0,0,0,0,0.041897694,0,0,0,0,0,0,0.062013542,0,0,0,0,0,0,0,0,0,0,0,0,0,0,0,0,0,0.033703941,0.060046516,0,0,0,0.130664278,0,0,0,0,0,0,0.238421765,0,0,0,0,0.099254628,0,0,0,0,0,0,0.066073108,0.34484125,0.202670576,0,0,0,0,0.050491801,0,0,0,0,0,0,0,0,0,0,0,0.058942788,0,0,0.243735434,0,0,0,0,0
0,0,0.231086711,0,0,0.110306907,0.148387322,0.121485019,0,0,0.18502715,0.117589672,0.06609996,0,0,0.097495467,0,0,0,0,0,0,0,0.14049716,0.110393737,0.284145808,0,0.152071748,0.098006603,0.101525569,0.196165728,0.126085593,0,0,0,0,0.506383154,0.131305665,0.053481769,0,0,0,0,0,0,0,0.102162596,0,0,0.16398438,0.130341305,0,0,0.081780316,0,0.167153915,0.173445978,0.119231251,0.076744412,0.170207468,0.117565793,0,0.122057759,0,0.350676641,0,0.047516034,0.158712578,0,0,0,0,0.141144341,0,0.049125467,0.165746007,0.052506342,0.119648835,0,0.147079832,0,0.228807981,0.092413717,0.10732969,0,0.109663801,0,0.418481709,0,0,0.159388054,0,0,0.117084221,0.073450891,0,0.056893747,0,0.107120863,0,0.143982564,0.184532986,0,0,0.242733941,0.122534298,0,0,0.119682443,0,0,0,0.122125642,0.150066358,0,0.081205549,0,0.239076555,0,0,0,0,0.265487753,0,0.104168256,0,0,0,0.219831785,0,0.056991801,0,0.173229801,0,0,0.088873683,0,0,0,0.310982431,0,0.139167483,0,1,0,0.199789342,0.136758569,0,0,0,0,0.1225721,0,0,0.148665098,0.130097377,0.26095791,0.202064367,0,0,0,0,0,0.088076954,0.152502126,0,0.13058704,0,0,0,0.104450188,0,0,0.087158976,0.094957218,0,0,0,0.220830135,0.127171257,0,0,0,0.041920015,0.200845409,0,0.13721217,0.120880099,0.145786186,0,0,0.260485513,0.072901042,0,0.155945595,0,0,0,0,0,0,0.14033692,0,0,0,0.438488173,0,0,0,0.123858209,0,0,0,0,0,0,0,0,0,0.115010542,0.086260527,0,0,0,0.124593894,0,0,0,0.212403136,0,0.152260398,0.162269397,0.253689787,0,0,0,0.098973286,0,0,0.086407114,0,0,0,0.150873693,0.253269106,0.154728444,0.319679023,0,0,0,0.137655772,0,0,0,0,0,0.141962991,0.083038794,0.043389918,0,0,0,0.158594305,0,0,0.071958064,0.183780955,0.356041753,0.202025951,0.249660506,0.173229801
0,0,0.328672984,0,0,0,0,0.048628105,0,0,0,0.022186281,0,0,0,0.117562641,0,0,0,0.156193362,0,0,0.127470545,0.101931127,0.112282689,0.100919245,0,0.101642872,0.07434453,0.102784003,0.163669143,0.129308848,0,0,0,0,0.23231858,0,0.035144849,0,0,0.26551441,0,0,0,0,0,0,0.136869859,0,0,0,0,0.129285992,0,0.079566032,0.194357663,0,0.114903453,0,0,0,0,0,0,0,0.033235461,0,0,0,0,0,0,0,0.041486825,0,0.024378082,0.104984441,0,0.051512912,0,0,0.046534956,0.084469943,0,0.031526205,0,0,0.30400237,0,0,0,0,0,0,0,0,0,0,0,0.040533204,0,0,0,0,0,0,0,0,0.086128878,0,0,0.025586097,0.049165644,0,0.028340214,0,0.093167116,0,0,0.29871189,0,0,0,0,0,0,0,0,0,0.042200349,0,0,0,0,0.071226767,0,0.274928859,0,0,0.360455733,0.092377666,0,0,1,0,0.108952756,0,0,0,0,0,0,0,0.031398653,0,0,0,0,0,0,0,0,0,0,0.201317969,0,0,0,0,0,0,0,0,0,0,0,0,0.157181995,0,0,0,0.171102867,0.069252495,0,0,0,0,0.051159522,0,0,0,0,0,0,0,0,0,0.333119142,0,0,0.043457849,0,0,0,0.239810411,0,0,0,0,0.285056291,0,0.103451476,0,0,0,0.100428807,0,0,0.067303328,0,0,0,0,0,0,0,0,0.164396165,0.292173352,0,0.137116277,0,0,0,0,0.190281142,0,0,0.084316487,0,0.055744103,0,0.046185757,0,0,0,0,0,0,0.099763486,0,0,0,0,0,0,0,0.036363608,0,0,0,0.115846142,0,0,0,0,0.033005102,0,0,0
0,0,0.136105723,0,0,0.287571116,0.065938474,0.312968739,0,0,0,0.294619765,0,0.131796577,0,0.112082664,0.082493432,0.113598608,0,0,0,0.267122395,0,0.151727651,0.185480138,0.106065741,0.159635941,0.132621373,0.175270468,0.153774185,0.253217615,0.233582442,0,0,0.162603404,0,0.151155417,0.360984752,0.281878086,0,0.335791316,0,0,0.141514246,0,0,0.307811848,0.13940224,0.150095499,0.47711864,0.178103379,0,0.173239166,0,0,0.184200622,0.153780836,0.076540703,0.093943792,0.23741842,0.413391076,0.124640449,0.381053112,0,0.416197887,0,0.244339675,0,0,0,0,0,0.169154379,0,0.18609945,0.118768777,0.240228872,0,0.180498786,0.333272481,0,0.290854598,0.428407805,0.092658023,0.241747614,0.234159072,0.139512508,0.184862006,0,0,0.264966918,0.324503811,0.105365444,0,0.218171178,0,0.099346564,0,0.280280188,0.168660375,0.209481484,0,0,0,0.14006413,0.251266188,0.126140735,0,0.431180961,0.142367972,0,0.054886958,0.268299411,0.144051932,0.11609727,0.161826101,0,0.094018876,0,0.188420535,0,0.08548521,0,0,0.055474237,0,0,0,0.130496244,0,0.141301633,0,0.070426447,0,0,0.264522248,0,0,0,0.358733207,0,0.113070482,0,0.199789342,0,1,0.167760154,0,0,0.056040029,0.081169922,0.280089655,0,0,0.139834194,0.09340208,0.100024673,0.515724715,0,0,0.221697334,0,0,0.269451869,0,0,0.378194318,0,0.047930677,0,0.164343293,0.091887165,0,0.100596222,0.065400896,0,0,0,0.423012927,0.291119813,0,0,0.095500109,0.150620678,0.534600544,0,0.353402254,0.100755323,0.376564441,0.14799064,0,0.322983566,0.33711778,0.131446868,0.368099037,0,0,0,0,0,0,0.318940368,0,0,0,0,0,0,0,0,0,0.225405407,0,0,0.21706783,0,0.104546099,0.101157695,0,0.248003237,0.404778763,0,0,0,0.306538442,0,0,0,0.219037466,0,0.066692328,0,0.189772015,0.131415334,0,0,0.179985125,0,0,0.159545455,0,0.087887262,0,0.270715699,0.14350869,0.07177126,0,0.123847039,0,0,0.149090725,0.21709289,0,0,0,0,0.163843364,0.34961674,0.143507179,0.131796577,0.116157317,0,0.276581368,0,0,0.367722825,0.288634351,0.33779711,0,0.371578601,0.070426447
0,0,0.303675761,0,0,0,0,0.247702461,0,0,0.097844724,0.219132628,0,0,0,0.177986984,0.091139814,0.088220139,0,0.176677777,0,0.310820714,0.077847553,0.205944968,0.232770626,0.253116951,0,0.229898943,0.307942867,0.250496457,0.269252487,0.274946777,0.135489885,0,0,0,0.275667265,0.058066374,0.117589045,0,0.37045985,0.270099007,0.141309356,0.158218837,0.129707326,0.122719647,0.196396598,0,0.090161641,0.27094791,0.241609702,0,0,0.266203663,0,0.322944424,0.140589918,0.178828789,0.293269868,0.330513014,0.174221605,0,0.260874465,0,0.299665089,0,0,0,0,0,0,0,0.068372564,0,0,0.205055919,0.13664235,0.307062553,0.071008877,0.250900841,0,0.161251953,0.252588763,0.083157074,0.293562705,0.21626506,0,0,0.155933021,0,0.162182212,0.216149448,0.153969798,0.200484889,0.090640628,0,0.273671779,0.234719611,0.198536727,0.099315962,0.069745962,0.123040064,0.106618124,0,0,0.315958906,0.077094366,0,0.154016759,0.156791398,0,0.150498962,0.190006211,0.194705972,0,0.196621547,0.083069443,0.163029169,0.158674307,0.095801696,0.124219001,0.100227856,0,0.091456068,0,0,0.13131606,0,0.149418388,0,0.240393093,0,0,0,0.070413027,0.24411503,0,0.264951944,0.107592087,0.079003343,0.118990613,0.267759964,0,0.136758569,0.108952756,0.167760154,1,0,0,0,0.239041598,0.198309348,0.173562629,0,0.262152715,0.187931772,0.232459277,0.221696498,0,0,0.163472366,0,0,0.275294495,0,0,0.19102634,0,0.164090799,0,0,0,0.235914596,0,0.070719926,0,0,0,0.283475459,0.129681006,0.178969788,0,0.274412608,0.148933,0.27508899,0,0.295524255,0.244269611,0.243834484,0.17280872,0,0.2318559,0.294707871,0,0.173715707,0,0,0,0.284454968,0,0.162433202,0.237172772,0,0,0,0.331298132,0,0,0.061813836,0.160867476,0.09123871,0.255745492,0.088912218,0,0,0,0.157523372,0,0,0.232826144,0.160501747,0.18828178,0.173883887,0.195593124,0.212613751,0,0,0.163542197,0.09993776,0,0,0.223742843,0.097655286,0,0,0.209673827,0.227967156,0,0,0.37047631,0.149594657,0,0,0.21359428,0,0.166478078,0,0.035429733,0,0,0.198458129,0.134257266,0,0,0,0,0.237809585,0.23147,0.123980259,0,0.136796358,0,0.429450345,0,0,0.113955156,0.235931738,0.228247475,0.135461236,0.122967104,0
0,0,0,0,0,0,0,0.110323494,0.459891471,0,0.576222817,0.09651683,0.257691937,0,0,0.105405197,0.13202156,0,0,0,0,0,0.164571752,0.066561528,0.027825828,0.073258497,0,0.038537713,0.14584718,0.092658655,0.219042366,0,0,0,0,0,0,0,0.114044845,0,0,0.092152675,0,0.210285268,0.279679818,0.379927929,0.10625396,0.416019947,0.230510342,0,0.144660331,0.502835311,0,0,0,0.152320097,0.122719374,0.363160189,0.113508156,0.121507603,0.225010763,0,0.182910873,0,0.346719889,0.045689015,0,0.28086313,0,0,0.31490347,0,0.089124297,0.400669286,0.22478877,0.240001435,0.134683715,0.317663734,0,0.282636366,0,0.360476372,0.084178891,0,0,0.135814664,0.549237104,0,0.165752589,0,0,0.129030928,0,0.356365207,0.064184684,0,0.228071773,0,0.08312911,0,0,0,0,0,0,0,0.322477473,0,0,0.062099425,0,0,0.110910607,0.157255442,0,0.052240032,0.374060754,0.160845075,0,0,0,0,0.37063067,0.682431686,0.286079285,0,0.206107103,0,0,0,0,0,0,0,0.242927429,0.098262347,0,0,0,0.149679634,0,0.159502828,0,0,0,0,0,1,0,0.133362811,0.405905851,0.210811767,0,0,0.057693397,0.159329805,0.176070068,0,0,0,0.311631268,0,0.527332298,0,0,0,0.159948134,0,0,0,0,0,0,0,0.441101586,0,0,0,0,0.073121478,0,0,0,0.191368143,0,0,0.206532196,0.424617186,0.163299964,0,0,0,0.252552736,0,0.097031716,0,0,0,0,0,0,0.07886134,0,0.31813934,0.483715764,0,0,0,0.405617638,0,0,0,0,0,0.104575819,0,0,0.371171486,0,0.104392992,0.140849699,0,0,0,0.239548315,0,0.4335442,0,0.265327066,0,0,0,0,0,0,0,0,0,0,0.146836615,0,0.601499504,0,0.083577129,0,0,0,0.301333142,0,0,0.102487983,0,0,0.339974272,0,0,0.18335265,0,0.198173175,0,0,0.282959775,0.07526058,0,0,0,0.173409365,0.253794806,0.27588985,0,0
0,0,0,0,0,0,0,0.020252524,0,0,0,0.017587071,0,0,0,0,0,0,0,0,0,0,0,0.029376432,0,0,0,0,0,0.029633462,0.042714054,0.037725676,0,0,0,0,0,0,0.028307741,0,0,0,0,0,0,0,0,0,0,0,0,0,0,0,0,0,0,0,0.053341769,0,0,0,0,0,0,0,0,0,0,0,0,0,0,0,0,0,0,0,0,0,0,0,0,0,0,0,0,0,0,1,0,0,0,0,0,0,0,0,0,0,0,0,0,0,0,0,0,0,0,0,0,0,0.020366749,0.040302783,0,0,0,0.080870454,0,0,0,0,0,0,0,0,0,0,0,0,0.037838441,0.77870324,0,0,0,0.017921876,0,0,0,0,0,0.042204029,0,0,0,0,0,0,1,0,0.088638689,0,0,0.695884472,0.025173201,0,0,0,0,0,0,0,0,0,0,0,0,0,0,0,0,0,0,0,0,0,0,0,0,0,0,0,0,0,0,0,0,0,0.042043202,0,0,0,0,0,0,0,0,0,0,0,0,0,0,0,0,0,0,0,0,0,0,0,0,0,0,0,0,0,0,0.019102762,0,0,0,0,0,0,0,0,0.157737428,0,0,0,0,0,0,0,0,0,0,0,0,0,0,0,0,0,0,0,0.592827377,0,0.028724049,0,0,0,0,0,0,0,0,0,0,0,0.033594475,0,0,0,0,0,0,0,0
0.092917609,0,0,0,0,0.333154241,0.174865232,0.235467745,0,0,0,0.207708875,0.454662952,0,0,0.147348909,0.484872208,0,0,0,0,0,0.375849548,0.130203128,0.175773195,0,0,0.255732172,0.047134426,0.198330393,0.153858001,0.126907662,0,0,0,0,0,0.144718976,0.223464546,0,0,0,0,0.319923234,0.341667979,0,0.227333377,0.12095295,0.308907315,0,0.22262964,0,0,0.259489843,0,0.275698175,0.095919232,0.232175097,0.208706891,0.286870511,0.321831837,0,0.119504133,0,0.156691422,0,0.216253981,0,0,0,0.343633241,0,0.279426806,0,0.32154919,0.279866841,0.219642939,0.116202705,0,0.196313275,0,0.264531915,0.110709335,0.075338711,0,0.264552151,0,0,0,0,0.075881792,0,0.247525034,0.052849189,0.23149011,0.189336081,0.272020802,0.354611513,0.249145798,0.3393571,0,0.164895268,0,0.329804895,0,0.2678061,0.186635219,0.199799226,0.164460144,0.305014707,0,0.425802081,0.255525539,0.236906513,0.185795408,0.231851783,0,0.107883595,0,0,0,0.440653179,0,0.115965914,0,0,0.222949616,0,0.202813125,0,0.188460446,0,0,0,0.277163866,0.224729323,0,0,0,0,0,0.141770829,0,0,0,0.056040029,0,0.133362811,0,1,0.300705501,0,0,0,0.251386102,0.206541513,0.215251489,0.132809063,0,0,0.227564072,0,0,0,0,0,0.075260935,0,0,0,0.237228548,0.127052576,0,0,0.182926835,0,0,0,0,0.203408118,0,0.249005622,0,0.176297242,0,0,0,0.081493603,0.229186603,0,0,0.131487999,0.184329264,0,0.242065767,0,0,0,0,0,0,0.25064529,0,0.173646656,0,0,0,0,0,0,0.222196454,0.188597125,0,0,0.379975991,0,0.203315577,0.172349104,0,0.196525121,0.261592048,0.19557208,0,0.19215269,0.143342543,0,0,0,0.172456686,0,0,0,0.353410284,0,0,0.221158377,0.157492497,0.110102302,0,0,0,0.106026987,0,0.307287196,0.140240263,0.24297318,0,0.194721945,0.101344545,0,0.265370423,0,0,0.179955051,0,0,0.267695834,0.168627739,0.287211406,0,0.329285213,0,0.188462597,0,0.18314989,0.106135755,0.227407619,0.074377727,0,0.217418872,0
0,0,0.105792654,0.106087332,0,0.157075788,0,0.352533763,0.193850427,0,0.375533865,0.32116418,0.408129119,0,0,0.20425499,0.301910553,0,0.162140494,0.118099414,0,0.137720859,0.285616243,0.238623884,0.087762475,0.083149761,0.110845747,0.113713586,0.249317386,0.237473493,0.401839589,0.217295073,0.108629504,0,0,0,0,0,0.340718079,0,0.119581682,0.09560443,0,0.241004879,0.41063001,0.254276415,0.301910365,0.216324491,0.207902571,0.285830135,0.329670679,0.201089378,0,0.252820527,0.039948641,0.405235056,0.205318384,0.429431737,0.422934087,0.308687797,0.420553459,0,0.390005579,0,0.381281829,0,0.199274922,0.134745939,0,0,0.393006208,0,0.229008363,0.157313221,0.304282079,0.352700912,0.27899904,0.355973787,0.165406537,0.477420935,0,0.387160837,0.258455291,0.083756354,0.125225569,0.387702283,0.382825177,0,0.169738595,0.088638689,0.026162125,0.116400207,0.241297505,0.362015709,0.172037744,0,0.438841446,0.130157081,0.194756601,0.141165564,0.088444766,0.245622029,0,0.223553725,0.123511535,0.204674451,0.300146407,0,0.161619744,0.161636528,0,0.112579959,0.325970551,0.288937135,0,0.262798276,0.176754865,0.39304871,0,0,0,0.225706335,0.152461693,0.443605235,0.135935033,0,0.311045919,0,0.124664849,0,0.223513843,0.086460751,0,0,0.466701661,0.318276859,0,0.129582762,0,0.103464766,0,0.307351945,0,0,0,0.081169922,0.239041598,0.405905851,0.088638689,0.300705501,1,0.218825211,0.140627244,0.085333148,0.274802166,0.275993837,0.204636842,0.064203478,0,0,0.302319913,0,0.20489587,0.232449794,0,0,0.181950169,0,0.134344038,0,0.087785102,0,0.140502917,0,0.431034556,0.107896324,0,0,0.104671414,0.283125821,0.144156115,0.17228053,0,0.283011198,0.098984302,0,0.216076859,0.405960444,0.539685685,0.140535583,0,0.29373811,0.362959146,0,0.286748889,0,0,0,0.137353402,0,0.133230914,0.344560306,0,0.119603973,0.197960212,0,0,0,0.158070356,0,0.159006913,0.25814306,0,0,0.259268305,0,0.178315957,0.176107097,0,0.335805551,0.342126592,0.144891478,0,0.140743779,0.299354089,0,0.162140494,0,0.208243009,0,0,0.09655154,0.220433599,0,0,0.158474603,0.121427493,0,0,0.285820512,0,0.340696729,0,0.286378242,0,0.211671819,0,0.264086622,0.083552051,0,0.287051248,0.11393055,0,0.12256331,0,0,0.379092347,0.237143272,0.320852309,0,0.21655911,0.135226649,0.355178915,0,0,0.129920726,0.281151241,0.367337877,0.267181228,0.135717653,0
0,0,0,0.129550913,0,0,0,0.254177047,0.242405477,0,0.319281696,0.255068314,0.113238758,0,0,0.284000971,0,0,0,0,0,0.173437649,0,0.179245449,0.091892907,0,0.187964298,0.121437509,0.246849845,0.15831213,0.322032466,0.103305938,0,0.077108817,0,0,0.137836024,0.144789501,0.247361162,0.096288963,0.145620152,0,0,0,0.145168665,0,0.220364256,0.271053082,0.069862306,0.183303684,0.237766826,0.253831847,0.109794947,0.059301259,0,0.246458696,0.301262201,0.331429836,0.218419809,0.241786759,0.250803393,0,0.323626411,0,0.329155181,0,0.184003677,0.140202493,0,0,0.195066016,0,0.125983466,0,0.219983482,0.282232445,0.222805689,0.132766489,0.114008439,0.304227608,0,0.339201701,0.362900168,0.175397323,0.301089735,0.228610624,0.353768058,0,0,0,0.149567255,0.257572212,0,0.231774713,0.142118366,0,0.226636881,0,0.225374405,0.159147477,0,0.110019649,0,0,0.115846325,0.362801556,0.134251441,0,0.147467498,0.156200497,0,0,0.229205979,0.221091969,0,0.206763215,0.216251013,0.203151236,0.163190447,0.143185878,0,0.092990075,0.149951111,0.185634333,0,0,0.235971134,0,0.287436429,0,0.153324959,0.062993643,0,0,0.280317963,0.248719361,0,0,0,0.380369181,0,0.082974168,0,0.1225721,0,0.280089655,0.198309348,0.210811767,0,0,0.218825211,1,0,0,0.237742868,0.201691234,0.131053863,0.197570367,0,0,0.305069001,0,0.259927221,0.31294348,0,0,0.293073516,0,0,0,0.105776021,0.118578924,0,0.116724666,0.278532419,0.124052582,0,0,0.226802637,0.32118217,0,0,0.064278526,0.267247478,0.212338981,0,0.603057702,0.333387305,0.176687748,0.177925424,0,0.101870224,0.440029294,0,0.278650309,0,0,0,0,0,0,0.191172589,0,0.061601821,0.248866225,0.128427009,0,0,0,0.119189577,0,0.14197962,0,0,0.159130028,0,0.11599496,0.215282206,0,0.226604048,0.20616243,0,0.17932214,0,0.286311214,0,0,0.168343877,0.174830477,0.14012472,0,0,0.071768308,0,0,0,0.126318315,0,0,0.540449926,0.153602214,0.28368575,0,0.263630977,0.129784849,0,0.16582852,0.226563537,0,0,0.247264147,0.250985138,0,0,0,0.16582852,0.295958967,0.128215293,0.239154013,0,0.041984305,0,0.301259601,0,0,0.21229803,0.433291965,0.339839001,0.266094337,0.250561512,0
0,0,0.27103195,0,0,0,0,0.033495945,0,0,0,0.029135753,0,0,0,0.055947116,0,0,0,0,0,0,0,0.060386176,0.066697033,0.159651511,0,0.076055975,0.114976304,0.060904858,0.069673316,0.061725116,0,0,0,0,0,0,0,0,0,0.212905654,0,0,0,0,0.032205546,0,0,0.170067394,0.044561199,0,0,0.092995928,0,0.047073745,0.094373217,0,0.086445971,0,0,0,0,0,0.116821745,0,0,0,0,0,0,0,0,0,0,0,0,0,0,0,0,0,0.062195244,0,0,0.052096251,0,0,0.500112945,0,0,0,0,0.042124467,0,0,0.061787873,0,0,0,0,0,0,0,0,0,0,0,0.115309805,0,0,0,0,0,0,0.03738197,0,0,0,0,0,0,0,0,0,0,0,0,0,0,0.067986567,0,0,0,0,0.029684226,0,0.511711647,0,0,0,0.086072626,0,0,0,0,0.173562629,0,0,0,0.140627244,0,1,0,0.041507458,0,0,0,0,0,0,0,0,0.343936142,0,0,0.128053782,0,0.594981208,0,0,0,0.738312641,0,0,0,0,0,0,0,0.851735279,0,0,0.012781465,0,0,0,0,0.068607246,0,0,0,0,0,0,0,0,0,0.658918117,0,0.573751348,0.057952693,0,0,0,0,0,0,0,0,0,0,0,0,0,0,0.158808491,0,0,0.031616917,0,0,0,0,0.12099415,0,0,0,0,0,0,0.217660428,0.010613551,0,0,0,0.115359737,0,0,0,0,0,0,0,0,0,0,0,0,0,0,0,0,0,0,0,0,0,0,0,0,0,0.055105712,0,0,0,0,0,0,0,0
0,0,0,0.208231676,0,0,0,0.020074846,0.306452535,0,0,0.032707494,0,0,0,0.029382777,0,0,0,0,0,0,0,0.029004075,0,0,0,0,0,0.029254602,0.041931326,0.037113786,0,0,0,0,0,0.05101662,0.027961823,0,0,0,0,0,0,0,0,0,0,0,0.023372317,0,0.116861519,0,0,0,0,0,0.052126623,0,0,0,0,0,0,0,0,0,0,0,0,0,0,0,0,0,0,0,0.081970863,0,0,0,0,0,0,0,0,0,0,0.695884472,0,0,0,0,0,0,0,0,0,0,0,0,0,0,0,0.062740679,0,0,0,0,0,0,0.02018707,0.074221762,0,0.019590608,0,0.146381085,0,0,0,0,0,0,0,0,0,0,0,0,0.069757245,0.580987848,0,0,0,0.017782599,0,0,0,0,0,0.041439714,0,0,0,0,0,0,0.695884472,0,0.085333148,0,0,1,0.046662252,0.067503861,0,0,0,0,0.054558753,0,0,0,0,0,0,0,0,0,0,0,0,0,0,0,0,0,0.136474501,0.028049593,0,0,0,0,0,0,0,0,0.041284649,0,0,0,0,0,0,0,0,0,0,0,0,0,0,0,0,0,0,0,0,0,0,0,0,0,0,0,0,0,0,0.018944607,0,0,0,0,0,0,0,0,0.147565111,0,0,0,0,0,0,0,0,0,0,0,0,0,0,0,0,0,0,0,0.470842641,0,0.053162674,0,0,0,0,0,0,0,0,0,0,0,0.033108396,0,0,0.119065496,0,0,0,0.044950609,0
0.020447622,0.043067956,0.113892018,0.151997839,0,0.311904717,0.035601477,0.749390619,0.08107294,0.027822579,0.119680962,0.730116545,0.365807769,0,0,0.694364367,0.174467158,0,0.047351331,0.196620473,0,0.035183308,0.175721205,0.69436102,0.606524862,0.229454381,0.084469362,0.525195583,0.381183063,0.695787652,0.470786623,0.671315259,0.031083322,0,0.037254924,0.025936735,0.156485811,0.460811325,0.654472849,0,0.064007433,0.081515532,0.032496551,0.140695679,0.284285323,0.030358574,0.660320798,0.062234213,0.166827417,0.164449348,0.662860736,0.06049953,0.206765803,0.49113746,0.03502395,0.678235252,0.460535728,0.31204179,0.517045241,0.296842405,0.40387778,0.033886967,0.263401717,0.030790621,0.278664817,0,0.290647957,0.065171545,0,0,0.147059229,0,0.472366678,0,0.389625224,0.539897678,0.557964261,0.336059075,0.365841016,0.370715951,0.023319499,0.286675315,0.501959622,0.379505001,0.038616307,0.658156602,0.137175016,0.051463153,0.071678459,0.025173201,0.516027185,0.012354922,0.231986783,0.294473067,0.596839147,0.039383689,0.462401121,0.1594429,0.606209474,0.412964149,0.261379394,0.238139763,0,0.122796793,0.17023476,0.429095343,0.306284726,0.043350092,0.273786096,0.23995217,0.035747047,0.258201278,0.684596307,0.595697917,0.072450493,0.760016837,0.058093284,0.464490101,0.039648711,0,0.03149991,0.389568412,0.036404374,0.128822884,0,0.044566319,0.326928632,0,0.083490566,0.015286329,0.630095021,0.024994394,0,0.031258365,0.365582896,0.766611658,0,0.07584268,0,0.392755422,0,0.252204388,0,0.148665098,0.031398653,0.139834194,0.262152715,0.057693397,0.025173201,0.251386102,0.274802166,0.237742868,0.041507458,0.046662252,1,0.468851516,0.366520449,0.298296385,0,0,0.336575875,0,0.060839579,0.086651961,0,0,0.300725589,0,0.040942272,0.053784868,0.132699613,0.072067457,0.056465783,0.051365092,0.238047593,0.097470551,0.028182982,0.025936735,0.094909415,0.581347137,0.041809547,0.050781722,0.166059121,0.377086412,0.120703162,0,0.212242349,0.291233733,0.488537263,0,0,0.223305229,0.452668209,0.03913619,0.625082667,0,0,0,0.041217485,0,0.053807657,0.514984821,0.039069159,0,0.060213175,0.157848346,0.036604002,0,0.014927116,0.20195854,0.049562185,0.127620947,0.046524397,0.023622269,0.467825547,0,0.347622158,0.131800439,0,0.745792244,0.454545263,0.145900283,0.040534656,0.098799016,0.378117116,0,0,0.068999658,0.254494301,0.114985881,0,0.176544517,0.351831196,0,0.030704387,0.103560057,0.355034723,0.02117492,0.020415341,0.442746283,0.087189422,0.089992851,0,0.618063485,0.155296214,0.224658603,0.037270721,0.275664269,0.058737154,0.031135391,0.677244334,0.089867855,0,0,0,0.037270721,0.584923893,0.093954394,0.50052872,0,0.13150364,0.043353762,0.617927724,0,0.035932394,0.050610061,0.550994435,0.221300214,0.117491384,0.48109835,0
0,0.134105786,0.121436616,0.188197763,0,0.288308531,0,0.380175082,0.239502432,0,0.152429407,0.351347666,0.376410373,0,0,0.323379756,0.205390139,0,0.146764393,0.209308186,0,0,0.196241133,0.356735442,0.374659155,0.165368731,0,0.368055436,0.36544478,0.446366747,0.30557645,0.413372677,0,0,0,0,0.237664608,0.184852801,0.436554146,0,0,0,0,0.241756547,0.319586756,0,0.36806335,0,0,0.099944926,0.439875717,0.182737272,0.140166859,0.451811435,0,0.41826898,0.218639499,0.290748929,0.321007317,0.407818914,0.328791884,0,0.254292072,0.095202221,0.259051214,0,0.22132751,0,0,0,0.391231866,0,0.439235107,0,0.166901108,0.428227829,0.305501775,0.476162356,0.377994309,0.389905789,0,0.401932397,0.333044646,0.162989657,0.109568669,0.398954662,0.148996068,0.158806806,0,0,0.327473596,0,0.327434995,0.295867234,0.383420973,0,0.393783237,0.385857927,0.441464806,0.381256829,0.127128437,0.309883758,0,0.23417551,0.359213214,0.579176882,0.347766822,0,0.149499107,0.251382605,0,0.337241007,0.381912066,0.487778115,0,0.394151991,0.162417364,0.578393024,0.118309567,0,0,0.287838281,0,0.261947016,0,0,0.300239072,0,0.136098034,0,0.418192802,0,0,0.08743114,0.499740069,0.343906848,0,0,0,0.261142454,0,0.058853053,0,0.130097377,0,0.09340208,0.187931772,0.159329805,0,0.206541513,0.275993837,0.201691234,0,0.067503861,0.468851516,1,0.562916606,0.217685426,0,0,0.319500892,0,0.18587526,0,0,0,0.426990534,0,0,0,0,0,0,0,0.183471582,0.078479147,0,0,0.168550223,0.432149328,0,0,0.251127066,0.26462884,0.221157664,0,0.270683899,0.274478941,0.357619837,0,0,0.363910289,0.380218557,0,0.404987043,0,0,0,0,0,0,0.400823672,0,0,0.180149525,0.145449904,0,0,0,0.311988534,0,0.126969756,0,0,0.378819321,0,0.224200608,0.161870259,0,0.362482499,0.352353777,0.231695222,0.12656388,0.278999082,0.354659002,0,0,0.120994857,0.367344918,0.138853528,0,0.107658329,0.313015925,0,0.094382628,0.157978388,0.237084566,0,0,0.328383022,0.252679192,0.135465053,0,0.423030688,0.217151245,0.208031513,0,0.122745465,0,0,0.460246595,0.197369593,0,0,0,0,0.38900469,0,0.399731163,0,0.311937979,0,0.339670667,0,0,0.047464012,0.404720394,0.190321693,0.227881118,0.355058141,0
0,0,0.132874788,0.144899766,0,0.343009224,0,0.33634815,0.197577378,0,0.167681661,0.298725715,0.317933739,0,0,0.254674475,0.191584543,0,0.165519228,0.119881855,0,0,0.277607671,0.313835641,0.373920838,0.189541562,0,0.42170959,0.407105528,0.448083978,0.422964877,0.327715169,0,0,0,0,0.267999012,0.143775442,0.40302578,0,0,0,0,0.263739733,0.31984436,0,0.309600794,0,0.069613684,0.107565698,0.385758806,0.205102758,0,0.463297681,0.111849368,0.38099141,0.166898033,0.228210225,0.33092364,0.278179235,0.364065106,0,0.294941674,0,0.421517033,0,0.238450723,0,0,0,0.300599871,0,0.386304817,0,0.169488438,0.412811963,0.224004817,0.657534009,0.093861336,0.37741237,0,0.520663598,0.224219955,0.314399638,0,0.349104457,0.163536202,0.178951928,0,0,0.34209405,0,0.175597863,0.242741666,0.38608907,0,0.309224379,0.292469126,0.378827559,0.387227432,0,0.353648328,0,0.315944127,0.394007673,0.354003746,0.394488483,0.144277084,0.160799215,0.389351368,0,0.444389102,0.348139523,0.430424025,0,0.332781483,0.179848201,0.452364415,0,0,0,0.365003428,0,0.286668539,0,0,0.246605083,0,0.151011252,0,0.310113363,0,0,0,0.334596671,0.303545163,0,0.115284215,0,0.390800818,0,0.111829874,0,0.26095791,0,0.100024673,0.232459277,0.176070068,0,0.215251489,0.204636842,0.131053863,0,0,0.366520449,0.562916606,1,0.164096798,0,0,0.221113877,0,0.209064204,0,0,0,0.389850196,0,0,0,0.100727655,0,0,0,0.238969566,0,0,0,0.129418515,0.307123798,0,0,0.275079662,0.269092872,0.240328814,0,0.218797361,0.297723562,0.400213693,0,0,0.326857209,0.376175387,0,0.355681279,0,0,0,0,0,0,0.458136494,0,0,0.201848451,0.283147342,0,0,0,0.14044813,0,0.140026085,0,0,0.297160304,0,0.073272695,0.308572835,0,0.31448036,0.390159182,0.204384479,0,0.166211704,0.377056803,0,0,0,0.400279524,0.154619997,0,0.216313864,0.25412875,0,0,0.176271034,0.263175415,0,0,0.280596532,0.155411998,0.14737861,0,0.480207204,0.13992136,0.251476512,0,0.083802898,0,0,0.434973681,0,0,0,0.083951201,0,0.392317077,0,0.302761755,0,0.307102156,0.070070477,0.39221265,0,0,0,0.364498665,0.278927812,0.135875856,0.129872908,0
0,0.104178436,0.09980309,0,0,0.332576112,0.129641939,0.42454888,0,0,0,0.380465433,0.259723199,0.08737004,0,0.160545376,0.153765009,0.07898242,0,0.151600503,0,0.181511666,0,0.272839721,0.215406626,0.106740042,0,0.201949443,0.133278624,0.259931963,0.24271736,0.325045858,0,0,0.116046636,0,0.1076634,0.427522078,0.346651786,0,0.238699951,0.060059047,0,0.165652257,0.150296953,0,0.399624932,0.02446338,0.252744379,0.275241485,0.216302776,0,0.293993011,0.216208306,0,0.303126807,0.258135849,0.124824031,0.186271494,0.385673034,0.447142404,0,0.330489167,0,0.321192829,0,0.138601196,0.145636821,0,0,0,0.04376797,0.282129876,0,0.242917065,0.250863219,0.352012629,0.085963725,0.250893655,0.418650893,0,0.233910852,0.531359844,0.077561689,0.169427459,0.403741814,0,0.123732659,0,0,0.374846911,0.232542894,0.239152679,0.150847673,0.331489258,0.093787928,0.202626908,0.113307799,0.412157232,0.297189223,0.288906753,0,0,0,0.101915118,0.349938477,0.175143245,0,0.346128881,0.11356714,0,0.14252643,0.422329764,0.2697843,0.092910865,0.277885493,0,0.137750854,0,0.128119877,0.040221431,0.124462191,0,0,0.153244417,0,0.151607714,0,0.09158598,0,0.24521078,0,0.0461755,0,0.080432048,0.340455055,0.042766373,0,0,0.228576895,0,0.167958307,0,0.202064367,0,0.515724715,0.221696498,0,0,0.132809063,0.064203478,0.197570367,0,0,0.298296385,0.217685426,0.164096798,1,0,0,0.315082057,0,0,0.132381277,0,0,0.361160677,0,0.050245209,0,0.362540033,0.220007362,0,0.11682742,0.140713197,0.129558581,0,0,0.312404043,0.354503388,0,0,0.25868597,0.285749808,0.400716239,0,0.187837947,0,0.39384785,0.099871864,0,0.41412371,0.425535501,0.089323966,0.463729558,0.088146737,0,0.039480412,0,0,0,0.241400689,0,0,0,0.117242366,0.088959518,0,0,0.357819994,0,0.161234766,0,0,0.200337631,0,0.191452851,0,0,0.335508442,0.467692839,0.117288622,0,0.120084895,0.293685732,0,0,0,0.162753198,0,0.044540407,0.060522409,0.407599061,0.087202336,0,0.125248927,0.181613833,0,0,0.185958118,0,0.204473775,0,0.322957281,0.264898142,0.336066306,0,0.252921276,0,0,0.223579395,0.287521631,0,0,0,0,0.288860699,0.324411708,0.314782348,0.08737004,0.095012563,0,0.389164495,0,0.08737004,0.380072194,0.402456054,0.35903397,0,0.388397957,0.0461755
0,0,0,0,0,0,0,0,0,0,0,0,0,0,0,0,0,0,0,0,0,0,0,0,0,0,0,0,0,0,0,0,0,0,0,0,0,0,0,0,0,0,0,0,0,0,0,0,0,0,0,0,0,0,0,0,0,0,0,0,0,0,0,0,0,0,0,0,0,0,0,0,0,0,0,0,0,0,0,0,0,0,0,0,0,0,0,0,0,0,0,0,0,0,0,0,0,0,0,0,0.0123561,0,0,0,0,0,0,0,0,0,0,0,0,0,0,0,0,0,0,0,0,0,0,0,0,0,0,0,0,0,0,0,0,0,0,0,0,0,0,0,0,0,0,0,0,0,0,0,0,0,0,0,0,0,0,0,0,0,1,0,0,0,0,0,0,0,0,0,0,0,0,0,0,0,0,0,0,0,0,0.005419017,0,0,0,0,0,0,0,0,0,0,0,0,0,0,0,0,0,0,0,0,0,0,0,0,0,0,0,0,0,0,0,0,0,0,0,0,0,0,0,0,0,0,0,0,0,0.350161151,0,0,0,0,0,0,0,0,0,0,0,0,0,0,0,0,0,0,0,0,0,0,0,0,0,0,0,0,0,0,0,0,0,0,0,0,0,0,0,0,0,0,0,0,0
0,0,0,0,0,0,0,0,0,0,0,0,0,0,0,0,0,0,0,0,0,0,0,0,0,0,0,0,0,0,0,0,0,0,0,0,0,0,0,0,0,0.080937194,0,0,0,0,0,0,0.037209331,0.063123922,0,0,0,0,0,0,0,0,0,0,0,0,0,0,0,0,0,0,0,0,0,0,0,0,0,0.022916786,0.012180961,0,0,0,0,0,0,0,0,0,0,0,0,0,0,0,0,0,0,0,0.021640934,0,0,0,0,0,0,0,0,0,0,0,0,0,0,0,0.011627006,0,0,0,0,0,0,0,0,0,0,0,0,0,0,0,0,0,0,0,0,0,0,0,0,0,0,0,0,0.024208102,0,0,0,0,0,0,0,0,0,0,0,0,0,0,0,0,0,1,0,0,0,0,0,0,0,0,0,0,0,0,0,0,0,0,0,0,0,0,0,0,0,0.017814131,0,0,0,0,0,0,0,0,0,0,0,0,0,0,0,0,0,0,0,0,0,0,0,0,0,0,0,0,0,0,0,0,0,0,0,0,0,0,0,0,0,0,0,0,0,0,0,0,0,0,0,0,0,0,0,0,0,0,0,0,0,0,0,0.029739136,0,0,0,0,0,0,0,0,0.016997635,0,0.018512647,0,0,0,0,0,0,0,0,0,0,0,0
0,0,0,0.047648327,0,0.19324112,0,0.391756614,0.225329417,0,0.227047205,0.371619869,0.331380259,0,0,0.260122115,0.134665464,0,0,0.078225062,0,0,0.081978314,0.262293753,0.165869679,0.095583363,0,0.127093268,0.215961929,0.178574693,0.210746896,0.160475713,0,0,0.173266245,0,0.087163816,0.259744765,0.468254535,0,0,0,0,0.361573342,0.283421133,0.114232851,0.408064602,0.16885733,0.446956483,0.180787692,0.317118696,0.148797824,0.249358318,0.069946139,0,0.315994529,0.077636869,0.407027533,0.183984241,0.417465649,0.548484371,0.085798654,0.2357163,0,0.253750029,0,0.227998424,0.237081049,0,0,0.126464107,0,0.33474375,0.116038963,0.495693236,0.462019831,0.459902059,0.259996993,0.097444809,0.491061372,0,0.259578256,0.459410278,0.059099354,0.090746098,0.322949185,0.22273511,0,0,0,0.266049276,0.074430122,0,0.385622405,0.341365028,0.097369855,0.563656342,0.177259664,0.406982502,0.131814925,0.179073381,0.172217242,0,0,0,0.168562692,0.173312554,0,0.21378783,0.14855712,0,0.145200909,0.361208792,0.541608437,0.178086949,0.378340129,0.198187824,0.259986342,0.096660731,0.084415533,0,0.17866626,0.113377723,0.287084645,0.103977065,0,0.396755047,0,0,0,0.183391534,0,0,0.063183399,0.476902513,0.36843359,0,0,0,0.220366148,0.070896207,0.214874738,0,0,0,0.221697334,0.163472366,0.311631268,0,0.227564072,0.302319913,0.305069001,0,0.054558753,0.336575875,0.319500892,0.221113877,0.315082057,0,0,1,0,0.150871817,0,0,0,0.384939202,0,0,0,0.311007205,0.296442269,0,0.074463482,0.481497847,0,0,0,0.111031348,0.438025261,0,0.126507173,0.112131809,0.532731046,0.065523445,0.071159657,0.31770857,0.29297671,0.303686057,0,0,0.181981028,0.536744527,0.188553787,0.412769631,0,0,0,0,0,0,0.292441708,0.1458025,0.087592441,0.147077523,0.121223009,0,0,0.116450399,0.260076722,0.119200332,0.108801802,0.091441935,0,0.335761791,0,0.065161997,0.208639628,0,0.320110294,0.367333909,0.259201673,0.102101146,0.124264339,0.323784987,0,0.118644496,0.098445786,0.117636833,0,0,0,0.308921159,0,0,0.248703306,0.095292057,0,0,0.222469162,0.093214228,0.389254107,0,0.312317603,0.241976402,0.312490973,0,0.528432953,0,0,0.246842162,0.149259994,0,0.089169218,0.060248398,0,0.413931884,0.101843998,0.504168464,0,0.097610085,0.203892355,0.27827171,0,0,0.106192538,0.387663041,0.196226457,0.190123868,0.488902101,0
0,0,0,0,0,0,0,0.015077443,0,0,0,0,0,0,0,0.025445769,0,0,0,0.130317693,0,0,0,0.021895724,0,0,0,0,0,0.022088035,0,0.028149204,0,0,0,0,0,0,0,0,0,0,0,0,0,0,0,0,0,0,0,0,0,0,0,0.021322178,0.043702142,0,0,0,0,0,0,0,0,0,0,0,0,0,0,0,0,0,0,0,0,0,0,0,0,0,0.02836981,0,0,0,0,0,0,0,0,0,0,0,0,0,0,0,0,0,0,0,0,0,0,0,0,0,0,0,0,0,0.015162704,0,0,0,0,0,0,0,0,0,0,0,0,0,0,0,0,0,0,0,0,0,0,0.013338327,0,0,0,0,0,0.031509004,0,0,0,0,0,0,0,0,0,0,0,0,0,0,0,0,0,0,0,1,0,0,0,0,0,0,0,0,0,0,0,0,0,0,0,0,0,0,0,0,0,0,0,0,0,0,0.031388279,0,0,0,0,0,0,0,0,0,0,0,0,0.026382502,0,0,0,0,0,0,0,0,0,0,0,0,0,0,0,0,0,0.014219366,0,0,0,0,0,0,0,0,0,0,0,0,0,0,0,0,0,0,0,0,0,0,0,0,0,0,0,0,0,0,0.021407666,0,0,0,0,0,0,0,0,0,0,0,0,0,0,0,0.033600987,0,0,0,0
0,0,0,0,0,0,0,0.049120505,0.78241838,0,0.458618453,0.042737731,0.167121574,0,0,0.081932947,0,0,0,0,0,0,0,0.070784653,0,0,0,0,0.167780889,0.07139086,0.101949991,0,0,0,0,0,0,0,0.068261744,0,0,0,0,0,0.247444628,0,0.047231874,0,0,0,0.065303538,0.915427977,0,0,0,0.068975142,0.137886623,0.250903844,0.126364704,0,0.089143616,0,0.218779791,0,0.170454931,0,0,0,0,0,0.438742963,0,0.096862176,0,0.089048648,0.095591404,0.051699993,0.213456722,0,0.114312639,0,0.178298745,0.091048766,0,0,0.061091707,0.428883706,0,0,0,0,0,0,0.245177565,0.06810271,0,0.090454634,0,0.089821896,0,0,0,0,0,0,0,0.217321437,0,0,0,0,0,0.049393485,0.096359392,0,0.054806321,0.56273827,0.187940772,0,0,0,0,0,0.393746705,0,0,0.252811971,0,0,0,0,0,0,0,0.15620565,0.043540812,0,0,0,0.172872856,0,0,0,0,0,0,0,0.527332298,0,0,0.20489587,0.259927221,0,0,0.060839579,0.18587526,0.209064204,0,0,0,0.150871817,0,1,0,0,0,0.186717333,0,0,0,0,0,0,0,0.189277641,0,0,0,0,0.078250109,0,0,0,0.074920205,0,0,0.253451848,0.216171233,0.10039652,0,0,0,0.119213507,0,0.057553182,0,0,0,0,0,0,0.084859769,0,0,0.853976585,0,0,0,0,0,0,0,0,0,0.115392125,0,0,0.556224572,0,0.046370257,0.082198813,0,0,0,0.176498552,0,0,0,0.348117202,0,0,0,0,0,0,0,0,0,0,0.169091638,0,0.333108422,0,0.090345186,0,0,0,0.122706282,0,0,0.069245002,0,0,0,0,0,0.071580818,0,0.077770073,0,0,0,0.080704838,0,0,0,0.107209018,0.188771413,0,0,0
0,0,0.190513532,0,0,0.046967886,0,0.119692596,0,0,0,0.116009143,0,0,0,0.141229383,0,0,0,0,0,0.320365312,0,0.099862678,0.109497447,0.127828009,0.320082926,0.151129303,0.216709248,0.100659865,0.203504135,0.125153015,0,0,0,0,0,0.146572051,0.053104518,0,0.236806494,0.159839261,0,0,0,0,0.132313461,0.247928387,0,0.270912628,0.092612821,0,0,0.081218089,0,0.097477615,0.182857866,0,0.153529421,0.148812266,0.056466807,0,0.123602454,0,0.199164092,0,0.132537799,0,0,0,0,0,0,0,0.067929342,0.072476999,0.040865593,0,0.152084046,0.070745069,0,0.104251224,0.236003639,0.130679486,0.260012972,0.147152012,0.248277391,0,0.280984326,0,0.102168153,0.224647295,0,0,0.052988832,0,0.133844139,0,0.068469698,0.16479336,0,0,0,0,0,0.276244722,0,0,0.196979303,0.11041851,0,0,0.071625147,0.024037471,0,0.111166612,0,0,0,0,0,0.116851548,0,0,0,0,0,0,0.257607158,0,0.182812557,0,0,0,0,0.091870063,0,0.284608812,0,0.122288767,0,0.125329762,0,0.088076954,0,0.269451869,0.275294495,0,0,0,0.232449794,0.31294348,0.343936142,0,0.086651961,0,0,0.132381277,0,0,0,0,0,1,0.158754437,0,0.253496075,0,0.469683708,0,0,0,0.343193415,0.204739956,0.016427526,0,0,0,0.184703614,0.110377159,0.365839012,0,0,0.057916776,0.167701259,0,0.306748715,0.147384569,0.124909441,0.3360206,0,0.139429432,0.088445572,0,0.097695168,0,0,0,0.324990998,0,0.302820682,0.193504778,0,0,0,0,0,0,0,0,0,0.227327486,0,0,0.085908989,0,0.282926718,0,0,0.113293661,0.142448324,0,0,0,0.226251419,0,0,0,0,0,0,0.16250435,0.085474893,0,0,0,0.162609234,0,0,0.219667104,0,0,0,0.106776516,0,0.058019584,0,0.090748659,0,0,0.053818988,0.326435367,0,0,0,0,0.06241849,0.193984261,0.05995795,0,0,0,0.164321557,0,0,0.253811055,0.080417199,0.152754378,0,0.184559654,0
0,0,0,0,0,0,0,0,0,0,0,0.017818088,0,0,0,0,0,0,0,0,0,0,0,0,0,0,0,0,0,0,0,0,0,0,0,0,0,0,0,0,0,0,0,0,0,0,0.019718173,0,0,0,0,0,0,0,0,0,0,0,0,0.052986682,0.012605878,0,0,0,0,0,0,0,0,0,0,0,0,0,0,0,0.007229172,0,0,0,0,0,0.025631384,0,0,0,0,0,0,0,0,0,0,0,0.009569639,0,0,0,0,0,0,0,0,0,0,0,0,0,0,0,0,0,0,0.027170005,0,0.015261493,0,0,0,0,0,0,0,0,0,0,0,0,0,0,0,0,0,0,0,0,0,0,0,0,0,0,0,0.152502126,0,0,0,0,0,0,0,0,0,0,0,0,0,0,0,0,0,0,0,0.158754437,1,0,0,0,0,0,0,0,0,0.155796819,0,0,0,0,0,0,0,0,0,0,0,0,0,0,0,0,0,0,0,0,0.016039562,0,0,0,0,0,0,0.023844497,0,0,0,0,0,0,0,0,0,0,0,0,0,0,0,0,0,0,0,0,0,0,0,0,0,0,0,0,0,0,0.045316095,0,0,0,0,0,0,0,0,0,0,0,0,0.080391427,0,0.017529734,0,0,0,0,0,0,0,0,0,0,0,0,0,0,0,0,0,0,0,0.054758989,0,0.035464649,0
0,0,0,0,0,0,0,0,0,0,0,0,0,0,0,0,0,0,0,0,0,0,0,0,0,0,0,0,0,0,0.019754366,0,0,0,0,0,0,0,0,0,0,0,0,0,0,0,0,0,0,0,0,0,0,0,0,0.013180372,0,0,0,0,0,0,0,0,0,0,0.03828326,0,0,0,0,0,0,0,0,0,0,0,0,0,0,0,0,0,0,0,0,0,0,0,0,0,0,0,0,0,0,0,0,0,0.048300161,0,0,0,0,0,0,0,0,0,0,0,0,0,0,0,0,0,0,0,0,0,0,0,0,0,0,0,0,0,0,0,0,0,0,0.008232445,0,0,0,0,0,0,0,0,0.201317969,0,0,0,0,0,0,0,0,0,0,0,0,0,0,0,0,0,0,0,0,1,0,0,0,0,0,0,0,0,0,0,0,0,0,0,0,0,0,0,0,0,0,0,0,0,0,0,0,0,0,0,0,0,0,0,0,0,0,0,0,0,0,0,0,0,0,0,0.175466266,0,0,0,0,0,0,0,0,0,0,0,0,0,0,0,0,0,0,0,0,0,0,0,0,0,0,0,0,0.071572479,0,0,0,0,0,0,0,0,0,0,0,0,0,0,0,0,0,0,0,0,0,0,0,0,0,0.037977933,0,0,0
0.127953772,0,0.324920974,0.131478121,0,0.231429822,0.110062123,0.373349233,0.177500789,0,0.152995243,0.346175598,0.205105771,0,0,0.315488167,0,0.123319671,0,0,0.138430835,0,0.153091603,0.411298589,0.345084561,0.327813998,0.261863537,0.426296636,0.459239345,0.379835745,0.450476244,0.428088769,0,0,0,0,0.133789932,0.271631904,0.322038416,0,0,0.184726293,0,0.201101963,0.359410543,0,0.380423151,0.124344277,0.14018365,0.410018657,0.367661382,0.183551091,0.083459596,0.3613581,0.212161081,0.403213384,0.446775608,0.11988568,0.309585557,0.315614684,0.345656688,0,0.176098398,0,0.45283458,0,0.126176864,0,0,0,0.150717536,0,0.263690724,0,0.249786724,0.322327104,0.251819228,0.300978834,0.165684116,0.384790163,0,0.323791148,0.437485499,0.229592105,0,0.380339575,0.273968658,0.159537035,0.118194652,0,0.350339377,0.089201106,0,0.296718348,0.30548268,0,0.325958636,0.139964124,0.378113472,0.297551365,0.130188391,0.200692531,0,0.077068654,0.35296872,0.392504455,0.267462025,0.129469546,0.278830636,0.219583127,0,0.12227148,0.271150382,0.324710332,0,0.313734743,0.163059938,0.274313196,0,0.10393537,0,0.272555354,0,0.262868733,0,0,0.371276216,0,0,0,0.314943641,0,0,0.117837628,0.16849474,0.337700548,0,0.118831219,0,0.400230689,0,0.183864245,0.138430835,0.13058704,0,0.378194318,0.19102634,0.159948134,0,0.075260935,0.181950169,0.293073516,0.128053782,0,0.300725589,0.426990534,0.389850196,0.361160677,0,0,0.384939202,0,0.186717333,0.253496075,0,0,1,0,0.122823012,0,0.148998592,0,0.127950684,0.171397812,0.103745919,0,0,0,0.199766156,0.255040542,0.130973281,0,0.252019326,0.319690168,0.298582571,0,0.361185807,0.374860023,0.279592117,0,0,0.211076707,0.459958061,0.114150665,0.383466467,0,0,0,0.125333534,0,0.121891958,0.463300307,0,0,0.180940408,0.14601716,0,0,0,0.267540045,0,0.127452955,0,0,0.267184382,0,0.241386869,0.162508503,0,0.333893456,0.419904711,0.146088914,0,0.237642684,0.699282392,0,0,0,0.254806277,0.139431616,0,0.294446237,0.199256514,0,0,0.1586478,0.285899415,0,0,0.345981876,0.140075338,0.135911765,0,0.451877248,0.32755544,0.314969345,0,0.227118667,0,0,0.333593891,0.178298479,0,0,0,0,0.294827167,0,0.330068046,0,0.113069805,0,0.415171398,0,0.113287529,0.251722736,0.405603777,0.289514593,0,0.331082236,0
0,0,0,0,0,0,0,0,0,0,0,0,0,0,0,0,0,0,0,0,0,0,0,0,0,0,0,0,0,0,0,0,0,0,0,0,0,0,0,0,0,0,0,0,0,0,0,0,0,0,0,0,0,0,0,0,0,0,0,0,0,0,0,0,0,0,0,0,0,0,0,0,0,0,0,0,0,0,0,0,0,0,0,0,0,0,0,0,0,0,0,0,0,0,0,0,0,0,0,0,0,0,0,0,0,0,0,0,0,0,0,0,0.002380872,0,0,0,0,0,0,0,0,0,0,0,0,0,0,0,0,0,0,0,0,0,0,0,0,0,0,0,0,0,0,0,0,0,0,0,0,0,0,0,0,0,0,0,0,0,0,0,0,0,0,0,0,0,0,1,0,0,0,0,0,0,0,0,0,0,0,0,0,0,0,0,0,0,0,0,0,0,0,0,0,0,0,0,0,0,0,0,0,0,0,0,0,0,0,0,0,0,0,0,0,0,0,0,0,0,0,0,0,0,0,0,0,0,0,0,0,0,0,0,0,0,0,0,0,0,0,0,0,0,0,0,0,0,0,0,0,0,0,0,0,0,0,0,0,0,0,0,0,0,0,0,0,0,0,0,0,0,0
0,0,0.248621404,0,0,0.052797875,0,0.061654127,0,0,0,0.053705584,0,0,0,0.083586147,0,0,0,0,0,0,0,0.04754832,0.052430865,0.151601967,0,0.074179635,0.110741699,0.047950219,0.068095422,0.060483486,0,0,0,0,0,0.048879397,0,0,0,0.198827156,0,0,0,0,0.059304133,0.04106651,0,0.160963209,0.058810564,0,0,0.090206002,0,0.046348133,0.091501315,0,0.084030104,0,0,0,0,0,0.112452695,0,0,0,0,0,0,0,0,0,0.02023014,0,0.011825654,0,0,0,0,0,0.092731803,0,0,0.062562071,0,0,0.428793252,0,0,0,0.053977821,0,0.015530851,0,0.060543742,0,0,0.055752375,0,0,0,0,0,0.059539103,0,0,0.111051053,0,0,0,0.011302851,0,0,0.068719085,0,0,0,0,0,0,0,0,0,0,0,0,0,0,0.060656509,0,0,0,0,0.029394038,0,0.437291611,0,0,0,0.067321094,0,0,0,0.047930677,0.164090799,0,0,0,0.134344038,0,0.594981208,0,0.040942272,0,0,0.050245209,0,0,0,0,0,0.469683708,0,0,0.122823012,0,1,0,0,0,0.59276201,0.158692871,0,0,0,0,0,0.017811937,0.663723433,0,0,0,0,0,0,0,0.067076739,0,0,0,0,0,0,0,0,0,0.54047709,0,0.481813185,0.056856846,0,0,0,0,0,0,0,0,0,0,0,0,0,0,0.15084161,0,0,0.04761457,0.02875262,0,0,0,0.116313689,0,0,0,0,0,0,0.202967782,0.054423353,0,0,0,0.103170337,0,0,0,0,0,0.140528243,0.031555311,0,0,0,0,0,0,0,0.149845074,0,0,0,0,0,0,0,0,0,0.051253013,0.054113968,0,0,0.108040351,0,0,0,0.043283107,0
0,0,0,0,0,0,0,0.029239288,0,0,0,0.025434145,0,0,0,0.048827908,0,0,0,0,0,0,0,0.042167399,0.069137921,0.139211444,0,0.098523046,0.100294605,0.042529439,0,0.053867977,0,0,0,0,0,0.125221086,0,0,0,0,0,0,0,0,0.041734913,0,0,0,0.018845691,0,0.190293016,0.081136358,0,0,0.082337025,0,0.075425964,0,0,0,0,0,0,0,0.113769804,0,0,0,0,0,0,0,0,0.027616021,0,0,0,0,0,0,0,0.111857747,0,0,0,0,0,0,0.124433339,0,0,0.146965139,0.060221312,0,0,0,0.053544319,0,0,0,0,0,0,0,0,0,0,0,0.516317659,0.19557276,0.029402066,0,0,0.048440836,0,0,0,0,0,0.097962181,0,0,0,0.624713476,0.1515827,0,0,0,0.080202063,0,0,0.027091478,0,0.025912814,0,0,0,0.103357176,0,0.060093474,0,0,0,0,0,0,0,0,0,0,0,0,0.053784868,0,0,0,0,0,0,0,0,0,0,0,0,0,0,1,0,0,0,0,0,0,0,0,0,0,0,0,0,0,0,0,0,0,0,0,0,0,0,0,0.034269138,0,0,0,0,0,0,0,0,0,0,0,0,0,0,0,0,0,0,0,0,0,0.138477361,0,0,0.040972321,0,0,0,0,0,0,0,0,0,0,0,0.091914985,0.094252242,0,0,0,0.080524626,0,0,0,0,0,0,0.053857262,0,0,0,0,0,0.401771017,0,0.133951705,0,0,0,0,0.020661828,0,0,0,0,0,0.04809392,0,0,0,0,0,0,0,0
0,0,0,0,0,0.402529722,0,0.207541272,0,0,0,0.210607958,0.295864276,0,0,0,0.220982677,0,0,0,0,0,0.219847132,0.037974461,0.047570849,0,0,0.063485248,0,0.044051381,0.059218055,0.046614793,0,0,0,0,0,0.316066402,0.286086977,0,0,0,0,0.101915119,0.099246875,0,0.245027951,0,0.44369231,0.097540924,0.164033517,0,0.232030618,0,0,0.145389337,0,0.101802095,0,0.32773222,0.339668353,0,0,0,0.087504186,0,0.130985271,0.346299672,0,0,0.136730756,0,0.312368589,0,0.389602491,0.22103859,0.265661933,0,0.091710905,0.145223067,0,0.170120062,0.23183343,0,0,0.205053594,0,0,0,0,0.260356525,0,0.164995997,0,0.338165341,0.189670793,0.216866312,0,0.317266158,0.158689493,0.149739915,0,0,0.131221651,0,0,0.103347443,0.200133989,0.239867612,0.094715112,0,0.132264309,0.211086081,0.208184131,0.186117708,0.223963223,0,0,0,0,0,0.203615837,0,0,0,0,0,0,0,0,0,0,0,0,0.225446327,0.182260175,0,0,0,0,0,0.027781244,0,0.104450188,0,0.164343293,0,0,0,0.237228548,0.087785102,0.105776021,0,0,0.132699613,0,0.100727655,0.362540033,0,0,0.311007205,0,0,0,0,0,0.148998592,0,0,0,1,0.323565153,0,0,0.085970779,0.241979371,0,0,0,0.286184658,0,0,0,0.313767348,0,0,0,0,0.089540052,0,0,0.073961286,0.168256419,0.177944109,0.292106896,0,0,0,0,0,0,0.203361856,0.192529249,0,0.096138101,0,0,0,0,0.222239469,0,0,0,0,0.229379644,0,0,0.172598144,0,0.185365196,0.295736194,0,0,0,0.131425942,0,0,0,0,0,0.104361739,0,0.365184167,0,0,0,0.111240292,0,0,0,0,0.122368115,0,0.130035767,0.283160941,0.269812278,0,0.324449911,0,0,0.08018065,0,0,0,0,0,0.227820284,0,0.323834433,0,0.105186297,0,0.092767198,0,0,0,0.096208276,0.0608584,0,0.31687348,0
0,0,0,0,0.195502844,0.136687809,0,0.107411007,0,0.158006278,0.123165724,0.130810047,0.146583027,0.232803813,0,0,0.125977502,0.181457361,0,0,0,0,0,0.037915571,0.041398864,0.059017721,0,0.033181305,0,0.022589117,0.050609466,0,0,0,0.405982583,0,0,0.073768353,0.130147614,0,0.16146652,0,0,0,0,0,0.157265488,0,0.33124242,0,0.080682216,0,0.135355058,0,0,0,0,0.113824842,0,0.182226403,0.209871672,0,0.092794067,0,0.076930062,0,0.227272155,0.280578704,0,0,0,0,0.123027565,0,0.275989133,0.237506986,0.169652682,0,0,0.197416088,0.160261795,0.07964181,0.148951246,0.059309178,0.174016161,0.180128515,0,0,0,0,0.102382237,0.154700653,0.082594364,0.08073612,0.198906138,0.388594504,0.279762038,0.121526981,0.120929672,0,0,0,0,0,0,0,0,0,0.192950171,0,0.144431134,0,0.101695898,0.221153512,0.230659661,0.14404503,0.253963142,0,0.144089953,0,0,0,0,0.098468101,0,0,0.082490324,0,0,0,0,0,0,0.134141925,0.224776172,0.096056932,0,0,0,0.077771977,0.174429485,0.136075003,0,0,0,0.091887165,0,0,0,0.127052576,0,0.118578924,0,0,0.072067457,0,0,0.220007362,0,0,0.296442269,0,0,0,0,0,0,0,0,0,0.323565153,1,0,0.127344597,0.211833029,0,0,0,0.131494195,0.151414108,0,0,0,0.237181809,0.121133105,0.333680786,0.103047712,0,0.049951475,0,0,0.103217977,0.122998324,0,0.142111427,0,0,0,0,0,0,0.053718378,0.118764301,0,0,0,0,0,0,0.149923133,0,0,0,0,0.132351836,0,0,0,0,0.05947082,0.1233065,0,0,0,0,0.085661967,0,0,0,0,0,0,0.221971952,0.23161692,0,0,0,0,0,0,0.132584408,0.338813495,0,0.051584857,0.331452597,0.119782476,0,0.318064897,0,0,0.029685912,0,0.083188287,0,0,0,0.193139292,0.137024908,0.231344927,0.232803813,0.088947314,0,0.087335543,0,0,0.121104241,0.112534599,0.083176551,0,0.134395148,0
0,0,0.270570512,0,0,0,0,0.045569403,0,0,0,0.039638687,0,0,0,0.055927428,0,0,0,0,0,0,0,0.06572013,0.053343434,0.159491289,0,0.076019594,0.114893182,0.048712346,0.069642784,0.061701151,0,0,0,0,0,0,0,0,0,0.212620811,0,0,0,0,0.032199021,0,0,0.169885596,0.060618858,0,0,0.092941542,0,0.064035789,0.094317208,0,0.086398975,0,0,0,0,0,0.116735934,0,0,0,0,0,0,0,0,0,0,0,0,0.052818416,0,0,0,0,0.062170913,0,0,0.041668977,0,0,0.498544085,0,0,0,0,0,0,0,0.06176386,0,0,0,0,0,0,0,0,0,0,0,0.115226201,0,0,0,0,0,0,0.037373179,0,0,0,0,0,0,0,0,0,0,0,0,0,0,0.061881222,0,0,0,0,0.040384736,0,0.510069292,0,0,0,0.068833074,0,0,0,0,0.235914596,0,0,0,0.140502917,0,0.738312641,0,0.056465783,0,0,0,0,0,0,0,0,0.343193415,0,0,0.127950684,0,0.59276201,0,0,0,1,0,0,0,0,0,0,0,0.847194814,0,0,0,0,0,0,0,0.068577641,0,0,0,0,0,0,0,0,0,0.656197431,0,0.571687419,0.057931568,0,0,0,0,0,0,0.252505058,0,0,0,0,0,0,0,0.158649956,0,0,0.031610628,0.020240484,0,0,0,0.164515374,0,0,0,0,0,0,0.21736273,0,0,0,0,0.092240653,0,0,0,0,0,0,0,0,0,0,0,0,0,0,0,0,0,0,0,0,0,0,0,0,0,0.055086611,0,0,0,0.026423471,0,0,0,0
0,0,0,0,0.267544684,0.179246924,0,0.132242016,0,0,0.148327894,0.109876017,0.142972701,0,0,0.094544931,0,0,0,0,0,0,0.108479199,0.059179169,0.068260364,0.078179947,0,0.094128858,0,0.027807015,0.082709488,0,0,0,0,0.237660416,0,0.108395717,0.097507109,0,0,0,0,0,0.103345265,0,0.12088291,0,0.054789814,0.112244444,0.11636156,0,0,0.062583413,0.203875856,0,0.113812612,0.095184565,0.100191086,0.04203682,0.089513731,0,0.101705699,0,0.082658361,0,0,0,0,0,0,0,0.088427452,0,0.081905679,0.041651158,0.121416264,0,0,0.058357638,0,0.085860943,0.099787925,0.065429868,0,0.078128731,0,0,0,0,0.058645741,0.183973773,0.09319628,0,0.094403685,0,0.039607554,0,0.043201031,0.049068437,0,0,0,0.149226319,0,0.051977947,0,0,0,0.157481032,0,0,0.049370573,0.065923544,0,0.109574963,0,0,0,0.25999027,0,0.140623403,0,0,0,0,0.095756291,0,0,0,0.043554066,0,0,0,0,0.103094393,0,0,0,0.15379023,0,0.038152509,0,0.087158976,0,0.100596222,0,0,0,0,0,0.116724666,0,0,0.051365092,0,0,0.11682742,0,0,0.074463482,0,0,0.204739956,0.155796819,0,0.171397812,0,0.158692871,0,0,0.127344597,0,1,0,0,0,0.237660416,0.151546059,0.076018721,0,0,0,0.102101471,0.137705965,0,0.114429228,0.084450765,0.051932394,0,0,0,0.060580605,0,0.100495396,0,0,0,0,0,0,0.137070095,0,0,0,0,0,0,0,0,0,0,0,0,0.103511527,0,0,0,0,0.078693025,0.146241258,0,0,0.192493549,0,0,0,0,0.122173671,0,0,0.099223461,0.149966633,0,0,0,0.111629302,0,0,0.068837535,0,0,0,0.076481268,0,0.05761982,0,0,0,0,0.122907526,0.286348549,0,0,0,0,0.063844674,0,0.068947283,0,0.101365508,0,0.04254403,0,0,0.223144999,0.055098944,0.208733815,0,0.231409869,0
0,0,0,0,0,0,0,0.270718865,0.215966694,0,0.367927026,0.257876912,0.253731497,0,0,0.246890462,0.149636899,0,0.149509865,0.111253595,0,0.107580237,0.09561757,0.219154282,0.043101294,0.085718415,0,0.079214039,0.173079463,0.186291586,0.286568242,0.140125427,0,0,0.10684997,0,0,0.104579567,0.259368986,0,0.094333998,0.087081536,0,0.22726234,0.265849357,0.142571387,0.25501882,0.203163959,0.39673007,0,0.189986172,0.186024727,0.08860686,0.066388672,0,0.336868518,0.139156443,0.610230677,0.252901886,0.146929802,0.477062863,0,0.397204197,0,0.348105258,0,0.237316252,0.284670081,0,0,0.152381346,0,0.189320489,0.145395839,0.381565111,0.530079009,0.392027192,0.337354889,0.0884882,0.603502838,0,0.237051031,0.201396071,0.130048477,0,0.326591978,0.315682107,0,0.067008211,0,0.057797724,0.060094219,0.06961516,0.340326864,0.163492274,0,0.523060931,0.072861391,0.107635508,0,0,0.231363466,0,0,0.116043732,0,0.352173377,0,0,0.131723199,0.050090821,0,0.29821483,0.357905953,0,0.234887574,0.242169797,0.321176922,0,0,0,0.080130962,0.251843739,0.343673063,0.180930749,0,0.279135836,0,0.101794478,0,0.081101418,0,0,0.077214976,0.485607708,0.267940382,0,0,0,0.246180222,0.089054806,0.313418172,0,0.094957218,0,0.065400896,0.070719926,0.441101586,0,0.182926835,0.431034556,0.278532419,0,0,0.238047593,0.183471582,0.238969566,0.140713197,0,0,0.481497847,0,0.189277641,0.016427526,0,0,0.103745919,0,0,0,0.085970779,0.211833029,0,0,1,0,0,0,0,0.352477805,0,0.159021637,0.086306583,0.503654664,0.078971605,0.08947089,0.159838882,0.263195539,0.27809252,0,0,0.195273702,0.440834529,0,0.259453496,0.064737938,0,0,0,0.060333141,0,0.162132044,0,0.110313814,0.183343718,0.098433733,0,0,0.146042369,0.141800208,0.147645045,0.224529848,0,0,0.141483357,0,0.036618597,0.164444495,0,0.255039604,0.240811679,0.168112797,0,0,0.157999744,0,0.149509865,0.089593331,0.221234557,0,0,0,0.140396881,0,0,0.14718598,0,0,0,0.20444997,0,0.506231971,0,0.281859216,0.101184053,0.200996866,0.119006242,0.479214978,0,0,0.24444019,0,0,0.112826448,0.136615096,0,0.480795006,0.255500183,0.455948583,0,0,0.235448134,0.298783507,0,0,0,0.402400488,0.198384044,0.347597263,0.129647982,0
0,0,0,0.211890478,0,0.141174459,0,0.129580941,0,0,0,0.11345415,0.175632349,0,0,0.090616065,0.177275311,0,0,0.160778757,0,0,0.132019043,0.122483323,0.08016869,0,0,0.110613543,0.07196679,0.11321497,0.055832412,0.140736181,0,0,0,0,0.051912317,0.073253859,0.117170842,0,0,0,0,0,0.125745264,0,0.124830202,0,0.056563306,0,0.076058379,0,0,0.132099943,0,0.128235729,0.144792265,0,0.066427936,0.098193164,0.087273035,0,0.089813453,0.33082668,0,0,0,0,0,0,0.192665411,0,0.190782317,0,0.135649984,0,0.081636996,0,0.200137854,0.04408596,0,0.187214511,0.15292581,0.094875117,0,0.134510973,0,0,0,0,0.06169199,0,0.208604029,0.116276256,0.146618039,0,0.052776722,0,0.101286083,0.193626409,0.20768231,0.164210846,0,0.181904324,0.1775388,0.088862539,0,0,0.086776884,0,0,0,0.101820377,0.044102023,0,0.150920545,0,0,0,0,0.066773359,0.179280267,0,0,0,0,0.121359282,0,0,0,0.14111053,0,0,0.049100461,0.085815201,0.115494402,0,0,0,0,0,0,0,0,0,0,0,0,0,0,0.107896324,0.124052582,0,0,0.097470551,0.078479147,0,0.129558581,0,0,0,0,0,0,0,0,0,0,0,0,0.241979371,0,0,0,0,1,0,0,0,0.168018224,0,0,0,0.074347236,0,0,0,0,0.11209114,0,0,0.101286467,0.064251193,0,0.117698059,0,0,0,0,0,0,0.049775139,0,0,0,0,0.324913337,0,0,0,0,0,0.05513975,0,0.117665015,0,0,0,0,0.122656986,0.081005502,0,0,0,0.154743445,0,0,0,0,0.241724223,0,0,0.145021568,0,0.253732943,0,0.142007775,0,0,0.172692591,0,0,0,0.050018988,0,0,0,0.111680172,0,0,0.077519162,0,0,0,0,0.329948934,0.111606001,0,0.11974524,0,0.13543449,0,0,0,0,0,0.164359803,0,0,0,0
0,0,0,0,0,0,0,0,0,0.685107336,0,0.01969888,0,0,0,0.038177058,0.144000059,0,0,0,0,0,0,0.032880395,0.036380044,0,0,0,0,0.033167567,0,0,0,0,0,0,0,0,0.031686282,0,0,0,0,0,0.120868026,0,0,0,0,0,0.030288266,0,0,0,0,0,0,0,0,0,0,0,0,0,0,0,0,0,0,0,0,0,0.045321796,0,0,0,0.023888776,0,0,0,0,0,0,0,0,0,0,0,0,0,0,0,0,0,0.031611066,0,0,0,0.041945086,0,0.114460236,0,0,0,0,0,0.105228696,0,0.080334527,0,0,0,0.022808494,0.045080207,0,0,0,0,0,0,0,0,0,0,0,0,0,0,0,0,0,0,0,0,0.074321737,0.02007348,0,0,0,0,0,0,0,0,0,0,0,0,0,0,0,0,0,0,0.028182982,0,0,0,0,0,0,0,0,0,0,0,0,0,0,0,0,0,0,0,0,0,1,0,0,0,0,0,0,0,0,0,0,0,0.047021981,0,0,0,0,0,0.026636379,0,0,0,0,0,0,0,0,0,0,0,0,0,0,0,0,0,0,0,0.054273135,0,0,0,0,0.021394606,0.038303776,0,0,0,0,0,0,0,0,0,0,0,0.075079141,0,0,0,0,0,0,0,0,0,0,0,0,0,0,0,0,0,0.032151467,0,0,0,0,0,0,0,0,0,0,0,0,0,0,0,0,0,0,0,0
0,0,0,0,0,0,0,0.020868385,0,0,0,0,0,0,0,0.035148461,0,0,0,0,0,0,0,0.030265502,0.033491571,0.104347976,0,0.048143871,0,0.03053019,0.043997771,0,0,0,0,1,0,0,0,0,0,0,0,0,0,0,0,0,0.066472198,0,0.027876597,0,0,0,0,0,0.060154073,0,0.054935923,0,0,0,0,0,0,0,0,0,0,0,0,0,0,0,0,0,0.021980972,0,0,0,0,0,0,0.082809867,0,0,0,0,0,0,0,0,0,0,0,0,0,0,0,0,0,0,0,0,0,0,0,0,0,0.084640089,0,0,0,0,0,0,0,0,0,0,0,0,0,0,0,0,0,0,0,0,0,0,0,0,0,0.018467526,0,0,0,0,0,0.043472758,0,0,0,0,0,0,0,0,0,0,0,0,0.025936735,0,0,0,0,0,0,0,0,0,0,0,0,0,0,0,0,0,0,0.237660416,0,0,0,1,0,0,0,0,0,0.032073102,0,0,0,0,0,0,0,0,0,0,0,0,0,0,0,0,0,0,0,0,0,0,0,0,0,0,0,0,0,0,0,0,0,0,0,0.019684008,0,0,0,0,0,0,0,0,0,0,0,0.145548176,0,0,0,0,0.058782529,0,0,0,0,0,0,0,0,0,0,0,0,0,0.029593671,0,0,0,0,0,0,0,0,0,0,0,0,0,0,0,0,0,0,0.054183903,0
0,0,0.432388534,0.100144133,0,0.101886931,0,0.16730073,0.118393465,0,0,0.142096855,0,0.232048918,0,0.059934911,0,0.303197671,0,0.120041188,0,0.241751143,0.095342326,0.116591145,0.154417434,0.139714536,0,0.123373493,0,0.142510137,0.225109028,0.144498402,0,0,0.157761707,0,0.230147282,0.040347441,0.086358009,0,0.497462994,0.20286387,0.211883509,0,0,0,0.140404141,0,0.105059567,0.456479414,0.101169471,0,0.072778081,0,0,0.084359388,0.147250333,0,0.12149456,0.286563852,0.207733067,0,0.293395068,0,0.354230158,0,0.083544228,0,0,0,0,0,0.069887194,0,0.03702881,0.101415527,0.068610633,0,0.142811523,0.256741418,0,0.366702722,0.211571143,0.067840343,0.379312581,0.146068149,0,0.318595452,0,0,0.154674564,0.592927575,0,0,0,0,0.030813078,0,0.106441567,0,0,0,0.160582111,0,0.205384227,0.25170427,0,0,0.276076727,0.306942173,0,0,0.122361212,0.142436823,0,0.044149659,0.112534088,0.169965389,0,0.336629155,0.335656622,0,0,0,0,0,0,0,0.20420965,0,0.150473345,0,0,0,0,0.14962174,0,0,0.162801776,0.266038565,0,0.251827062,0,0.220830135,0.157181995,0.423012927,0.283475459,0,0,0,0.104671414,0.226802637,0,0.136474501,0.094909415,0.168550223,0.129418515,0.312404043,0,0,0.111031348,0,0,0.184703614,0,0,0.199766156,0,0,0,0,0.131494195,0,0.151546059,0,0,0,0,1,0.111585182,0,0,0.114332777,0.095905874,0.639066001,0,0.32576829,0,0.230091911,0.250560219,0,0.374006849,0.114253091,0,0.14075296,0,0,0,0,0,0,0.152477212,0,0,0,0,0,0,0,0,0.284073536,0.184706704,0.12353116,0,0,0,0,0,0,0.109024707,0.193555492,0,0,0,0.113956717,0,0,0,0.183243668,0,0,0.098086903,0.104425911,0.230869692,0,0,0.277891107,0,0,0.159452497,0,0.123453761,0,0.151696043,0.212876676,0,0,0.03988361,0,0,0.136296292,0.323326522,0,0,0,0,0.078736464,0.298834811,0.059894867,0.232048918,0,0,0.289650053,0,0,0.456381426,0.180730012,0.382959187,0,0.181594555,0
0.010537581,0.055538418,0,0.085833531,0,0.383793715,0,0.627658602,0.119177672,0.032931174,0.114989296,0.61947605,0.365209086,0,0,0.464303827,0.200188673,0,0.061023383,0.143218933,0,0.053499214,0.143981707,0.394192301,0.289938119,0.042965289,0.062287478,0.225988233,0.247663505,0.332519032,0.272578437,0.380034082,0,0,0.04861555,0,0.109687392,0.409247152,0.621649009,0,0.050522187,0.018243935,0,0.175968781,0.267250281,0,0.626958353,0.069618743,0.286667953,0.178252817,0.505391361,0.077688487,0.193630767,0.296817561,0.044648054,0.465942809,0.196147495,0.347440144,0.421876427,0.341202911,0.511183534,0.043758488,0.368983573,0.053075099,0.269338143,0,0.268676869,0.082651446,0.018111062,0,0.230688739,0,0.462407663,0,0.50576583,0.516380705,0.607344544,0.278084535,0.375905744,0.416368577,0.063073621,0.331537525,0.462890127,0.26864914,0.100644799,0.517682745,0.129834532,0,0,0,0.315328878,0.091283634,0.256690645,0.168183257,0.630695512,0.083307533,0.556664309,0.148977972,0.497108928,0.317623115,0.197683578,0.215376031,0,0.199052454,0.111995223,0.322170343,0.190674629,0,0.203049882,0.283705675,0.05342888,0.196773018,0.60965532,0.511525663,0.093024336,0.672444113,0.139149621,0.412022575,0.094984846,0.044244964,0.011802193,0.355588167,0.046670359,0.155829459,0.024196432,0,0.176631076,0,0.166606083,0,0.421022399,0,0,0.080513365,0.47607953,0.571018558,0,0.045185464,0,0.371133557,0.036683824,0.188019013,0,0.127171257,0,0.291119813,0.129681006,0.073121478,0,0.203408118,0.283125821,0.32118217,0,0.028049593,0.581347137,0.432149328,0.307123798,0.354503388,0.005419017,0,0.438025261,0,0.078250109,0.110377159,0,0,0.255040542,0,0.017811937,0,0.286184658,0.151414108,0,0.076018721,0.352477805,0.168018224,0,0,0.111585182,1,0,0.065371656,0.057012744,0.555400782,0.139484233,0.06966981,0.296443318,0.27275283,0.391734823,0.053918718,0.013589126,0.216634589,0.46911591,0.048546443,0.637775121,0.026142273,0,0,0,0,0,0.465816426,0.026416538,0,0.103623935,0.094999572,0.047247996,0,0,0.17186132,0.063364538,0.178023024,0,0.030550071,0.475297841,0,0.209755554,0.11411292,0,0.539379948,0.483449006,0.115167371,0.052291195,0.058158618,0.243750134,0.005385404,0,0.088638627,0.157106209,0.061319298,0.026991211,0.100593659,0.3517281,0,0.039524655,0.063279835,0.1378306,0,0.026415204,0.34779371,0.142966021,0.134495849,0,0.361381487,0.093345388,0.209780693,0.048103838,0.418926625,0,0,0.49278923,0.140674956,0,0,0.039196024,0,0.559647116,0.129302225,0.621344717,0,0.145116718,0.082727868,0.400975383,0,0,0.117985773,0.414731939,0.247695726,0.148889947,0.536072522,0
0,0,0.284452276,0,0,0,0,0.033692397,0,0,0,0.029284276,0,0,0,0.05649734,0,0,0,0,0,0,0,0.048722056,0.053861656,0.164215238,0,0.077076416,0.117324478,0.049144129,0.070528709,0.062395538,0,0,0,0,0,0,0,0,0,0.221099899,0,0,0,0,0.032387113,0,0,0.17525571,0.04490956,0,0,0.094526131,0,0.047462669,0.095949464,0,0.087766682,0,0,0,0,0,0.119246698,0,0,0,0,0,0,0,0,0,0,0,0,0,0,0,0,0,0.062875974,0,0,0.041984519,0,0,0.547802743,0,0,0,0,0,0,0,0.062459667,0,0,0,0,0,0,0,0,0,0,0,0.117671761,0,0,0,0,0,0,0.037626816,0,0,0,0,0,0,0,0,0,0,0,0,0,0,0.062579691,0,0,0,0,0.029838408,0,0.561749818,0,0,0,0.06969839,0,0,0,0,0.178969788,0,0,0,0.144156115,0,0.851735279,0,0.041809547,0,0,0,0,0,0,0,0,0.365839012,0,0,0.130973281,0,0.663723433,0,0,0,0.847194814,0,0,0,0,0,0,0,1,0,0,0,0,0,0,0,0.069436507,0,0,0,0,0,0,0,0,0,0.744288215,0,0.637412987,0.05854328,0,0,0,0,0,0,0,0,0,0,0,0,0,0,0.163323467,0,0,0.031791889,0,0,0,0,0.123597345,0,0,0,0,0,0,0.226232128,0,0,0,0,0.093801232,0,0,0,0,0,0,0,0,0,0,0,0,0,0,0,0,0,0,0,0,0,0,0,0,0,0.055639431,0,0,0,0,0,0,0,0
0,0,0,0,0,0,0,0.040975686,0,0,0,0.035639738,0.140248728,0,0,0.068461157,0,0,0,0,0,0,0,0.059112488,0,0,0,0,0,0,0,0,0,0,0,0,0,0,0.056998309,0,0,0,0,0.304946145,0.208509225,0,0.042561528,0,0.127232813,0,0,0,0,0,0,0.057596076,0,0.211461553,0.105825754,0,0.074513469,0,0.184084866,0,0,0,0.159779938,0,0,0,0,0,0.080996992,0,0.074433729,0.079929206,0.043133095,0,0,0.095673974,0,0,0.076113306,0,0,0.05099282,0,0,0,0,0,0,0,0,0,0,0.075614355,0,0,0,0,0.319609198,0,0,0,0,0,0,0,0,0,0,0.041203972,0.0870478,0,0.045731887,0,0.1578877,0,0,0,0.137524011,0,0,0,0,0.213090525,0,0,0,0,0,0,0,0.131015205,0.036310918,0,0,0,0,0,0.084280691,0,0,0,0,0,0,0,0.249005622,0.17228053,0,0,0,0.050781722,0,0,0,0,0,0.126507173,0,0,0,0,0,0,0,0,0,0,0,0,0,0.159021637,0,0,0,0,0.065371656,0,1,0,0.062579221,0,0,0,0,0.083967507,0,0,0.214150074,0.099800607,0,0.048030626,0,0,0,0,0,0,0.070917266,0,0,0,0,0,0,0,0,0.63902355,0.422534,0,0,0.096582748,0,0,0,0,0.038676078,0.068684234,0.45922749,0,0,0,0,0,0,0,0,0,0,0.1323033,0,0,0.630512185,0,0,0,0,0,0,0,0.075522444,0,0.22787531,0,0.102742852,0,0,0.057822207,0,0,0,0,0,0.059779781,0.333935742,0.064969043,0,0,0,0.067430779,0,0,0,0.089696224,0,0,0.104420748,0
0,0,0.119138497,0.24640134,0,0,0,0.158197792,0,0,0,0.133327251,0.089847268,0,0,0.168450687,0.139879579,0,0,0,0,0.223400314,0,0.184002787,0.201191516,0,0,0.19670391,0.258347204,0.223096577,0.225365781,0.27541981,0,0,0,0,0,0.14650587,0.14829883,0.157050704,0.17296508,0.101801615,0,0.213624124,0.164733138,0,0.131333601,0.089772064,0.059471865,0,0.162809038,0,0.144665434,0.27070832,0,0.207629334,0.131745369,0.106823508,0.137657114,0.130934662,0.117526712,0,0.096480112,0,0.190155934,0,0,0,0,0,0,0,0.077002989,0.018783039,0.090493916,0.144205415,0.143309276,0.279476585,0.113082654,0.225427823,0,0.11474427,0.173527454,0.189442127,0,0.166690476,0,0,0,0,0.278091007,0,0.225124986,0.163624341,0.147984829,0,0.072508103,0.251794711,0.12520615,0.312235848,0.117016832,0.196885559,0,0,0.211033761,0.284452199,0.340050967,0,0,0.192528771,0,0.199787291,0.136936521,0.145219958,0,0.121250661,0,0.11960395,0,0,0.174457539,0.119932471,0,0.202496388,0,0,0.167336737,0,0,0,0.164537263,0,0,0,0.103185937,0.159540422,0,0,0,0.204272845,0,0.042079032,0,0,0.171102867,0.095500109,0.274412608,0,0,0,0,0.064278526,0,0,0.166059121,0.251127066,0.275079662,0.25868597,0,0,0.112131809,0,0,0,0,0,0.252019326,0,0,0,0,0,0,0,0.086306583,0,0,0,0.114332777,0.057012744,0,0,1,0.148479195,0.327791247,0,0.063112542,0.133230308,0.130451047,0,0,0.167934422,0.268327734,0,0.175934108,0,0,0,0,0.042867458,0,0.180351245,0,0,0,0.272085787,0,0,0,0.218481037,0.169709402,0.399572441,0,0,0.066077267,0,0.115519889,0,0,0.16475062,0.158482358,0.272335036,0,0.287901228,0.241072801,0,0,0,0.134182383,0.275895112,0,0.278422373,0.116267438,0,0,0.319481491,0.053957267,0,0,0.279268441,0.27842692,0,0,0.237134112,0,0.304985284,0,0,0,0,0.201859706,0,0,0,0,0,0.17134217,0.145217494,0.200294713,0,0.176338995,0,0.249110078,0,0,0,0.244993118,0,0,0,0
0,0,0.06357047,0.057336366,0.036643603,0.215634354,0,0.497747814,0.088147358,0.031523173,0.196705628,0.482794047,0.286256531,0,0,0.331309025,0.121987242,0.050215024,0.058404277,0.082638068,0,0,0.132092414,0.389681694,0.289981102,0.166919601,0.059747197,0.247166367,0.217453062,0.354097684,0.419265171,0.263706592,0,0,0.079854907,0.032073102,0.046160438,0.203922784,0.529966397,0,0.019301482,0.17211674,0,0.200960707,0.229387754,0.057314664,0.511662528,0.148256423,0.603659092,0.10481046,0.449204651,0.074405208,0.082966516,0.15028057,0,0.43578408,0.194048431,0.353318362,0.311738831,0.295796781,0.598190456,0,0.207212309,0.012832818,0.277629741,0,0.24749537,0.147117661,0,0.016681763,0.11198048,0.022074148,0.356634019,0.057765778,0.615055276,0.679083973,0.715647419,0.294755785,0.164894708,0.539468011,0.031611934,0.313397791,0.37868733,0.305942366,0.047146062,0.473048063,0.198942866,0,0.027707055,0,0.249054474,0.09348928,0.09419518,0.238902911,0.458413946,0.079771345,0.711827608,0.095015174,0.342128732,0.211158584,0.031713578,0.161157674,0.03010345,0.043036388,0.107675111,0.177220951,0.295723087,0.053218719,0.130756344,0.264583365,0.051186528,0.12876261,0.517058259,0.469870394,0.048240255,0.474551822,0.180823347,0.25789261,0.102379599,0.071556118,0.063936807,0.23241859,0.10181065,0.240220694,0.116539677,0,0.196781729,0,0.043201003,0,0.204760324,0,0,0.071213303,0.454442539,0.509887315,0.042576176,0.034085852,0.030180589,0.267438306,0.070237921,0.479116592,0,0.041920015,0.069252495,0.150620678,0.148933,0.191368143,0,0.176297242,0.283011198,0.267247478,0.012781465,0,0.377086412,0.26462884,0.269092872,0.285749808,0,0.017814131,0.532731046,0,0.074920205,0.057916776,0,0,0.319690168,0,0,0,0.313767348,0.237181809,0,0.102101471,0.503654664,0.074347236,0,0.032073102,0.095905874,0.555400782,0,0.062579221,0.148479195,1,0.125082097,0.066692365,0.237449686,0.273892556,0.265457983,0,0.036057652,0.196412374,0.479405452,0.04650169,0.522134448,0.044783944,0,0.019916295,0.034840401,0.023723062,0,0.37639114,0.050612454,0.043168762,0.099270034,0.106497535,0,0,0.057867558,0.151502787,0.124477607,0.114474461,0.035997107,0,0.295851657,0,0.096857649,0.132640097,0,0.479296052,0.433402487,0.174491244,0.0500372,0.064749087,0.287748064,0.01548841,0.058404277,0.08488617,0.065702461,0.058799027,0.025833125,0.190394916,0.284688093,0,0,0.126880924,0.175978297,0.006552788,0,0.290079188,0.137078596,0.27591733,0,0.359173603,0.089709051,0.253557267,0.046026073,0.612066722,0,0,0.440858842,0.039356426,0.015405582,0.043548277,0.053491413,0,0.692074821,0.094447552,0.809039273,0,0.126413398,0.173686689,0.469347474,0,0,0.037020436,0.418543241,0.161720566,0.197186045,0.28358967,0
0,0,0.180924995,0.20700947,0,0.097414732,0,0.196462824,0,0,0,0.173037306,0.01905925,0.201616186,0,0.056801096,0.124024827,0.271260442,0,0,0,0.393530167,0,0.101946854,0.137499518,0.131439938,0,0.075909363,0,0.163346907,0.245901927,0.169931873,0,0.049065606,0.22373317,0,0.208523177,0.063515599,0.132914396,0,0.537417062,0,0,0,0,0,0.181383638,0,0.045296711,0.342604551,0.095005022,0,0,0.085898594,0,0.134801079,0.090004539,0.118434381,0.150146959,0.202611302,0.270279962,0,0.413389539,0,0.51254437,0,0.079238104,0,0,0,0,0,0.067753618,0,0,0.163039812,0.072226167,0.119753691,0,0.406717022,0,0.454064193,0.250005592,0.109095668,0.340826462,0.207930398,0,0.278600963,0,0,0.179332054,0.571949851,0.094146475,0,0.048413097,0,0.029924681,0,0.063610749,0.098077638,0,0.170900147,0.139066148,0,0.369447286,0.297642734,0.208247172,0,0.263058039,0.336454465,0,0,0.197452,0.132579901,0,0.039936788,0.10152619,0.222919623,0.046779069,0.398523164,0,0,0,0.175111811,0,0,0,0,0.183626622,0,0.082581858,0,0,0,0.095570129,0.16703416,0,0,0.140727771,0.375832463,0,0.173033073,0,0.200845409,0,0.534600544,0.27508899,0,0,0,0.098984302,0.212338981,0,0,0.120703162,0.221157664,0.240328814,0.400716239,0,0,0.065523445,0,0,0.167701259,0,0,0.298582571,0,0,0,0,0.121133105,0,0.137705965,0.078971605,0,0,0,0.639066001,0.139484233,0,0,0.327791247,0.125082097,1,0,0.305331131,0.120801002,0.298456016,0.220266172,0,0.404957359,0.274523554,0,0.226552407,0,0,0,0,0.034027218,0,0.168920123,0,0,0,0,0,0,0,0,0.1140015,0.506423007,0.110392305,0,0,0,0,0,0,0.123743634,0.229283193,0,0,0,0.21301872,0,0,0,0.286518606,0.227435901,0,0.154234001,0.099733177,0.200725389,0,0,0.161089955,0,0,0.187608667,0.229153656,0.114276809,0,0.213333391,0.194244845,0,0,0.038407716,0,0,0.10001098,0.294708822,0,0,0,0,0.163724731,0.400011968,0.080637991,0.201616186,0,0,0.35177755,0,0,0.418031167,0.325621787,0.407755898,0,0.139698091,0
0,0,0,0,0,0,0,0,0,0.475684905,0,0.020033404,0,0,0,0,0,0,0,0,0,0,0,0,0,0,0,0,0,0,0,0,0,0,0.243797692,0,0,0,0,0,0,0,0,0,0,0,0.041978498,0,0.135661768,0,0,0,0,0,0,0,0,0,0,0,0.041896976,0,0,0,0,0,0,0,0,0,0,0,0,0,0.079333146,0.08519389,0.045961346,0,0,0.053803585,0.496731557,0,0,0.079150454,0,0.054339664,0,0,0,0,0,0,0,0.1162678,0.060600008,0.428671704,0.080592204,0.225051414,0,0,0,0,0,0,0,0,0,0,0,0,0.370770745,0,0,0.08588211,0,0.048731499,0.515277178,0,0.368530635,0,0,0,0,0.168664139,0,0,0.119940928,0,0,0,0,0,0,0.272509665,0.073697916,0,0,0,0,0,0.513405159,0.08983495,0,0,0,0,0,0,0,0,0,0,0,0,0,0,0,0,0,0,0.071159657,0,0,0,0,0,0,0,0,0,0,0.333680786,0,0,0.08947089,0,0,0,0,0.06966981,0,0,0,0.066692365,0,1,0,0,0,0,0,0,0,0,0,0,0,0,0,0,0,0,0,0,0,0,0,0,0,0,0,0,0,0,0,0,0,0,0,0,0,0,0,0,0,0,0,0,0,0,0,0,0,0,0,0,0,0,0,0,0.301592303,0,0,0,0,0,0,0.109529096,0,0,0,0,0,0,0,0,0.063707578,0,0.069240514,0,0,0,0,0,0,0,0,0,0,0,0
0,0,0,0,0,0,0,0.250558874,0.236764217,0,0.195084481,0.236818702,0.178540405,0.15603593,0,0.279829,0,0.131160363,0,0,0,0.169261995,0,0.195250549,0.134520909,0.177290521,0.183881604,0.177414692,0.38844339,0.183883787,0.324540957,0.151111107,0,0,0.174192614,0,0.276610502,0.142269894,0.174106644,0.093695929,0.263052016,0,0,0,0.143126408,0,0.257572866,0.222288802,0,0.180725492,0.193030967,0.247653002,0,0.067059829,0,0.236116729,0.179657052,0.239406083,0.280078508,0.16056283,0.20094708,0,0.470591103,0,0.401389783,0,0.172507039,0.065667126,0,0,0.191396298,0,0.120142048,0,0.129246787,0.225474098,0.205890551,0.25752565,0.112493491,0.270353295,0,0.413500283,0.311412622,0.183661681,0.421860526,0.191592501,0.406922506,0,0,0,0.082631808,0.36909568,0,0.226961288,0.143122872,0,0.307705285,0,0.238634971,0.091141366,0.082555566,0.22952594,0,0,0,0.303198462,0.132502955,0,0.143346924,0.154324459,0,0,0.265369194,0.192808201,0,0.191146099,0.269763908,0.284331014,0.159314732,0.139747062,0,0.091979748,0,0.18230788,0,0,0.23101203,0,0.149960022,0,0.200888199,0,0,0,0.177521168,0.265935373,0.072187041,0,0,0.421323619,0,0.107392581,0,0.13721217,0,0.353402254,0.295524255,0.206532196,0,0,0.216076859,0.603057702,0,0,0.212242349,0.270683899,0.218797361,0.187837947,0,0,0.31770857,0,0.253451848,0.306748715,0,0,0.361185807,0,0,0,0,0.103047712,0,0.114429228,0.159838882,0,0,0,0.32576829,0.296443318,0,0,0.063112542,0.237449686,0.305331131,0,1,0.420326544,0.220524021,0.173533616,0,0.185149817,0.412882471,0,0.27777227,0,0,0,0,0.081092262,0,0.218210859,0,0,0.242923935,0.143632488,0,0,0,0.105541008,0,0.139169076,0,0,0.208957688,0,0.114427122,0.210821127,0,0.207404377,0.243410096,0,0.17465327,0,0.212757525,0,0,0.164222604,0.171876874,0,0,0.113035639,0,0.155501844,0,0,0.124055353,0,0,0.397820467,0.150163756,0.26618012,0,0.263255363,0.114744928,0,0,0.193544971,0,0,0.209660282,0.362001411,0,0,0.081852316,0,0.239769493,0.232174551,0.195248095,0.15603593,0,0.057307562,0.36630839,0,0,0.305273202,0.350668629,0.429108984,0.135927712,0.305397355,0
0.146954072,0,0.116890158,0.260122298,0,0,0,0.333225113,0.203913051,0,0.391998033,0.292695256,0.18449429,0,0,0.349868587,0.08099081,0.140874218,0,0,0.160943808,0,0.201325819,0.308938961,0.207050686,0.221338026,0.414837181,0.205096423,0.338542434,0.283844141,0.50835216,0.272597954,0.114946573,0,0,0,0.242772674,0.077724214,0.309977185,0,0,0.155041292,0,0.120670769,0.130424509,0.267863688,0.298682306,0.365123379,0.131635233,0.173093149,0.403932553,0.211938601,0,0.257714994,0.140077761,0.428844871,0.321880668,0.382555184,0.430687029,0.236992607,0.157969049,0,0.238003844,0,0.481493931,0,0.093660757,0.141003564,0,0,0.169342239,0,0.071685052,0.165909287,0.213854856,0.442737827,0.236165798,0.454798568,0.177947841,0.304083304,0,0.416748484,0.219974693,0.260287388,0.190233967,0.291083771,0.538856402,0,0,0,0.197594842,0,0.065187488,0.373976904,0.208376012,0,0.342651482,0,0.202902046,0.167648643,0.063869943,0.239427708,0,0,0.255649077,0.326100309,0.314253855,0.148956958,0.075468908,0.173137745,0,0,0.301102324,0.310865464,0,0.255261181,0.185082791,0.421180498,0.136820091,0,0,0.13484723,0.160522148,0.593712255,0.142306201,0,0.2749884,0,0,0,0.176482502,0,0,0.133765337,0.323586673,0.310305323,0,0,0,0.433037877,0,0.228791161,0.160943808,0.120880099,0,0.100755323,0.244269611,0.424617186,0,0.081493603,0.405960444,0.333387305,0,0,0.291233733,0.274478941,0.297723562,0,0,0,0.29297671,0,0.216171233,0.147384569,0,0,0.374860023,0,0,0,0,0,0,0.084450765,0.263195539,0,0,0,0,0.27275283,0,0,0.133230308,0.273892556,0.120801002,0,0.420326544,1,0.175039774,0,0,0,0.507975922,0,0.290241243,0,0,0,0,0,0.070463724,0.294446772,0,0.12632904,0.208465591,0.125835386,0,0,0.166751648,0,0,0.14392633,0,0,0.149048761,0,0.104636352,0.184372668,0,0.308530859,0.210694503,0,0.14798121,0,0.489042752,0,0.171287545,0.140424185,0.227676114,0.159389443,0,0.327617985,0,0,0,0,0.065408873,0,0,0.548646074,0.290246849,0.35378209,0,0.317336582,0.123255415,0.098546789,0,0.269795704,0,0,0.386098902,0,0,0.129635127,0,0,0.40848503,0,0.311111559,0,0,0.141530047,0.379945612,0,0,0.107340387,0.400308302,0.431559993,0.258944991,0.228594189,0
0,0,0.13223207,0.056118672,0,0.273519126,0.030464151,0.574806883,0.097669668,0.046027218,0.159135381,0.551405071,0.432995687,0.059794427,0,0.339277343,0.309975866,0.055743098,0.078493412,0.199360134,0,0.126183472,0.321552886,0.414148989,0.351425876,0.114769294,0.057422651,0.289196718,0.322059076,0.502469373,0.439244782,0.37937922,0,0,0.142701554,0,0.125563946,0.162542927,0.557320248,0,0.171039634,0.065699458,0,0.284147589,0.430101327,0.07653785,0.516054729,0.068419201,0.103210415,0.282888074,0.424252644,0.099473884,0,0.383203968,0.056646575,0.518432723,0.298396723,0.305967161,0.402177815,0.37832045,0.553102503,0,0.423540579,0,0.406426995,0,0.350035856,0.11469327,0,0,0.288547581,0,0.572819387,0.077344445,0.301685429,0.37645222,0.445712629,0.393084604,0.175466164,0.539978661,0.038635441,0.406416539,0.522334763,0.155989631,0.120222487,0.611317862,0.210604219,0.085191517,0.116474605,0.042043202,0.196107461,0.187190638,0.259469502,0.297626296,0.384650342,0,0.3602211,0.252508896,0.470653466,0.344548234,0.277940182,0.138191908,0,0.297151413,0.142419554,0.274530715,0.297897998,0,0.292298374,0.295692511,0,0.288843816,0.589055566,0.401555073,0,0.399248888,0.093131291,0.364178623,0,0.089105514,0,0.36646507,0.076153014,0.15416433,0.09981528,0,0.259040999,0,0.142463825,0,0.403070631,0.041546796,0.031388279,0,0.437784659,0.531836568,0,0.123382796,0,0.203245311,0,0.273675014,0,0.145786186,0.051159522,0.376564441,0.243834484,0.163299964,0.042043202,0.229186603,0.539685685,0.176687748,0.068607246,0.041284649,0.488537263,0.357619837,0.400213693,0.39384785,0,0,0.303686057,0.031388279,0.10039652,0.124909441,0,0,0.279592117,0,0.067076739,0,0.089540052,0.049951475,0.068577641,0.051932394,0.27809252,0.11209114,0.047021981,0,0.230091911,0.391734823,0.069436507,0.083967507,0.130451047,0.265457983,0.298456016,0,0.220524021,0.175039774,1,0.069123003,0,0.431384502,0.388165864,0.064234502,0.557366302,0,0,0,0.067818626,0,0.088011736,0.541715851,0.064054124,0,0.098702098,0.132536592,0.06089821,0.012652032,0.077527019,0.118162097,0.080684742,0.191820916,0.062215499,0.039473677,0.424199858,0,0.20368247,0.092951147,0,0.523879434,0.631238929,0.160817213,0,0.158919179,0.275942031,0,0.078493412,0,0.353249517,0.050460903,0.030624079,0.056110788,0.461891808,0.059715831,0,0.168479908,0.355494636,0,0,0.290790448,0,0.19695173,0,0.565232088,0.075204726,0.235421663,0,0.224892723,0.062599973,0.022251904,0.456649903,0.113318363,0,0,0,0,0.398399528,0.260027955,0.326496104,0.059794427,0.360913943,0.071595163,0.474145986,0,0,0.205307215,0.503786791,0.356957728,0.142267871,0.266551711,0.031388279
0,0,0,0,0,0.047933034,0,0.033882785,0,0,0,0.042940077,0,0,0,0,0,0,0,0,0,0.588784638,0,0,0,0,0,0,0,0,0.070188594,0,0,0,0,0,0,0,0.021467748,0,0.357163971,0,0,0.111965939,0,0,0.047447711,0,0,0.16939508,0,0,0.098689357,0,0,0,0,0,0.086919837,0.125610918,0.06140056,0,0.149982793,0,0.117059336,0,0,0,0,0,0.136140658,0,0.030430588,0,0.027983831,0,0.016269047,0,0,0.078664354,0,0.122411144,0.091318726,0,0.412721859,0.042121977,0,0,0,0,0,0.330207402,0.076344559,0,0.004541467,0,0,0,0,0.050679323,0,0,0,0,0,0.118816862,0,0,0.115564046,0.13100271,0,0,0.049615284,0,0,0.017244596,0,0,0,0,0,0,0,0,0,0,0,0,0.406693026,0,0.062418183,0,0,0,0,0.030040094,0,0,0,0,0,0.069378566,0,0,0,0.14799064,0.17280872,0,0,0,0.140535583,0.177925424,0,0,0,0,0,0.099871864,0,0,0,0,0,0.3360206,0,0,0,0,0,0,0,0,0,0,0,0,0,0,0.250560219,0.053918718,0,0,0,0,0.220266172,0,0.173533616,0,0.069123003,1,0,0.173941352,0,0,0.039687334,0,0,0,0,0.322061188,0,0.058459052,0,0,0,0,0,0,0,0,0,0.336030828,0,0,0,0,0,0,0,0.031988906,0.05663144,0,0,0,0,0,0,0,0,0,0,0,0,0,0,0,0.092738709,0,0,0.116128855,0,0,0,0,0,0,0,0.038513591,0,0,0,0.311078109,0,0,0,0,0,0.267950349,0,0,0.102862344,0,0.055605186,0,0,0.220185648,0,0.129551856,0,0,0
0,0,0,0,0,0,0,0,0,0,0,0.00735154,0,0,0,0,0,0.244040253,0,0,0,0,0,0.021761416,0.024076112,0.074678696,0,0,0,0.021951365,0,0,0,0,0,0,0,0,0,0,0,0.101455759,0,0,0,0,0.008134367,0,0.047685647,0,0.020046776,0,0,0,0,0,0,0,0,0,0,0,0,0.265176733,0,0,0,0,0,0,0,0,0.01690621,0,0,0.016678666,0.015812968,0,0,0,0,0,0,0.059344845,0,0,0,0,0,0,0,0,0,0,0,0,0,0,0,0,0,0,0,0,0,0,0,0,0,0,0,0,0.02360974,0,0,0,0,0,0,0,0,0,0,0,0,0,0,0,0,0,0,0,0,0,0,0,0,0,0,0,0,0.031231618,0,0,0,0,0,0,0,0,0,0,0,0,0,0,0,0,0,0,0,0,0,0,0,0,0,0,0,0,0,0,0,0,0,0,0,0,0,0.013589126,0,0,0,0.036057652,0,0,0,0,0,0,1,0.082156356,0,0,0,0,0,0,0,0,0,0,0,0,0,0,0,0,0,0,0,0,0,0,0,0,0,0,0,0,0,0,0,0,0,0,0,0,0,0,0,0.103895438,0,0,0,0,0,0,0,0,0,0.110187795,0,0,0,0,0,0,0,0,0,0,0,0,0,0,0,0,0.02395399,0,0,0,0,0,0,0,0,0,0,0,0
0.032596782,0,0.153381705,0,0,0.088826372,0,0.254522328,0,0,0,0.225136869,0.145712131,0.15642665,0,0.106004107,0,0.199436477,0.202195361,0.138013583,0,0.169649882,0,0.258188985,0.178032522,0.191847115,0,0.188961338,0.245552217,0.196417282,0.29794553,0.21612542,0,0,0.185669001,0,0.172766473,0.046685569,0.190795055,0,0.26355993,0.048864683,0,0.304530774,0.249448621,0,0.232293464,0.02292675,0.119011483,0.219636208,0.154791067,0,0,0.212185392,0,0.219274932,0.082623591,0.231882445,0.211623203,0.290592204,0.367641004,0,0.494349555,0.130980822,0.240372368,0,0.267024445,0.097586269,0,0,0,0,0.267956412,0,0.058740419,0.303668691,0.158369191,0.220618873,0.172734227,0.424346328,0,0.247632666,0.277060126,0.129722511,0.278567363,0.314250785,0,0.218250398,0,0,0.270456556,0.255221524,0,0.129497833,0.150519133,0,0.179641718,0.179145136,0.157636232,0.0995995,0.135048911,0.28711403,0,0,0.303889754,0.280103782,0.102541266,0,0.238304598,0.084534364,0,0.15115101,0.274711599,0.231750285,0,0.142413222,0,0.296336126,0,0.08049943,0,0.26350637,0,0,0,0,0.252554172,0,0.150264408,0,0.205828951,0,0,0,0.171882425,0.198145565,0,0,0,0.163394838,0,0.257266926,0,0.260485513,0,0.322983566,0.2318559,0,0,0.131487999,0.29373811,0.101870224,0,0,0.223305229,0.363910289,0.326857209,0.41412371,0,0,0.181981028,0,0,0.139429432,0,0,0.211076707,0,0,0,0.073961286,0.103217977,0,0,0.195273702,0.101286467,0,0,0.374006849,0.216634589,0,0.214150074,0.167934422,0.196412374,0.404957359,0,0.185149817,0,0.431384502,0.173941352,0.082156356,1,0.302465972,0,0.291900567,0,0,0,0,0,0,0.274877541,0,0,0,0.189182962,0,0,0,0.244804636,0.194017631,0.307330332,0,0,0.115089513,0,0,0,0,0.204764618,0.315664818,0.362708224,0,0.22287024,0.203467903,0,0,0,0.144920587,0,0,0.049423655,0.328794489,0.155889891,0.12943444,0.404167284,0.148086855,0,0,0.180724596,0,0.190342118,0,0.249411078,0.162848629,0.449067727,0,0.075061999,0,0,0.193078955,0.158545078,0,0,0,0,0.212981368,0.429265647,0.193776413,0.15642665,0.137334863,0,0.323488637,0,0,0.308287583,0.364077954,0.353706975,0.159648086,0.195474968,0
0,0.085139137,0,0.153895027,0,0.133173699,0.069996304,0.533180514,0.115388168,0,0.237868205,0.512446965,0.247271105,0.071287078,0,0.419166221,0.106711374,0.065602756,0.093407033,0.146669341,0,0.068397977,0.069081579,0.388837874,0.225481275,0.059101721,0.092786578,0.221032355,0.34059808,0.350070879,0.492840389,0.385651323,0.061817062,0.033848267,0.097384552,0,0.144817927,0.22602659,0.507257237,0.042258251,0.125584283,0,0,0.298979192,0.324123284,0.149665995,0.497508127,0.259028508,0.285419785,0.104892248,0.456118333,0.117914844,0.188492334,0.344112363,0,0.568946642,0.25422043,0.406230925,0.395544353,0.28219925,0.49079285,0,0.470167555,0,0.421476399,0,0.290954919,0.154942022,0,0,0.103438823,0,0.213458794,0.091784498,0.312705085,0.466393871,0.445667055,0.452331998,0.279950243,0.577411789,0.045964238,0.431548781,0.494777601,0.33739159,0.137653724,0.465137055,0.268009625,0,0,0,0.312893998,0.122300554,0.155710157,0.277711696,0.367638857,0,0.500126716,0.095391871,0.367053959,0.327343003,0.121177816,0.369823055,0,0,0.224332174,0.471405385,0.377376518,0,0.188797794,0.140830053,0,0.086828864,0.50015869,0.442987093,0,0.432832478,0.109106744,0.43035704,0.07683436,0.105518312,0,0.262182793,0.090111475,0.36871737,0.084070375,0,0.346346829,0,0,0,0.297202764,0,0,0,0.41937379,0.49987834,0,0,0,0.411320162,0,0.165666039,0,0.072901042,0,0.33711778,0.294707871,0.252552736,0,0.184329264,0.362959146,0.440029294,0,0,0.452668209,0.380218557,0.376175387,0.425535501,0,0,0.536744527,0,0.119213507,0.088445572,0,0,0.459958061,0,0,0,0.168256419,0.122998324,0,0.060580605,0.440834529,0.064251193,0,0,0.114253091,0.46911591,0,0.099800607,0.268327734,0.479405452,0.274523554,0,0.412882471,0.507975922,0.388165864,0,0,0.302465972,1,0.073549202,0.543357259,0,0,0,0,0,0,0.399408627,0,0.068993868,0.116831936,0.172839818,0,0,0.092041722,0.225277363,0.095197048,0.236796093,0,0.04715555,0.266163536,0,0.180685842,0.108859578,0,0.457425524,0.465002389,0.188148385,0.080232629,0.100150249,0.45506963,0,0.093407033,0.077957982,0.154286467,0.160018249,0,0.142439312,0.174812528,0.071175394,0,0.198722614,0.040886772,0,0,0.425708011,0.166627746,0.34525668,0,0.479599751,0.068529478,0.274099473,0,0.3408156,0,0,0.440503525,0.133018819,0,0.06996841,0.047463243,0.073892674,0.566558981,0.20123056,0.443293797,0.071287078,0.106841646,0.12648176,0.556986027,0,0.071287078,0.197031783,0.656319654,0.356613183,0.237282675,0.420689643,0
0,0,0,0,0,0.093894052,0,0.062244374,0,0,0,0.05420365,0,0,0,0.05255332,0,0,0,0.231498642,0,0,0,0.089431345,0.050158051,0,0,0,0,0.04585734,0,0.055968879,0,0,0.307027305,0,0,0.086880009,0.086273551,0,0,0,0,0,0,0,0.059866629,0,0.093199628,0.149997855,0.041982091,0,0.190262705,0,0,0.042846453,0,0,0,0.111928372,0.055222727,0,0,0,0,0,0.12020568,0,0,0,0,0,0.062003002,0,0.112226715,0,0.065489906,0,0.136640328,0,0,0,0.114716182,0.118249273,0,0.039297022,0,0,0,0,0.175663057,0,0,0,0.086074423,0,0.056024873,0,0.113189306,0.102599196,0.147753163,0,0,0,0,0,0,0,0.209797235,0.12065446,0,0,0.031823083,0.059634149,0,0.069395272,0,0,0,0,0,0,0,0,0,0,0,0,0,0,0.058060353,0,0,0,0.099188802,0.055216108,0,0,0,0,0,0,0,0,0,0.131446868,0,0,0,0,0,0,0,0,0.03913619,0,0,0.089323966,0,0,0.188553787,0,0,0,0,0,0.114150665,0,0,0,0.177944109,0,0,0,0,0,0,0,0,0.048546443,0,0,0,0.04650169,0,0,0,0,0.064234502,0,0,0,0.073549202,1,0.07284594,0,0,0,0,0,0,0.107008586,0.497367278,0,0,0,0,0,0,0,0,0,0.404538189,0,0.073678554,0,0.145297706,0,0,0.058781462,0.10369071,0,0,0,0.108051777,0,0,0,0,0,0,0,0.10013563,0,0,0,0.085885715,0,0,0,0,0,0,0.057882701,0,0,0,0.153939219,0,0,0.043012501,0,0,0,0,0,0.044449246,0,0.048251788,0,0,0,0,0,0,0,0,0,0,0.156395143,0
0.040884477,0.040721377,0.082630188,0.077903307,0.028020216,0.42946551,0.033671981,0.803961331,0.056646561,0.026314221,0.154008701,0.831034502,0.457045402,0.033967852,0,0.473405085,0.226703146,0.073020423,0.044776711,0.14271858,0.041897694,0.072757259,0.274966397,0.51256548,0.482684759,0.137782714,0.120274536,0.403252955,0.353038486,0.552109428,0.456058987,0.467994499,0,0.016039562,0.099970381,0,0.119716059,0.432260105,0.770324084,0.020022925,0.101637599,0.036820751,0,0.221526373,0.280482139,0.044133458,0.842276567,0.104054437,0.276493944,0.244372182,0.670185661,0.057248787,0.217314348,0.432146924,0.069735984,0.606127431,0.350270117,0.288512164,0.397431786,0.430544183,0.65789224,0.032032431,0.330624429,0.029118294,0.403656742,0,0.387227086,0.122971311,0,0,0.17385647,0,0.625354182,0.044400454,0.59224822,0.492755005,0.742570897,0.314097426,0.318844406,0.520781398,0,0.411209066,0.644087865,0.227163506,0.107339189,0.749592173,0.171610188,0.048670534,0,0,0.431520582,0.100160186,0.299818163,0.248376695,0.75077666,0.037260405,0.49325079,0.13580324,0.657363509,0.39651998,0.243268634,0.163361313,0,0.176672017,0.167948956,0.360068326,0.391050678,0.08207599,0.397195012,0.311295289,0.033836566,0.234114901,0.768472014,0.53088682,0.068559079,0.695682553,0.07018261,0.340344902,0.037530536,0.051399881,0,0.421431523,0.078464303,0.13669118,0.062045917,0.034225749,0.222476743,0.020824422,0.117456306,0,0.492110215,0,0,0.069434697,0.454516873,0.777269339,0.015905511,0,0,0.379924307,0,0.223136055,0.041897694,0.155945595,0,0.368099037,0.173715707,0.097031716,0,0.242065767,0.286748889,0.278650309,0,0,0.625082667,0.404987043,0.355681279,0.463729558,0,0,0.412769631,0,0.057553182,0.097695168,0.016039562,0,0.383466467,0,0,0.034269138,0.292106896,0.142111427,0,0.100495396,0.259453496,0.117698059,0.026636379,0,0.14075296,0.637775121,0,0.048030626,0.175934108,0.522134448,0.226552407,0,0.27777227,0.290241243,0.557366302,0.039687334,0,0.291900567,0.543357259,0.07284594,1,0,0,0,0,0,0,0.680171542,0.075970128,0,0.076482805,0.120865784,0.034603388,0,0.04446056,0.180824557,0.046938225,0.158675297,0.036358449,0,0.55898977,0,0.255055268,0.124993482,0.020824422,0.780465538,0.738549276,0.124931329,0.038323403,0.1228175,0.359014901,0,0.044776711,0.037796635,0.168710227,0.045529575,0.019806915,0.113890625,0.482333656,0.033942473,0.029041162,0.098082732,0.356412965,0,0.019290834,0.316305635,0.082597377,0.155614972,0,0.613177157,0.154338843,0.308966324,0.035234321,0.398212497,0,0,0.59740623,0.105842097,0,0,0.02278085,0,0.59482702,0.142163066,0.599655558,0.033967852,0.287155045,0.098607976,0.578048585,0,0.033967852,0.17867586,0.556446453,0.309579534,0.153740403,0.502075959,0
0,0,0,0,0,0,0,0,0,0,0,0,0,0,0,0,0,0,0,0,0,0,0,0,0,0,0,0,0,0,0,0,0,0,0,0,0,0,0,0,0,0.085698903,0,0,0,0,0,0,0.040695077,0,0,0,0,0,0,0,0,0,0,0,0,0,0.075304023,0,0,0,0,0,0,0,0,0,0,0,0,0.032051978,0.030754724,0,0,0,0,0,0,0,0,0,0,0,0,0,0,0,0,0,0,0,0.054245808,0,0,0,0,0,0,0,0,0,0,0,0,0,0,0,0.029368568,0,0,0,0,0,0,0,0,0,0,0,0.367905655,0,0,0,0,0,0,0,0,0,0.05305087,0,0,0,0,0,0,0.060562346,0,0,0,0,0,0,0,0,0,0,0,0,0,0,0,0.088146737,0,0,0,0,0,0,0,0,0,0,0,0,0,0,0,0,0.064737938,0,0,0,0,0.026142273,0,0,0,0.044783944,0,0,0,0,0,0,0,0,0,0,0,1,0,0.527004662,0,0,0,0,0,0,0,0,0,0,0,0.132597536,0,0,0,0,0,0,0,0,0,0,0,0,0,0,0,0,0,0,0,0,0,0.087719057,0,0,0,0,0,0,0,0,0,0.117551147,0,0,0,0,0,0.074088083,0,0,0,0,0,0,0,0,0.042757973,0.140675776,0.046515167,0,0,0,0,0,0,0,0,0.064557799,0,0,0
0,0,0,0,0,0,0,0,0,0,0,0,0,0,0,0,0,0,0,0,0,0,0,0,0,0,0,0,0,0,0,0,0,0,0,0,0,0,0,0,0,0.030781937,0,0,0,0,0,0,0,0,0,0,0,0,0,0,0,0,0,0,0,0,0,0,0,0,0,0,0,0,0,0,0,0,0,0,0,0,0,0,0,0,0,0,0,0,0,0,0,0,0,0,0,0,0,0,0,0,0,0,0,0,0,0,0,0,0,0,0,0,0,0,0,0,0,0,0,0,0,0,0,0,0,0,0,0,0,0,0,0,0,0,0,0,0,0,0,0,0,0,0,0.009041178,0,0,0,0,0,0,0,0,0,0,0,0,0,0,0,0,0,0,0,0,0,0,0,0,0,0,0,0,0,0,0,0,0,0,0,0,0,0,0,0,0,0,0,0,0,0,0,0,0,0,0,0,0,0,1,0,0,0,0,0,0,0,0,0,0,0,0,0,0,0,0,0,0,1,0,0,0,0,0,0,0,0,0,0,0,0,0,0,0,0,0,0,0,0,0,0,0,0,0,0,0,0,0,0,0,0,0,0,0,0,0,0,0,0,0,0,0,0,0,0,0,0,0,0,0,0,0,0,0
0,0,0,0,0,0,0,0,0,0,0,0,0,0,0,0,0,0,0,0,0,0,0,0.009959603,0.011022123,0,0,0,0,0,0,0,0,0,0,0,0,0,0,0,0,0.088486111,0,0,0,0,0,0,0.041313019,0,0,0,0,0,0,0,0,0,0,0,0,0,0,0,0,0,0,0,0,0,0,0,0,0,0,0.01355347,0.013645934,0,0,0.016302532,0,0,0,0,0,0,0.067820394,0,0,0,0,0,0,0,0,0,0.024161539,0,0,0,0,0,0,0,0,0,0,0,0,0,0,0,0.013027948,0,0,0,0,0,0,0,0,0,0,0,0.172738301,0,0,0,0,0,0,0,0,0,0,0,0,0,0,0,0,0.027002901,0,0,0,0,0,0,0,0,0,0,0,0,0,0,0,0.039480412,0,0,0,0,0,0,0,0,0,0,0,0,0,0,0,0,0,0,0,0,0,0,0,0,0,0.019916295,0,0,0,0,0,0,0,0,0,0,0,0.527004662,0,1,0,0,0,0,0,0,0,0,0,0,0,0,0,0,0,0,0,0,0,0,0,0,0,0,0,0,0,0,0,0,0,0,0,0.090641459,0,0,0,0,0,0,0,0,0,0,0,0,0,0,0,0.033107,0,0,0,0,0,0,0,0,0.029083105,0,0.020692059,0,0,0,0,0,0,0,0,0,0,0,0
0,0,0.437183235,0,0,0,0,0.033306852,0,0,0,0.028992579,0,0,0,0.093503465,0,0,0,0.170773247,0,0,0,0.080847176,0.089220645,0.262256465,0,0.126683342,0.19027216,0.081535917,0.116176087,0.103060156,0,0,0,0,0,0,0,0,0,0.346689201,0,0,0,0,0.032030704,0,0.070162802,0.165302543,0.044227162,0,0,0.154461689,0,0.078790936,0.156713282,0,0.143739628,0,0,0,0,0,0.114553547,0,0,0,0,0,0,0,0,0,0,0,0,0,0,0.05300539,0,0,0.061546447,0,0,0.041387527,0,0,0.46103342,0,0,0,0,0,0,0,0.061147503,0,0,0,0,0,0,0,0,0,0,0,0.113099383,0,0,0,0,0,0,0.037146612,0,0,0,0,0,0,0,0,0,0,0,0,0,0,0.061262532,0,0,0,0,0.049830471,0,0.794423524,0,0,0.448900895,0.114840357,0,0,0.333119142,0,0.284454968,0,0,0,0.137353402,0,0.658918117,0,0.041217485,0,0,0,0,0,0,0,0,0.324990998,0,0,0.125333534,0,0.54047709,0,0,0,0.656197431,0,0,0,0,0,0,0,0.744288215,0,0,0.034840401,0,0,0,0,0.067818626,0,0,0,0,0,0,0,0,0,1,0,0.52290121,0.057388989,0,0,0,0,0,0,0,0,0,0,0,0,0,0,0.26090795,0,0,0.053057557,0,0,0,0,0.118562723,0,0,0,0,0,0,0.209916268,0,0,0,0,0.15331414,0,0,0,0,0,0,0,0,0,0,0,0,0,0.03221471,0,0,0,0,0,0,0,0,0,0,0,0.092110253,0,0,0,0,0,0,0,0
0,0,0,0,0,0.048629656,0,0,0,0,0,0.013507496,0,0,0,0,0.030651078,0,0,0,0,0,0,0,0,0,0,0,0,0,0,0,0,0,0,0,0,0,0.021606369,0,0,0,0,0.115842207,0,0,0.029863544,0,0,0,0,0.04548744,0.101688543,0,0,0.007170577,0,0,0,0,0,0,0,0,0,0,0,0.175351484,0,0,0.14191465,0.162274529,0.030709874,0,0.028219836,0.030304748,0.032697069,0,0,0.036279192,0,0,0.028857025,0,0,0,0.138644761,0,0,0,0,0,0.078127106,0,0,0,0.028667734,0,0,0.051458706,0,0,0,0,0,0,0,0,0,0,0,0,0.036363257,0.030549578,0,0.017333929,0,0,0,0,0,0,0,0,0,0,0,0,0,0,0,0,0,0,0,0.018281752,0,0,0,0,0,0,0,0,0,0,0,0,0,0,0,0,0,0,0,0,0,0,0,0,0,0,0,0,0,0,0,0,0,0,0,0,0,0,0.060333141,0,0,0,0,0,0,0,0.042867458,0.023723062,0.034027218,0,0.081092262,0,0,0.322061188,0,0,0,0,0,0,0,0,0,1,0,0,0,0,0,0,0,0,0,0,0,0,0,0,0,0,0,0,0,0.004814301,0,0,0,0,0,0,0,0,0,0,0,0,0,0,0,0,0,0,0,0,0,0,0,0,0,0,0,0.077924087,0,0,0,0,0,0,0.371521107,0,0.022661283,0,0,0,0.087075535,0,0.025563294,0,0,0,0.03401071,0,0,0,0
0,0,0.322590435,0,0,0,0,0.06017048,0,0,0,0.028804448,0,0,0,0.082245508,0,0,0,0,0,0,0,0.086287758,0.095119502,0.225658351,0,0.11094501,0.109984235,0.071832242,0.12341813,0.090537451,0,0,0,0,0,0,0,0,0,0.295094102,0,0,0,0,0.031801234,0,0,0.209979725,0.04379086,0,0,0.089702777,0,0.069439121,0.165599621,0,0.110140692,0,0,0,0,0,0.111671727,0,0,0,0,0,0,0,0,0,0,0,0,0,0,0,0,0,0.060704779,0.038765819,0.18335781,0.04100521,0,0,0.417655781,0,0,0.09464465,0,0,0,0,0.060316638,0,0,0,0,0,0,0,0,0,0,0,0.110289366,0,0,0,0,0,0,0.03683834,0,0.038953529,0,0,0,0,0,0,0,0,0,0,0,0,0.109986294,0,0,0,0,0.053402602,0,0.425714252,0,0,0,0.143311168,0,0,0,0,0.162433202,0,0,0,0.133230914,0,0.573751348,0,0.053807657,0,0,0,0,0,0,0,0,0.302820682,0,0,0.121891958,0,0.481813185,0,0,0,0.571687419,0,0,0,0,0,0,0,0.637412987,0,0,0,0,0,0,0.070463724,0.088011736,0,0,0,0,0,0,0,0,0,0.52290121,0,1,0.056656513,0,0,0,0,0,0,0,0,0,0,0,0,0,0,0.149439741,0,0,0.046919617,0,0,0,0,0.115478372,0,0,0,0,0,0,0.200437746,0,0,0,0,0.11733,0,0,0.055685725,0,0,0,0,0,0,0,0,0.178675556,0.220667783,0.023313651,0,0,0,0,0,0,0,0,0,0,0,0.088188064,0,0,0,0,0,0,0,0
0.059819315,0,0.20777459,0.064445588,0.041614836,0.408470524,0,0.649122074,0.082903371,0,0.114123495,0.651400462,0.419502845,0,0,0.44776532,0.197179276,0.058786555,0.066228077,0.167285993,0.062013542,0.057966245,0.399573735,0.520086239,0.550011766,0.194560534,0.125710936,0.443055038,0.425601038,0.553490144,0.492224819,0.468886859,0,0.023844497,0.070080303,0,0.161886773,0.249301889,0.662936839,0,0.095997231,0.137580857,0.045589657,0.227770487,0.341895319,0,0.672627532,0.063421143,0.177033539,0.31283709,0.684221432,0.084199662,0.164237125,0.467195832,0.101400104,0.560326325,0.338267713,0.208846327,0.378421246,0.420589543,0.520786043,0.047526749,0.259661866,0,0.370030699,0,0.36262906,0,0,0,0.248266476,0,0.585817678,0,0.522005751,0.403006168,0.539562063,0.393979554,0.285346886,0.366997499,0.032605217,0.433848582,0.62759339,0.232913037,0.055629899,0.656467339,0.139687983,0.071918714,0.099044356,0,0.439094989,0.053817243,0.265736812,0.128401563,0.648549937,0,0.457824258,0.194577268,0.617749394,0.429774919,0.17833985,0.23132925,0,0.25117005,0.239294649,0.343601609,0.377510493,0.120297061,0.436112166,0.359655479,0,0.233502739,0.545096759,0.42162095,0.04622958,0.629956753,0.079610405,0.340075313,0,0,0.043652061,0.491382429,0,0.136040491,0.028207007,0,0.218464619,0.030982697,0.121590589,0,0.493961316,0,0,0.100351183,0.430314645,0.625378006,0,0.05598624,0,0.371205309,0,0.255304606,0.062013542,0.14033692,0.043457849,0.318940368,0.237172772,0.07886134,0,0.25064529,0.344560306,0.191172589,0.057952693,0,0.514984821,0.400823672,0.458136494,0.241400689,0,0,0.292441708,0.026382502,0.084859769,0.193504778,0.023844497,0,0.463300307,0,0.056856846,0,0.203361856,0.053718378,0.057931568,0.137070095,0.162132044,0.049775139,0,0,0.152477212,0.465816426,0.05854328,0.070917266,0.180351245,0.37639114,0.168920123,0,0.218210859,0.294446772,0.541715851,0.058459052,0,0.274877541,0.399408627,0.107008586,0.680171542,0,0,0,0.057388989,0,0.056656513,1,0.054279456,0,0.083646035,0.168057485,0,0,0,0.06744516,0.068561305,0.182421625,0.052953355,0.033200194,0.628335988,0,0.239182209,0.180537148,0.030982697,0.645627386,0.680091526,0.180163472,0,0.177900645,0.423957387,0,0,0,0.268745896,0.109252015,0,0.20830751,0.363682399,0,0,0.143201256,0.510909986,0,0,0.345942709,0.066444506,0.072536448,0,0.65363905,0.120146261,0.324858505,0,0.304176619,0,0,0.626883505,0.053283227,0,0,0,0,0.50286791,0.114294395,0.500697717,0,0.398166738,0,0.484562558,0,0,0.10177117,0.31579085,0.26436376,0.06091098,0.440212258,0
0,0,0,0,0,0,0,0.031604541,0,0,0,0.042039286,0,0,0,0.052432519,0,0,0,0.229172801,0,0,0,0.045381245,0.050048,0,0,0,0,0.045765334,0,0,0,0,0.302949599,0,0,0,0.089946739,0,0,0,0,0,0,0,0.062452204,0,0,0,0.041904965,0,0,0,0,0,0,0,0,0,0,0,0,0,0,0,0.182617347,0.169137557,0,0,0,0,0.127035299,0,0.116937367,0.032179187,0.068309793,0,0,0,0,0,0.058179115,0.117639427,0,0.059911717,0,0,0,0,0.088968192,0,0,0,0.08973953,0,0.030475612,0,0.057406698,0.102139779,0.146802256,0,0,0,0,0,0,0,0.106175682,0.12001962,0,0,0.065287099,0,0,0.035229797,0,0,0,0,0,0,0,0,0,0,0,0,0,0,0.057912944,0,0,0,0.202893829,0.02804033,0,0,0,0,0,0.033893431,0,0,0,0,0,0,0,0,0,0,0,0,0.039069159,0,0,0,0,0,0.1458025,0,0,0,0,0,0,0,0,0,0.192529249,0.118764301,0,0,0,0,0,0,0,0.026416538,0,0,0,0.050612454,0,0,0,0,0.064054124,0,0,0,0,0.497367278,0.075970128,0,0,0,0,0,0,0.054279456,1,0,0.255725888,0,0,0,0,0,0,0,0.397488778,0,0.073441335,0,0.144378043,0,0,0.029848551,0.080331971,0,0,0,0,0,0,0,0,0,0.323541925,0,0.152260046,0,0,0,0.08556355,0,0,0,0,0,0,0.057736191,0,0,0,0.1602521,0,0,0,0,0,0,0,0,0,0,0.052513103,0,0,0,0,0,0,0,0,0,0,0.07924346,0
0,0,0,0,0,0,0,0.02823074,0,0,0,0.034457827,0,0,0,0.019074368,0.171379632,0,0,0,0,0,0,0,0,0,0,0,0,0.01660273,0.058901327,0,0,0,0,0,0,0,0,0,0,0,0,0,0,0,0.027140221,0.358777055,0.088098586,0,0.037591775,0,0,0,0,0.055756871,0,0,0,0,0.051436891,0,0,0,0.099156198,0,0,0,0,0,0,0,0,0,0.051381609,0.055192727,0.029720827,0,0,0.066125207,0,0.103800686,0,0,0,0.035152559,0,0,0,0,0,0,0,0,0,0,0.052200169,0,0,0,0,0,0,0,0,0,0,0,0,0,0,0,0.028388396,0,0,0,0,0,0,0,0,0,0,0.234293103,0,0,0,0,0,0,0,0.32071038,0,0,0,0.035108112,0,0,0,0,0,0.08171571,0,0,0,0,0,0.31813934,0,0.173646656,0.119603973,0.061601821,0,0,0,0,0,0,0,0,0.087592441,0,0,0,0,0,0,0,0,0,0,0,0,0,0.110313814,0,0,0,0,0,0,0,0,0.043168762,0,0,0,0.12632904,0,0,0,0,0.068993868,0,0,0,0,0,0,0,0,0,0,1,0,0,0,0,0,0,0,0,0,0,0,0,0,0,0,0.026642848,0,0,0,0,0.102734108,0,0,0,0,0,0,0,0,0,0,0,0,0,0,0,0,0.196986284,0,0,0,0,0,0.071040031,0,0,0.055976515,0,0,0.832031388,0,0,0.041230947,0,0.044823531,0,0,0,0.018786167,0,0,0,0,0.154431607,0,0,0
0,0,0,0,0,0,0,0.048711368,0.690092606,0,0.425268781,0.056937288,0.162478506,0,0,0.080800933,0,0,0,0,0,0,0,0.069938147,0,0,0,0,0.163101628,0.070529881,0.100203183,0,0,0,0,0,0,0,0.090549297,0,0,0,0,0,0.237399968,0,0.062876638,0,0,0,0.064582386,0.791529042,0,0,0,0.068171117,0.13471048,0.240582234,0.123692042,0,0.087805213,0,0.210890451,0,0.165627473,0,0,0,0,0,0.408124763,0,0.127869682,0,0.117709593,0.094054054,0.068772623,0.205940023,0,0.112121055,0,0.17302365,0.089652991,0,0,0.08113656,0.399580171,0,0,0,0,0,0,0.23531245,0.090340765,0,0.089076878,0,0.088463202,0,0,0,0,0,0,0,0.209535053,0,0,0,0,0,0.065730145,0.094797442,0,0.054297475,0.513342453,0.18208908,0,0,0,0,0,0.368908932,0,0,0.24233605,0,0,0,0,0,0,0,0.204172145,0.04321904,0,0,0,0.167909464,0,0,0,0,0,0,0,0.483715764,0,0,0.197960212,0.248866225,0,0,0.060213175,0.180149525,0.201848451,0,0,0,0.147077523,0,0.853976585,0,0,0,0.180940408,0,0,0,0.096138101,0,0,0,0.183343718,0,0,0,0,0.103623935,0,0,0,0.099270034,0,0,0.242923935,0.208465591,0.098702098,0,0,0,0.116831936,0,0.076482805,0,0,0,0,0,0,0.083646035,0.255725888,0,1,0,0,0,0,0,0,0,0,0,0.11315936,0,0,0.507916568,0,0.046005481,0.10878059,0,0,0,0.171327894,0,0,0,0.328559575,0,0.322117127,0,0.05252434,0,0,0,0,0,0,0.164340015,0,0.315157381,0,0.088970737,0,0,0,0.161285867,0,0,0.06843471,0,0,0,0,0,0.070715279,0,0.102996582,0,0,0,0.079606279,0,0,0,0.105279051,0.182868694,0,0,0
0,0,0,0,0,0,0,0.128683212,0,0,0.198701571,0.112558459,0,0,0,0.139451119,0,0,0,0,0,0,0.112829831,0.182161233,0.155626891,0.133675662,0,0.16230364,0.234325238,0.142935819,0.255860353,0.178165746,0,0,0,0,0.434512208,0.076174039,0.092481142,0,0,0,0,0.24923347,0.185130092,0,0.07257734,0,0,0,0.136271296,0,0,0.258475021,0,0.177766887,0.139406837,0.124764141,0.078712301,0.143501259,0.125267538,0,0.127112087,0,0.192548522,0,0,0,0,0,0,0,0.081184041,0,0.050039778,0.133635788,0.074904268,0.383016719,0,0.15745144,0,0.106736893,0.121097804,0.11121842,0,0.118373758,0,0,0.23215846,0,0.113690203,0,0,0.306146072,0.102862604,0,0.134171714,0.302785117,0.075708971,0.128852411,0,0.196335776,0,0,0,0.136707862,0,0,0,0,0,0.230600379,0.129369029,0.181449038,0,0.14290399,0,0.196797968,0,0,0,0.130391554,0.29457574,0,0,0,0.188424801,0,0.239406656,0,0.134407327,0,0,0,0,0.114596719,0,0,0,0.194924346,0,0.0640479,0,0.438488173,0.239810411,0,0.331298132,0,0,0,0,0.128427009,0,0,0.157848346,0.145449904,0.283147342,0.117242366,0,0,0.121223009,0,0,0,0,0,0.14601716,0,0,0,0,0,0,0,0.098433733,0,0,0,0,0.094999572,0,0,0.272085787,0.106497535,0,0,0.143632488,0.125835386,0.132536592,0,0,0.189182962,0.172839818,0,0.120865784,0,0,0,0,0,0,0.168057485,0,0,0,1,0,0,0,0.255869702,0,0,0,0,0,0,0,0,0,0.121756284,0.069710423,0.332985851,0,0.356557543,0.139084891,0,0,0,0.140828772,0.225195789,0,0.171326128,0.126070921,0,0,0.406296834,0.063577207,0,0,0.300921195,0,0,0,0.178132983,0,0.198876268,0.362818599,0,0,0,0.178423058,0,0,0,0,0,0.148606089,0,0.110293068,0,0.1999169,0,0.206023495,0,0,0,0.148497938,0.112125753,0.218439828,0.077775016,0
0,0,0,0,0,0,0,0.029482272,0,0,0,0.025617803,0.102792607,0,0,0.049509311,0,0,0,0.241430231,0,0,0,0.042674618,0,0,0,0,0,0.043045459,0,0.054698507,0,0,0,0,0,0.086404927,0.041132247,0,0,0,0,0,0,0,0.028337742,0,0,0,0,0,0,0,0,0.041568217,0.084293336,0,0.07706438,0,0,0,0,0,0,0,0,0,0,0,0,0,0.058711382,0,0.053888203,0,0.0310469,0,0.13986245,0,0,0,0.055121364,0,0,0.036757599,0,0,0,0,0,0,0,0.153316284,0.041035075,0,0,0,0.054364823,0,0.146742231,0,0,0,0,0,0,0,0,0,0,0,0.029647774,0,0,0.032933289,0,0,0,0,0,0,0,0,0,0,0,0,0,0,0.054860586,0,0,0,0,0.026103475,0,0,0,0,0,0,0,0,0,0,0,0,0,0,0,0,0,0,0.036604002,0,0,0.088959518,0,0,0,0,0,0,0,0,0,0,0,0,0,0,0,0,0,0.324913337,0,0,0,0.047247996,0,0,0,0,0,0,0,0,0.06089821,0,0,0,0,0,0.034603388,0,0,0,0,0,0,0,0,0,0,0,1,0,0,0,0,0,0,0,0,0,0,0,0,0.027815887,0,0,0,0,0,0,0,0,0,0,0,0,0,0,0,0,0.082394782,0,0,0.104047396,0,0,0,0,0,0,0,0.074776302,0,0,0.041733167,0,0,0,0,0,0,0,0.0469535,0,0,0,0,0,0,0,0.065122396,0,0,0,0
0,0,0,0,0,0,0,0,0,0,0,0,0,0,0,0,0,0,0,0,0,0,0,0,0,0,0,0,0,0,0,0,0,0,0,0,0,0,0,0.22412007,0,0.042691379,0,0,0,0,0,0,0,0,0,0,0,0,0,0,0,0,0,0,0,0,0,0,0,0,0,0,0,0,0,0,0,0,0,0,0,0,0,0,0,0,0,0,0,0,0,0,0,0,0,0,0,0,0,0,0,0,0,0,0,0,0,0,0,0,0,0,0,0.025015952,0,0,0.006093022,0,0,0.006775933,0,0,0,0,0,0,0,0,0,0,0,0,0,0,0,0,0,0,0,0,0,0,0,0,0,0,0,0,0,0,0,0,0,0,0,0,0,0,0,0,0,0,0,0,0,0,0,0,0,0,0,0,0,0,0,0,0,0,0,0,0,0,0,0,0,0,0,0,0,0,0,0,0.012652032,0,0,0,0,0,0,0,0,0,0,0,0,0,0,0,0,0,0,1,0,0,0,0,0,0,0,0,0,0,0,0,0,0,0,0,0,0,0,0,0,0,0,0,0,0,0,0,0,0,0,0,0,0,0,0,0,0,0,0,0,0,0,0,0.224621518,0,0,0,0,0,0,0,0,0,0,0,0,0,0,0,0,0,0
0,0,0,0,0,0,0,0.050002272,0,0,0.352985984,0.043507475,0.128973506,0,0,0,0,0,0,0,0,0,0.202896833,0.017365571,0,0,0,0,0,0,0.078725498,0,0,0,0,0,0,0,0.052727865,0,0,0,0,0.277186361,0,0.673711724,0.036490685,0.329525817,0.117112309,0,0.066465911,0,0,0,0,0.070200495,0,0.193482187,0,0.141199582,0.068844559,0,0,0,0.131541943,0,0,0.414475245,0,0,0,0,0,0.741806646,0.068771277,0.073819732,0.039941049,0.216960426,0,0.088261864,0,0.137585181,0,0,0,0.047192579,0.330189971,0,0,0,0,0,0,0.189076364,0,0,0.069856201,0,0,0,0,0,0,0,0,0,0.167637129,0,0,0,0,0,0.038159956,0.074412279,0,0,0,0,0,0,0,0,0.645019812,0.303236315,0.425935975,0,0,0,0,0,0,0,0,0,0.120561406,0.044324692,0,0,0,0,0,0.077814444,0,0,0,0,0.061813836,0.405617638,0,0,0.158070356,0,0,0,0.014927116,0,0,0,0,0,0.116450399,0,0,0,0,0,0,0,0,0,0,0,0.252505058,0,0.146042369,0,0,0,0,0,0,0,0,0.057867558,0,0,0,0.166751648,0.077527019,0,0,0,0.092041722,0,0.04446056,0,0,0,0,0,0,0,0,0,0,0,0,0,1,0,0,0,0,0,0,0,0,0,0,0.035825295,0.083648911,0,0,0,0.043258251,0,0.862957123,0,0,0,0,0,0,0,0,0,0,0,0,0,0,0.256679695,0,0,0,0,0,0.094735363,0,0,0,0,0,0,0,0,0.05528995,0,0.060067191,0,0,0.419057484,0,0,0,0,0.109075235,0,0.403735164,0,0
0,0.276662861,0,0,0,0.125240086,0,0.166030013,0,0,0,0.161092732,0.22994415,0,0,0.11694854,0,0,0,0.161298523,0,0,0,0.160181641,0.152224443,0.099225502,0,0.140778068,0.196554103,0.140458845,0.07903718,0.172854263,0,0,0,0,0,0.201180314,0.138924701,0,0,0,0,0.203498256,0.158645753,0,0.176784059,0,0.125712001,0,0.136461146,0,0.280998932,0.178007677,0,0.165096749,0.078489525,0,0.073082065,0.219283141,0.151033482,0,0.052546812,0,0,0,0.149833107,0.318321701,0,0,0,0,0.218974864,0,0.080553462,0.22600549,0.192167841,0.142618502,0.167883971,0.186790405,0,0,0.179132741,0,0,0.205611661,0,0,0,0,0.347986981,0,0.121407004,0.260719786,0.167202418,0,0.225404483,0.2378451,0.259876508,0.204580371,0.234215305,0.13695587,0,0,0,0.215683776,0,0,0.091962206,0,0,0.190903408,0.166881818,0.264633843,0,0.160161985,0,0.100130001,0,0,0,0.116673137,0,0,0.094181423,0,0.26641322,0,0,0,0.199134108,0,0,0,0.122185644,0.129490369,0,0,0,0,0,0.061133993,0,0.123858209,0,0,0.160867476,0,0,0,0,0.119189577,0,0,0.20195854,0.311988534,0.14044813,0.357819994,0,0,0.260076722,0,0,0,0,0,0.267540045,0,0,0,0.222239469,0.149923133,0,0,0.141800208,0,0,0,0,0.17186132,0,0,0.218481037,0.151502787,0,0,0.105541008,0,0.118162097,0,0,0.244804636,0.225277363,0,0.180824557,0.132597536,0,0,0,0,0,0.06744516,0,0,0,0.255869702,0,0,0,1,0,0,0,0,0.125177161,0,0.116692589,0,0,0.157407611,0.143739007,0.256090115,0,0.269807861,0.123584977,0,0,0,0,0,0,0,0.301112141,0,0,0.297353592,0.065302719,0,0.139930931,0.119548504,0,0.210819827,0,0.169522301,0.319966404,0.326160594,0,0.139209085,0,0,0.09982981,0.334842641,0,0,0,0,0.145476632,0.077762362,0.19745739,0,0.169381766,0,0.114373858,0,0,0,0.184827523,0.168613558,0,0.249651815,0
0,0,0.16509185,0,0,0,0,0.063333366,0,0,0,0.035034718,0.131324287,0,0,0.104451801,0,0.21245799,0,0,0,0,0,0.090585621,0.066421152,0,0,0.051335963,0,0.060811182,0.047194848,0.041996691,0,0,0,0,0,0,0.055466413,0,0,0.133570759,0,0.265687813,0.189376036,0,0.038658476,0,0.245613317,0,0,0,0,0,0,0.056032321,0.063059196,0.191808241,0.158678675,0,0.071916883,0,0.169009551,0,0,0,0.148298505,0,0,0,0,0,0.077938157,0,0.113246994,0.113354727,0.0865888,0,0,0.091435162,0,0,0.073406049,0.084128922,0,0.049763246,0,0,0,0,0,0.163435828,0,0,0,0,0.107451732,0,0,0,0,0.276750007,0.363530474,0,0,0,0,0,0,0.156188477,0,0,0.040397424,0.077546899,0,0.044740469,0.184854719,0.146667053,0,0.262483644,0.294490488,0.128932343,0,0,0,0,0.19314753,0,0,0,0.076688271,0,0,0,0.12319443,0.05624801,0,0,0.375108346,0,0,0.165950762,0,0,0.285056291,0,0.09123871,0,0,0.222196454,0.159006913,0,0,0,0.049562185,0,0,0,0,0,0.119200332,0,0,0,0,0,0,0,0,0,0,0,0,0,0.147645045,0,0,0,0.284073536,0.063364538,0,0.63902355,0.169709402,0.124477607,0.1140015,0,0,0,0.080684742,0,0,0.194017631,0.095197048,0,0.046938225,0,0,0,0,0,0,0.068561305,0,0,0,0,0,0,0,0,1,0.350726843,0.216516726,0,0.092264845,0,0,0,0,0.059844401,0.066471991,0.37564071,0,0,0,0,0,0,0,0,0,0.136219958,0.124332664,0,0,0.482961023,0.06174049,0,0,0,0,0,0,0.07285632,0,0.205216053,0,0.144174465,0,0,0.088662247,0,0,0,0,0,0.08558346,0.28742765,0.12908617,0,0,0,0.133822606,0,0,0,0.085960208,0,0,0.09939183,0
0,0,0,0.285663774,0,0,0,0.136535364,0,0,0,0.119534801,0.118813901,0,0,0.124363277,0.130870065,0,0,0,0,0.590720297,0,0.108580991,0.058821466,0,0,0,0,0.092878028,0.138855645,0.115477772,0,0,0,0,0,0.071990691,0.104962833,0,0.436643227,0,0,0.219029179,0.164411893,0,0.131526979,0,0.109338109,0.136494709,0.049751097,0,0,0.096978573,0,0.143565027,0,0.282738729,0.261458249,0.106564098,0.172112523,0,0.376746284,0,0.303016792,0,0.151793169,0,0.074066406,0,0,0,0.073354269,0,0.067929689,0.14325339,0.069503013,0.142442122,0,0.298823333,0,0.226842819,0.17547832,0.127613055,0.260019096,0.167858895,0,0,0,0,0.099770535,0.224651866,0.114047615,0,0.051745131,0,0.068911641,0,0,0.112791375,0,0.447668315,0,0,0.239189949,0.221145424,0.248286236,0,0.099244329,0.240262505,0,0,0.14294219,0.144301314,0,0.085368306,0,0.259388209,0,0,0,0.116852575,0,0.228281363,0,0,0.167247142,0,0.302677671,0,0.057326615,0,0,0,0.221607482,0.121685467,0,0,0,0.119419152,0,0.139182099,0,0,0,0.225405407,0.255745492,0,0,0.188597125,0.25814306,0.14197962,0,0,0.127620947,0.126969756,0.140026085,0.161234766,0,0,0.108801802,0,0,0.227327486,0,0,0.127452955,0,0,0,0,0,0,0,0.224529848,0,0,0,0.184706704,0.178023024,0,0.422534,0.399572441,0.114474461,0.506423007,0,0.139169076,0.14392633,0.191820916,0.336030828,0,0.307330332,0.236796093,0,0.158675297,0,0,0,0,0,0,0.182421625,0,0,0,0,0,0,0,0,0.350726843,1,0,0,0.085909544,0,0,0,0,0.129235971,0.159741082,0.288691589,0,0,0.121541687,0,0,0,0.149807313,0.326076476,0,0.194039997,0.113061745,0,0,0.348147429,0.081927486,0,0,0.216851902,0.329618954,0,0,0.184292102,0,0.176220799,0,0.090749278,0,0,0.106375011,0.215630688,0,0,0,0,0.148619497,0.59127722,0.118508928,0,0,0,0.217650732,0,0,0.167657124,0.215301531,0.109387063,0,0.092055813,0
0.096972724,0,0.056357705,0,0,0,0,0.031150328,0,0,0,0.031520553,0,0,0,0.051194099,0,0.200256294,0,0.207258721,0,0,0,0.044450564,0.078607987,0,0,0,0,0.072020503,0.034629639,0,0,0,0.265798606,0,0,0,0.042915057,0,0,0,0,0,0,0,0.034763817,0,0.055792909,0,0.049837287,0,0,0,0,0.023777487,0,0,0,0,0,0,0,0.100434448,0,0,0.145769941,0.066379885,0,0,0,0,0.060119786,0,0.0554632,0.036029548,0.057850361,0,0,0,0,0,0.056658295,0.111583241,0,0.038532039,0,0,0,0,0.085460297,0.156118338,0,0,0.051907859,0,0.034171681,0,0.067797698,0.120713178,0.209514419,0,0.32920846,0,0,0,0,0,0.10121744,0.182742772,0,0,0.03131955,0,0,0.042025527,0.175548187,0,0,0.244107896,0,0.020969501,0,0,0.06784651,0.094825081,0.031146717,0,0,0,0.090639603,0,0,0.206338457,0.094455545,0.048742603,0,0,0.338674867,0,0,0.054263732,0,0,0.103451476,0,0.088912218,0,0,0,0,0,0,0,0.046524397,0,0,0,0,0,0.091441935,0,0,0,0,0.175466266,0,0,0,0,0,0,0,0,0,0.05513975,0,0,0.12353116,0,0,0,0,0.035997107,0.110392305,0,0,0,0.062215499,0,0,0,0,0.404538189,0.036358449,0,0,0,0,0,0,0.052953355,0.397488778,0,0,0,0,0,0,0,0.216516726,0,1,0,0.071034441,0,0.13536143,0,0,0.029443086,0.051354097,0,0,0,0,0,0,0,0,0,0,0,0.095313774,0,0.108740158,0,0.082314097,0,0,0,0,0.053559133,0,0.056238141,0,0,0,0.120990797,0,0,0,0,0,0,0,0,0.02727155,0,0.029547194,0,0,0,0.03062182,0,0,0.047674346,0,0.05896298,0,0.076448474,0
0,0,0,0,0,0,0,0,0,0,0,0.016499619,0,0,0,0.032025321,0,0,0,0,0,0,0,0,0,0,0,0,0,0,0,0,0,0,0,0,0,0,0,0,0,0,0,0,0.102085068,0,0.0182604,0,0,0,0.025391253,0,0,0,0,0,0,0,0,0,0,0,0,0,0,0,0,0,0,0,0,0,0.038041101,0,0,0,0.02001592,0,0.091975267,0,0.645314194,0,0,0,0,0,0,0,0,0,0,0,0,0,0,0,0,0,0.035197073,0,0.096621851,0,0,0,0,0,0,0,0,0,0,0,0,0,0,0.021239304,0,0,0,0,0,0.065776867,0,0,0,0,0,0,0,0,0.035521233,0,0,0,0,0.016813898,0,0,0,0,0,0,0,0,0,0,0,0,0,0,0,0,0,0,0.023622269,0,0,0,0,0,0,0,0,0,0,0,0,0,0,0,0,0,0,0,0,0,0,0,0,0.030550071,0,0,0,0,0,0,0,0,0.039473677,0,0,0,0.04715555,0,0,0,0,0,0,0,0,0.033200194,0,0,0,0,0,0,0,0,0,0,0,1,0.045587995,0,0,0,0,0,0.032131954,0,0,0,0,0,0,0,0,0,0,0,0,0,0,0,0,0,0,0,0,0,0,0,0,0,0,0,0,0,0,0,0,0,0,0,0,0,0,0,0,0,0,0,0,0,0,0,0,0.049411891,0
0,0.082362176,0,0,0.057051271,0.531584285,0,0.512971538,0.111804408,0.052952226,0.150262205,0.517846673,0.657776416,0,0,0.385097002,0.352020647,0,0,0.130696758,0,0,0.353425212,0.374405924,0.501735631,0.049642636,0.089998812,0.396771987,0.354675058,0.430523655,0.146169,0.27905674,0,0,0.092745446,0,0,0.456604412,0.602391819,0,0,0,0,0.208794462,0.445028175,0,0.533515946,0.083191283,0.191445284,0.046917534,0.567055337,0.11417496,0.218418607,0.359844515,0.121869676,0.342683105,0.250025849,0.212911694,0.226030627,0.220234203,0.373246939,0.065083247,0.220922316,0.05870385,0.127258767,0,0.355062756,0,0,0,0.326102507,0,0.662211236,0.028220936,0.568969123,0.297638102,0.545896259,0.192946472,0.29920419,0.191389245,0.044473635,0.307013518,0.473704911,0.159446444,0,0.563147868,0.183253176,0,0,0,0.346019998,0,0.39585167,0.13573872,0.633419491,0.074560676,0.382868703,0.163792869,0.744597668,0.489504899,0.347958219,0.13820889,0,0.386990164,0,0.233452439,0.312126975,0.081248915,0.344528959,0.274076284,0,0.306314436,0.497154558,0.43798096,0.13668029,0.565851622,0.105897118,0.195087104,0,0,0,0.554828176,0,0.097983438,0.037492794,0,0.208778134,0.042561,0.088155626,0,0.465470288,0,0,0.056991889,0.425894982,0.496168152,0,0.065752185,0,0.226861251,0,0.047306844,0,0,0,0.21706783,0,0.104575819,0,0.379975991,0.259268305,0.159130028,0,0,0.467825547,0.378819321,0.297160304,0.200337631,0,0,0.335761791,0,0.115392125,0.085908989,0,0,0.267184382,0,0,0,0.229379644,0.132351836,0,0.103511527,0.141483357,0.117665015,0.054273135,0,0,0.475297841,0,0.096582748,0.066077267,0.295851657,0,0,0.208957688,0.149048761,0.424199858,0,0,0.115089513,0.266163536,0.073678554,0.55898977,0,0,0,0,0,0,0.628335988,0.073441335,0,0.11315936,0,0,0,0,0.125177161,0.092264845,0.085909544,0.071034441,0.045587995,1,0,0.352663453,0.240017977,0.042561,0.51412108,0.636392541,0.143783347,0,0.140063911,0.178629864,0,0,0,0.172922135,0,0,0,0.405243916,0,0.086878573,0.092085365,0.310755306,0,0,0.134912339,0,0.093737156,0,0.419483126,0.125554082,0.235497488,0,0.317341757,0,0,0.468374791,0.131529446,0,0,0,0,0.337199881,0.105560084,0.442709552,0,0.363220784,0,0.269557564,0,0,0,0.234781059,0.077139573,0,0.442467431,0
0,0,0,0,0,0,0,0,0,0,0,0,0,0,0,0,0,0,0,0,0,0,0,0,0,0,0,0,0,0,0,0,0,0,0,0,0,0,0,0,0,0.030781937,0,0,0,0,0,0,0,0,0,0,0,0,0,0,0,0,0,0,0,0,0,0,0,0,0,0,0,0,0,0,0,0,0,0,0,0,0,0,0,0,0,0,0,0,0,0,0,0,0,0,0,0,0,0,0,0,0,0,0,0,0,0,0,0,0,0,0,0,0,0,0,0,0,0,0,0,0,0,0,0,0,0,0,0,0,0,0,0,0,0,0,0,0,0,0,0,0,0,0,0.009041178,0,0,0,0,0,0,0,0,0,0,0,0,0,0,0,0,0,0,0,0,0,0,0,0,0,0,0,0,0,0,0,0,0,0,0,0,0,0,0,0,0,0,0,0,0,0,0,0,0,0,0,0,0,0,1,0,0,0,0,0,0,0,0,0,0,0,0,0,0,0,0,0,0,1,0,0,0,0,0,0,0,0,0,0,0,0,0,0,0,0,0,0,0,0,0,0,0,0,0,0,0,0,0,0,0,0,0,0,0,0,0,0,0,0,0,0,0,0,0,0,0,0,0,0,0,0,0,0,0
0,0.167925634,0.195307167,0,0,0.242605341,0.136596869,0.290066818,0,0,0,0.257066733,0.231397553,0,0,0.422030878,0.115775371,0,0,0.303430269,0,0,0.109855899,0.375551162,0.418993598,0.228345992,0.169602841,0.486182431,0.413354017,0.423316806,0.219155468,0.486650377,0,0,0.12235838,0,0,0.401178416,0.261291099,0,0,0.174910879,0,0,0.266056442,0,0.29329757,0.146942997,0.047152152,0.092346617,0.288498498,0,0.351748468,0.474848472,0.122369057,0.282364998,0.428122628,0,0.322165304,0.089055832,0.053829363,0,0,0,0.074025846,0,0.27842794,0,0,0,0.139662756,0,0.182661627,0,0.201539092,0.06035215,0.194893901,0,0.343425931,0.103568144,0,0,0.301590035,0.374944724,0,0.278898713,0.147065523,0,0.143920232,0,0.359933009,0,0.353384432,0.080244,0.343670972,0,0.181538071,0.14336136,0.333588737,0.505993337,0.17398986,0,0,0.237370974,0,0.318434714,0.158059313,0,0.219068163,0.167145887,0.131675132,0.308011671,0.249206111,0.094545839,0,0.318465316,0,0.135195415,0,0,0,0.359216333,0,0,0,0.137771597,0.16167788,0,0,0,0.500345199,0,0,0,0.147155728,0.279070549,0,0.370898833,0,0.23008312,0.108896441,0.15529171,0,0,0.100428807,0.104546099,0.157523372,0,0,0.203315577,0.178315957,0.11599496,0.158808491,0,0.347622158,0.224200608,0.073272695,0.191452851,0,0,0.065161997,0,0,0.282926718,0,0,0.241386869,0,0.15084161,0.138477361,0,0,0.158649956,0,0.036618597,0,0,0,0,0.209755554,0.163323467,0,0.115519889,0.096857649,0,0,0.114427122,0.104636352,0.20368247,0,0,0,0.180685842,0.145297706,0.255055268,0,0,0,0.26090795,0,0.149439741,0.239182209,0.144378043,0,0,0,0,0,0,0.116692589,0,0,0.13536143,0,0.352663453,0,1,0,0,0.307447848,0.273000169,0,0,0.156311893,0.268124017,0,0,0,0,0,0,0.104788219,0.209569396,0,0,0,0.222602227,0,0,0.090051507,0,0,0,0.285582612,0,0.095320175,0,0.1290324,0,0,0.271904556,0.127277058,0,0,0,0,0.093372031,0,0.16066065,0,0.111766923,0,0.288155749,0,0.141600317,0.090711028,0.13675537,0,0,0.302556229,0
0,0,0,0,0,0.19643648,0,0.107370131,0.481713301,0,0.335762378,0.107275212,0.253949878,0,0,0.119154102,0,0,0,0,0,0,0.157057858,0.067000817,0.093546249,0,0,0.073788807,0.147973006,0.116321178,0.162367528,0.046303059,0,0,0,0,0,0.161402938,0.147049059,0,0,0,0,0,0.206648153,0,0.11113296,0,0.097741805,0.113487619,0.151548485,0.529038885,0.138869513,0,0,0.112590418,0.124220977,0.209055201,0.114791622,0,0.201869125,0.349347693,0.186266876,0,0.258408709,0,0,0,0,0,0.324984077,0,0.15484585,0,0.201668333,0.166643459,0.120435585,0.182394369,0,0.104758398,0,0.268818992,0.131513331,0,0,0.100320094,0.319542988,0,0,0,0.160494364,0,0,0.20506462,0.157709693,0,0.084366112,0,0.190388011,0.103427904,0,0,0,0,0,0,0.318959387,0.357506421,0.188627734,0.119639015,0,0.186528234,0.081838496,0.203255743,0.289614391,0.128208402,0.388370624,0.163434471,0,0,0,0.10467548,0,0.299621986,0,0,0.210378214,0,0,0,0.046428657,0,0,0,0.138895601,0.095583207,0,0,0,0.235376993,0,0.014371226,0,0,0,0.101157695,0,0.371171486,0,0.172349104,0.176107097,0.215282206,0,0,0.131800439,0.161870259,0.308572835,0,0,0,0.208639628,0,0.556224572,0,0,0,0.162508503,0,0,0,0.172598144,0,0,0,0.164444495,0,0,0,0,0.11411292,0,0,0,0.132640097,0,0,0.210821127,0.184372668,0.092951147,0,0,0,0.108859578,0,0.124993482,0,0,0,0,0,0,0.180537148,0,0,0.507916568,0,0,0,0,0,0,0,0,0,0.240017977,0,0,1,0,0.109177967,0.132847383,0,0,0,0.23970425,0,0,0,0.272447586,0,0,0,0,0,0,0,0.087933351,0,0,0.148991595,0,0.263167551,0,0.145128118,0,0,0,0.130772798,0,0,0.113007858,0,0,0,0,0,0.116613966,0,0.126107946,0,0,0,0.130578927,0,0,0,0.098761447,0.164062253,0,0.062304475,0
0,0,0,0,0,0,0,0,0,0,0,0.015388854,0,0,0,0,0,0,0,0,0,0,0,0,0,0,0,0,0,0,0,0,0,0,0,0,0,0,0.024786295,0,0,0,0,0,0,0,0.017032116,0,0,0,0.023689046,0,0,0,0,0,0,0,0,0,0,0,0,0,0,0,0.071944258,0,0,0,0,0,0.035506109,0,0.032557288,0,0.018670663,0,0,0,0,0.067178648,0,0,0,0.022130491,0,0,0,0,0,0,0,0,0.024727252,0,0,0,0.032848428,0,0,0,0,0,0,0,0,0,0,0,0,0,0.017824222,0,0,0,0,0,0,0,0,0,0,0,0.239457659,0,0,1,0,0,0,0,0,0,0,0.015682142,0,0,0,0,0,0,0,0,0,0,0,0,0,0,0,0,0,0,0,0,0,0,0,0,0,0,0,0,0,0,0,0,0,0,0,0,0,0,0,0,0,0,0,0,0,0,0,0,0,0,0,0,0,0,0,0,0,0,0.020824422,0,0,0,0,0,0,0.030982697,0,0,0,0,0,0,0,0,0,0,0,0,0.042561,0,0,0,1,0.016716695,0.029984719,0,0,0,0,0,0,0,0,0,0,0,0,0,0,0,0,0,0,0,0,0,0,0,0,0,0,0,0,0,0,0,0,0,0,0,0,0,0,0,0,0,0,0,0,0,0,0,0,0,0
0.033045158,0.032753824,0.160834562,0.090355653,0.022509224,0.392073112,0.027111794,0.85511609,0.045779923,0.021186271,0.147758818,0.84345259,0.382858382,0,0,0.622486507,0.192304397,0.032727543,0.036030282,0.18632568,0.033703941,0.058709381,0.270890411,0.665635112,0.640390417,0.243725591,0.097516307,0.540289477,0.406496532,0.693816744,0.552004395,0.654569647,0.023604711,0,0.051823718,0.019684008,0.12081786,0.429810246,0.701853113,0.016078286,0.080155327,0.148449497,0.024682181,0.18176312,0.256867299,0.058797009,0.802267103,0.118768649,0.281773191,0.246527317,0.70034914,0.046172457,0.192219578,0.479012833,0.083404476,0.727649726,0.446229319,0.232382189,0.476608636,0.346015321,0.519130891,0.025742621,0.243194126,0.02343553,0.350956866,0,0.286026885,0.084736317,0,0,0.141966778,0.004870145,0.55685332,0.047152414,0.50575433,0.441386557,0.691588349,0.321741879,0.286481768,0.4047564,0,0.346222562,0.588718112,0.305084334,0.076221304,0.74992925,0.140204551,0.039178748,0.054943332,0.019102762,0.444009367,0.030547175,0.269275207,0.250674591,0.683408853,0,0.4801747,0.110734776,0.6277198,0.392521575,0.246412911,0.185538098,0,0.170331488,0.163655312,0.380180815,0.325940675,0.066290752,0.345706606,0.287338753,0.027318225,0.217752592,0.743971092,0.518279664,0.025357238,0.769795976,0.057019973,0.350393379,0.030302862,0,0.046059798,0.377492595,0.063350738,0.15843288,0.050424083,0.038765049,0.237597199,0.016716695,0.095314126,0,0.593300949,0.018999618,0,0.056409843,0.348369663,0.890810451,0.012793299,0.079426907,0,0.28424207,0.021716001,0.35670208,0.033703941,0.115010542,0.067303328,0.248003237,0.232826144,0.104392992,0.019102762,0.196525121,0.335805551,0.226604048,0.031616917,0.018944607,0.745792244,0.362482499,0.31448036,0.335508442,0,0,0.320110294,0.014219366,0.046370257,0.113293661,0,0,0.333893456,0,0.04761457,0.040972321,0.185365196,0.05947082,0.031610628,0.078693025,0.255039604,0.122656986,0.021394606,0.019684008,0.109024707,0.539379948,0.031791889,0.038676078,0.16475062,0.479296052,0.123743634,0,0.207404377,0.308530859,0.523879434,0.031988906,0,0.204764618,0.457425524,0.058781462,0.780465538,0,0,0,0.053057557,0.004814301,0.046919617,0.645627386,0.029848551,0.026642848,0.046005481,0.121756284,0.027815887,0,0.035825295,0.157407611,0.059844401,0.129235971,0.029443086,0,0.51412108,0,0.307447848,0.109177967,0.016716695,1,0.601014025,0.112535603,0.030817658,0.099685052,0.384504076,0,0.036030282,0.052642329,0.178343346,0.088224962,0,0.189027047,0.359251258,0,0.034794673,0.079346363,0.456674805,0,0.015483249,0.390805684,0.066872944,0.127472355,0,0.62056176,0.123583886,0.201899576,0.028324845,0.32852657,0.018855372,0.013506184,0.740916861,0.115591462,0,0.026786924,0,0.028324845,0.578465303,0.101772678,0.558006423,0,0.226222542,0.080162254,0.568006911,0,0.02730328,0.099353029,0.486528754,0.215478917,0.125071133,0.424051568,0
0.057986969,0.058375846,0.11401068,0,0.040281394,0.544375267,0.024916001,0.631789872,0.080361857,0.03764109,0.168775185,0.655436737,0.533969383,0.048767254,0,0.340822848,0.307587773,0.103054312,0.064131792,0.15351316,0.060046516,0.103566497,0.3706821,0.407046422,0.446071071,0.101100489,0.121948317,0.396100431,0.347742799,0.497259931,0.395827004,0.361468898,0,0,0.093739686,0,0.064250764,0.392847495,0.687778212,0,0.142168803,0.050138652,0,0.304285487,0.402351813,0.06282039,0.678883093,0.118874359,0.320482635,0.252162581,0.600515129,0.081579303,0.17048264,0.381196207,0.145160246,0.503846939,0.287435146,0.304249148,0.278518377,0.44829348,0.664245595,0,0.319910328,0,0.421018789,0.005698001,0.39852089,0.059358547,0,0,0.241222271,0,0.599863393,0.063362746,0.57378105,0.394623978,0.610386671,0.320673242,0.255138528,0.48604316,0.031574327,0.417211614,0.624902641,0.172462327,0.099516594,0.696317423,0.193005021,0.069648794,0,0,0.325402191,0.139625085,0.371535976,0.175890745,0.607128766,0.053172086,0.427434433,0.188996385,0.613773674,0.468637468,0.223041884,0.116141488,0,0.287708055,0.172553922,0.350265518,0.372651161,0.116592544,0.463020736,0.336621864,0,0.268977932,0.579021466,0.43662345,0.052889033,0.532231762,0.077263925,0.251619736,0,0.046450994,0,0.487166424,0.062560902,0.129360036,0.110223811,0,0.181238175,0.029984719,0.117974784,0,0.433078378,0,0.025530779,0.055815454,0.402299493,0.637131798,0,0.047398129,0,0.265422008,0,0.207626764,0.060046516,0.086260527,0,0.404778763,0.160501747,0.140849699,0,0.261592048,0.342126592,0.20616243,0,0,0.454545263,0.352353777,0.390159182,0.467692839,0,0,0.367333909,0,0.082198813,0.142448324,0,0,0.419904711,0,0.02875262,0,0.295736194,0.1233065,0.020240484,0.146241258,0.240811679,0.081005502,0.038303776,0,0.193555492,0.483449006,0,0.068684234,0.158482358,0.433402487,0.229283193,0,0.243410096,0.210694503,0.631238929,0.05663144,0,0.315664818,0.465002389,0.10369071,0.738549276,0,0,0,0,0,0,0.680091526,0.080331971,0,0.10878059,0.069710423,0,0,0.083648911,0.143739007,0.066471991,0.159741082,0.051354097,0.032131954,0.636392541,0,0.273000169,0.132847383,0.029984719,0.601014025,1,0.133597549,0,0.172618387,0.333200675,0,0.064131792,0,0.231318881,0,0.053388487,0.050382901,0.528393423,0.048714961,0,0.138843509,0.342242313,0,0,0.200915684,0,0.166297218,0,0.579714719,0.165137942,0.367348052,0,0.356392223,0,0,0.519207817,0.173743227,0,0,0,0,0.480437895,0.218198833,0.523252501,0.048767254,0.342955733,0.059451648,0.470402333,0,0,0.226042628,0.390052401,0.247151299,0.118266529,0.46608102,0.025530779
0,0,0,0,0,0,0,0.107370425,0.093928294,0,0,0.093914593,0.121544783,0,0,0.063677826,0,0,0,0,0,0,0,0.116113578,0.084491149,0,0,0.117128714,0.133145923,0.077599643,0.085126924,0.096730817,0,0,0.070862695,0,0,0.030908076,0.146884029,0,0,0,0,0.477935771,0.354933078,0,0.11252858,0,0.111646537,0,0.089415357,0,0,0.110490079,0,0.113311968,0,0.17163779,0.094816151,0.143570561,0.144079031,0,0.1531509,0,0,0,0.223831692,0,0,0,0,0,0.203680719,0,0.068813651,0.20121209,0.112768124,0.163757129,0.101230249,0.181107777,0,0.083129731,0.192346431,0,0,0.132227968,0,0,0,0,0.144469194,0,0,0.183844506,0.121759594,0,0.191182126,0.303093816,0.120572721,0.128908284,0,0.236627482,0,0,0,0.136770756,0.098451646,0,0,0,0,0.23077939,0.119572849,0.172734296,0,0.142607021,0,0.134574173,0,0,0,0.24994181,0,0,0,0,0.361253728,0,0,0,0.142208563,0,0,0.20413049,0.188600521,0.095615459,0,0,0,0,0,0.077146537,0,0,0,0,0.18828178,0,0,0.19557208,0.144891478,0,0,0,0.145900283,0.231695222,0.204384479,0.117288622,0,0,0.259201673,0,0,0,0,0,0.146088914,0,0,0,0,0,0,0,0.168112797,0,0,0,0,0.115167371,0,0.45922749,0.272335036,0.174491244,0,0,0,0,0.160817213,0,0,0.362708224,0.188148385,0,0.124931329,0,0,0,0,0,0,0.180163472,0,0,0,0.332985851,0,0,0,0.256090115,0.37564071,0.288691589,0,0,0.143783347,0,0,0,0,0.112535603,0.133597549,1,0,0.356985702,0.139149992,0,0,0,0,0,0,0,0.241656265,0,0,0.779536241,0.064989789,0,0,0.134053702,0,0,0,0.145880687,0,0.381305011,0,0.152024847,0,0,0.148880538,0,0,0,0,0,0.153610639,0.244390097,0.166057708,0,0.200051429,0,0.131327416,0,0,0,0.170805965,0,0,0.093686718,0
0,0,0,0,0,0,0,0.032660893,0,0,0,0.028385779,0,0,0,0.054787108,0,0,0,0,0,0,0,0,0,0,0,0,0,0,0,0,0,0,0,0,0.37335149,0,0.04553788,0,0,0,0,0,0,0,0.031394932,0,0,0,0.043542243,0,0,0,0,0.04601945,0,0.172819059,0.085151367,0.124536499,0,0,0,0,0,0,0,0,0,0,0,0,0,0,0,0.06407144,0.034391267,0,0,0,0,0,0.060978713,0,0.44932749,0,0,0,0,0,0,0,0,0,0,0,0.060574575,0,0.060144267,0,0,0,0,0,0,0.117552083,0,0,0,0,0,0,0.032843941,0.064594784,0,0.036477093,0,0.128016813,0.644639999,0,0,0,0,0,0,0,0,0,0,0,0,0,0,0,0.105809431,0.028923159,0,0,0,0,0,0,0,0,0,0,0.173883887,0,0,0,0,0.17932214,0,0,0.040534656,0.12656388,0,0,0,0,0.102101146,0,0,0,0,0,0,0,0,0,0,0,0,0,0,0,0,0,0,0.052291195,0,0,0,0.0500372,0,0,0.17465327,0.14798121,0,0,0,0,0.080232629,0,0.038323403,0,0,0,0,0,0,0,0,0,0,0,0,0,0,0,0,0,0,0,0,0,0,0,0,0.030817658,0,0,1,0,0,0,0,0.733317545,0,0,0,0,0,0,0,0,0,0,0,0.11479689,0.517125498,0,0,0,0,0,0,0,0,0,0.046201646,0,0,0,0,0,0.047779385,0,0.051966101,0,0,0,0.053954448,0,0,0,0.072003139,0,0.380051615,0.08400359,0
0,0,0,0,0,0.181275023,0,0.105405746,0,0,0,0.092097198,0.19642786,0,0,0,0.190119669,0,0,0,0,0,0.292110952,0.061339606,0.164562911,0,0,0.229316333,0.136761068,0.115137824,0.086590354,0.143959288,0,0,0,0,0,0.067820897,0.110315786,0,0,0,0,0.262439348,0.469520373,0,0.101479509,0.040046973,0,0,0.138651274,0,0,0.275796987,0.238032677,0.111416878,0.066348345,0,0,0.275149704,0.186366523,0,0,0,0,0,0,0,0,0,0.264373006,0,0.201503042,0,0.109919135,0.081520349,0.110752402,0.169260007,0,0.179353742,0,0,0.077872928,0,0,0.130066553,0,0,0,0,0.116361136,0,0.163952782,0.190808921,0.144330581,0,0.144096633,0.600446983,0.187702685,0.246311743,0,0,0,0.414711001,0,0.261754299,0,0,0,0.132237802,0,0.450308807,0.080817279,0.082134894,0,0.117166999,0,0,0,0,0,0.326940916,0,0,0,0,0.195876447,0,0,0,0.189285082,0,0,0,0.110518943,0.09377787,0,0,0,0,0,0.011397706,0,0,0,0,0.195593124,0,0,0.19215269,0.140743779,0,0,0,0.098799016,0.278999082,0.166211704,0.120084895,0,0,0.124264339,0,0,0,0,0,0.237642684,0,0,0,0,0,0,0.192493549,0,0,0,0,0,0.058158618,0,0,0.287901228,0.064749087,0,0,0,0,0.158919179,0,0,0.22287024,0.100150249,0,0.1228175,0,0,0,0,0,0,0.177900645,0,0,0,0.356557543,0,0,0,0.269807861,0,0,0,0,0.140063911,0,0.156311893,0,0,0.099685052,0.172618387,0.356985702,0,1,0.143103371,0,0,0,0,0,0,0,0.240855829,0,0,0.442603851,0.065017314,0,0,0.137718989,0,0,0,0.143932401,0,0.207195739,0,0,0,0,0.146642254,0.042163632,0,0,0,0,0.115429922,0,0.124907788,0,0.387870955,0,0.069487534,0,0,0.031945873,0.090752659,0,0,0.089973919,0
0.121290047,0,0.310962486,0.311701688,0,0.246700641,0.10397671,0.412867377,0.168240912,0,0.146065778,0.368138125,0.093901679,0,0,0.361593233,0.070595996,0.117118189,0,0,0.130664278,0,0.085301459,0.450367835,0.358956879,0.250233475,0.345771762,0.378870301,0.38991623,0.406531796,0.56396952,0.513783388,0,0,0,0,0.127506267,0.197844028,0.351114598,0,0,0.177478831,0,0.122015778,0.286149859,0,0.39035849,0.200519035,0.144822794,0.462326103,0.419187783,0.173666766,0.190664267,0.408926895,0.116567176,0.471502842,0.492548311,0.11558877,0.350068821,0.305954213,0.310367403,0.100975796,0.10826524,0,0.439502907,0,0.115616008,0,0,0,0.143988321,0,0.212236784,0,0.252375316,0.368356495,0.230143418,0.317251877,0.226434197,0.385511903,0,0.372928072,0.452556405,0.282926154,0,0.388083228,0.348324538,0.150682181,0.112154607,0,0.414458956,0,0.049224166,0.287457905,0.313140368,0,0.293879781,0.133582127,0.301209801,0.344830239,0,0.193697589,0,0,0.423363772,0.438798164,0.258512816,0.122651212,0.379515288,0.154960464,0,0.117372745,0.264392706,0.355267952,0.095294794,0.346987965,0.155212166,0.32640215,0,0,0,0.21581206,0,0.330932452,0,0,0.4294061,0,0,0,0.330966492,0,0,0.112162565,0.163774036,0.362478188,0,0.112727618,0,0.386193708,0,0.193046847,0.130664278,0.124593894,0,0.306538442,0.212613751,0.239548315,0,0.143342543,0.299354089,0.286311214,0.12099415,0,0.378117116,0.354659002,0.377056803,0.293685732,0,0,0.323784987,0,0.176498552,0.226251419,0,0,0.699282392,0,0.116313689,0,0.131425942,0,0.164515374,0,0.157999744,0.154743445,0,0,0.113956717,0.243750134,0.123597345,0,0.241072801,0.287748064,0.21301872,0,0.212757525,0.489042752,0.275942031,0,0,0.203467903,0.45506963,0.108051777,0.359014901,0,0,0,0.118562723,0,0.115478372,0.423957387,0,0.102734108,0.171327894,0.139084891,0,0,0.043258251,0.123584977,0,0.121541687,0,0,0.178629864,0,0.268124017,0.23970425,0,0.384504076,0.333200675,0.139149992,0,0.143103371,1,0,0,0,0.244325191,0.230996279,0,0.282791106,0.198202678,0,0,0.150497834,0.23589641,0,0,0.450258571,0.132967887,0.205005694,0,0.43920911,0.226699915,0.194859901,0,0.27016903,0,0,0.393914504,0,0,0.104909911,0,0.110681527,0.388259764,0,0.295779403,0,0.108867977,0,0.40957664,0,0.10685065,0.168042156,0.45979232,0.303016079,0,0.224701531,0
0,0,0,0,0,0,0,0,0,0,0,0.008729525,0,0,0,0,0,0,0,0,0,0,0,0,0,0,0,0,0,0,0,0,0,0,0.124976485,0,0,0,0,0,0,0,0,0,0,0,0,0,0.032301368,0,0,0,0,0,0,0,0,0,0,0,0,0,0,0,0,0,0,0,0,0,0,0,0,0,0.018507626,0,0.010595451,0,0,0,0,0,0,0,0,0,0,0,0,0,0,0,0,0,0,0,0.018809848,0,0,0,0,0,0,0,0,0,0,0,0,0,0,0,0,0,0,0.011245098,0,0,0,0,0,0,0,0,0,0,0,0,0,0,0,0,0,0,0,0,0,0,0,0,0,0,0,0,0,0,0,0,0,0,0,0,0,0,0,0,0,0,0.350161151,0,0,0,0,0,0,0,0,0,0,0,0,0.085661967,0,0,0,0,0,0,0,0.005385404,0,0,0,0.01548841,0,0,0,0,0,0,0,0,0,0,0,0,0,0,0,0,0,0,0,0,0,0,0,0,0,0,0,0,0,0,0,0,0,0,0,0,0,0,0,0,0,1,0,0,0,0,0,0,0,0,0,0,0,0,0,0,0,0,0,0,0,0,0,0,0,0,0,0,0.595371815,0,0,0,0,0,0,0,0,0,0,0,0,0,0,0,0,0,0
0,0,0,0,0,0,0,0.038179245,0,0,0.373948147,0.033194,0.13167035,0,0,0,0,0,0,0,0,0,0.209652087,0,0,0,0,0,0,0,0.079722192,0,0,0,0,0,0,0,0.05317311,0,0,0,0,0.289949622,0,0.754427591,0.036703379,0.347722379,0.119331657,0,0.050851575,0,0,0,0,0.053733204,0,0.199615607,0,0.144438376,0.069605553,0,0,0,0.134348437,0,0,0.443678714,0,0,0,0,0,0.840863226,0.069530642,0.074695388,0.040196007,0.169083225,0,0.089516575,0,0.14065848,0,0,0,0.047548933,0.34846199,0,0,0,0,0,0,0.194929409,0,0,0.070639851,0,0,0,0,0,0,0,0,0,0.172221989,0,0,0,0,0,0.038392617,0.075302134,0,0,0,0,0,0,0,0,0.718631458,0.318577673,0.456836997,0,0,0,0,0,0,0,0,0,0.122914718,0.033820844,0,0,0,0,0,0.07878806,0,0,0,0,0,0.4335442,0,0,0.162140494,0,0,0,0,0,0,0,0,0,0.118644496,0,0,0,0,0,0,0,0,0,0,0,0,0,0.149509865,0,0,0,0,0,0,0,0,0.058404277,0,0,0,0.171287545,0.078493412,0,0,0,0.093407033,0,0.044776711,0,0,0,0,0,0,0,0,0,0,0,0,0,0.862957123,0,0,0,0,0,0,0,0,0,0,0.036030282,0.064131792,0,0,0,0,0,1,0,0,0,0,0,0,0,0,0,0,0,0,0,0,0.267587165,0,0,0,0,0,0.096182384,0,0,0,0,0,0,0,0,0.055779717,0,0.060645692,0,0,0.448933514,0,0,0,0,0.083885286,0,0.431394274,0,0
0,0,0,0,0,0,0,0.055753962,0,0,0,0.048530671,0,0,0,0.092786793,0,0,0,0,0,0,0,0,0,0,0,0,0,0,0,0.043064819,0,0,0,0,0.328719548,0,0.077377595,0,0,0,0,0,0,0,0.031040534,0,0,0,0.042863507,0,0,0,0,0.078182406,0,0.280863953,0.142666726,0.11914066,0,0,0,0,0,0,0,0,0,0,0,0,0,0,0,0.108152594,0.058671319,0.100871131,0,0,0,0,0.059655794,0.088527464,0.386217601,0.02917374,0,0,0,0,0,0,0,0,0,0,0.102377113,0,0.058856924,0,0,0,0,0,0,0.112732794,0,0,0,0.090351322,0,0,0.056062747,0.06311222,0,0.062183142,0,0.211290756,0.522215263,0,0,0,0,0,0,0,0,0,0,0,0,0,0,0,0.101888824,0.049439856,0,0,0,0.081920367,0,0,0,0,0,0,0.163542197,0,0,0,0,0.168343877,0,0,0.068999658,0.120994857,0,0,0,0,0.098445786,0,0,0,0,0,0,0,0,0,0,0,0,0,0.089593331,0,0,0,0,0.088638627,0,0,0,0.08488617,0,0,0.164222604,0.140424185,0,0,0,0,0.077957982,0,0.037796635,0,0,0,0,0,0,0,0,0,0,0,0,0,0,0,0,0,0,0,0,0,0,0,0,0.052642329,0,0,0.733317545,0,0,0,0,1,0,0,0,0,0,0,0,0,0,0,0,0.19034578,0.43526854,0,0,0.043056333,0,0,0,0,0,0,0.078486824,0,0,0,0,0,0.081121293,0,0.088097783,0,0,0,0.091403747,0,0,0,0.070165841,0,0.333902384,0.081513418,0
0,0,0.190250536,0,0,0.197800449,0,0.209602264,0.317391363,0,0.246727315,0.184384496,0.231964494,0,0,0.142495383,0.264765742,0,0,0,0,0.193748545,0.237767807,0.203382496,0.149356221,0.136293401,0,0.153216939,0.127669079,0.263226657,0.278573686,0.182212839,0,0,0,0,0.359220265,0.065133654,0.246729348,0,0.154641404,0,0,0.176784496,0.16909304,0,0.161723342,0,0,0.142308467,0.18292841,0.33727029,0,0.146106418,0,0.230520112,0.259536528,0.352103097,0.192705816,0.226810074,0.248066793,0,0.245696159,0,0.313329035,0,0.115323734,0,0,0,0.43893228,0,0.218437846,0,0.139086923,0.254889514,0.135991773,0.35819375,0,0.228324797,0,0.356119443,0.229576543,0,0,0.206877766,0.237855674,0.301346622,0.160763718,0.157737428,0.146864719,0,0.235596698,0.168031294,0.139037152,0,0.140964866,0.205223585,0.204847004,0.102069108,0,0,0,0.1891513,0.19807534,0.217485886,0.244532104,0,0.107708812,0.115649254,0,0.166258598,0.214538058,0.293616093,0,0.140584926,0.274001068,0.385705727,0,0,0,0.163277008,0,0.22663919,0,0,0.253867519,0,0.232627336,0,0.095193957,0.150969928,0,0,0.22024212,0.187588049,0,0,0,0.303163127,0,0.105804854,0,0.212403136,0.164396165,0.219037466,0.09993776,0.265327066,0.157737428,0.172456686,0.208243009,0.174830477,0,0.147565111,0.254494301,0.367344918,0.400279524,0.162753198,0,0,0.117636833,0,0.348117202,0,0,0,0.254806277,0,0,0,0,0,0,0.122173671,0.221234557,0,0,0,0.183243668,0.157106209,0,0,0.134182383,0.065702461,0.286518606,0,0.171876874,0.227676114,0.353249517,0,0,0.144920587,0.154286467,0,0.168710227,0,0,0,0,0,0,0.268745896,0,0,0.328559575,0.140828772,0,0,0,0,0,0.149807313,0,0,0.172922135,0,0,0.272447586,0,0.178343346,0.231318881,0,0,0,0.244325191,0,0,0,1,0.157393895,0,0,0.202638782,0,0,0,0.23587175,0,0,0.257624661,0,0.205144139,0,0.291605913,0.205034984,0,0,0.099779111,0.142318748,0,0.249875356,0,0,0,0,0,0.23524047,0.132078023,0.156264936,0,0.148149691,0,0.235403655,0,0,0,0.297575301,0.323762377,0,0.133580587,0
0,0,0,0.61730384,0,0,0,0.093339036,0,0,0,0.081450345,0,0,0,0.153367297,0,0,0,0,0,0,0.123219946,0.13317407,0.14655326,0,0,0.063971976,0,0.134277397,0.189115744,0.168501708,0,0,0,0,0.218576671,0,0.128575678,0,0,0,0,0,0,0,0.065506148,0,0,0,0.089820183,0,0,0.248270596,0,0.129877031,0.14650719,0,0.096900608,0,0,0,0,0,0.128192158,0,0,0,0,0,0,0,0,0,0,0.074321668,0,0.259655341,0,0.088131943,0,0.233169386,0.098792213,0.243621209,0,0.115449041,0,0,0.280893537,0,0.106963981,0,0,0,0.053615187,0,0,0,0,0.212997445,0,0.453532823,0,0,0.497572397,0.226799987,0.160158602,0,0.094346673,0.142296948,0,0,0.064631803,0.123412865,0,0.103870733,0,0.231146637,0,0,0,0,0,0.269796209,0,0,0.136697968,0,0,0,0.052600695,0,0,0,0.118211907,0.082950042,0,0,0,0.129873361,0,0,0,0,0.292173352,0,0,0,0,0,0,0.14012472,0,0,0.114985881,0.138853528,0.154619997,0,0,0,0,0,0,0,0,0,0.139431616,0,0,0,0,0,0,0,0,0.241724223,0,0,0,0.061319298,0,0,0.275895112,0.058799027,0.227435901,0,0,0.159389443,0.050460903,0,0,0,0.160018249,0,0.045529575,0,0,0,0,0,0,0.109252015,0,0,0,0.225195789,0,0,0,0,0,0.326076476,0,0,0,0,0,0,0,0.088224962,0,0,0,0,0.230996279,0,0,0,0.157393895,1,0,0.22323826,0,0,0,0,0.143489807,0,0,0.304454515,0.423774002,0,0,0.168469665,0,0,0,0,0,0,0.130369078,0,0,0,0,0.47479464,0.098171864,0,0.06095645,0,0,0,0.104099128,0,0,0,0.144681152,0,0,0,0
0,0,0,0,0,0,0.36212747,0,0,0,0,0.014684248,0,0,0,0,0,0,0,0,0,0,0,0,0,0,0,0,0.023535547,0,0,0,0,0,0,0,0,0,0.023519971,0,0,0,0,0,0,0,0.016236404,0,0,0,0,0.140074072,0,0,0,0,0,0,0,0,0,0,0,0,0.052399838,0,0.058589633,0,0,0,0,0,0.063014327,0,0.030752621,0,0.017781092,0,0,0,0,0,0,0,0,0.021032884,0,0,0,0,0,0,0,0,0.023464763,0,0,0,0,0,0.07281772,0,0,0,0,0,0,0,0,0,0,0,0.023822053,0,0,0,0,0,0,0,0,0,0,0,0.177866573,0,0,0,0,0,0,0,0.557097743,0,0.054347946,0.006024362,0.185963428,0,0,0,0,0,0,0.152260398,0,0.066692328,0,0,0,0,0,0,0,0,0,0,0,0.044540407,0,0,0,0,0,0,0,0,0,0,0,0,0.104361739,0,0,0,0,0,0,0,0,0.026991211,0,0,0,0.025833125,0,0,0,0,0.030624079,0,0,0,0,0,0.019806915,0,0,0,0,0,0,0,0.323541925,0,0.322117127,0,0,0,0,0,0,0,0,0,0,0,0,0,0,0,0.053388487,0,0,0,0,0,0,0,0,0,1,0,0.103306474,0,0,0,0,0,0,0,0,0,0,0.027527526,0,0,0,0.042534193,0,0,0,0,0,0,0,0,0,0.123994062,0.02682421,0,0,0,0.011212192,0,0,0.100813347,0,0,0,0,0.557097743
0.208953821,0,0.398783292,0.203526192,0,0,0,0.168900694,0,0,0,0.113676847,0,0,0,0.292099742,0,0.279116091,0,0,0.238421765,0,0.121004203,0.293824961,0.339241221,0.49567465,0.192699332,0.329273803,0.25759371,0.29600406,0.350545461,0.285587883,0,0,0,0.145548176,0.168370973,0.031133435,0.048318181,0,0,0.505353561,0,0,0,0,0.136856271,0,0.211628995,0.225852671,0.240410397,0,0,0.305060525,0.195320466,0.174387124,0.244266622,0,0.416441623,0.094615361,0.029411018,0,0.102546994,0,0.361728213,0,0,0,0,0,0,0.10054522,0,0,0.065179544,0.087140631,0.099555809,0.219420932,0,0.074441123,0,0.193355514,0.106660807,0.450432806,0,0.119507725,0,0,0.190631845,0,0.118429067,0,0,0,0.106312522,0,0.123374426,0,0,0.097288759,0,0.311829313,0,0,0.337662103,0.102248016,0.120039053,0.213026668,0.172939679,0.328521106,0,0,0.104983854,0.064770063,0,0.1210969,0,0.200784865,0,0,0.222871623,0,0,0.172612812,0.137859058,0,0,0,0,0,0.246541533,0,0,0.183261701,0.094820918,0.167032706,0.095411906,0.19229325,0,0.189075434,0,0.350260852,0.238421765,0.162269397,0.137116277,0,0.223742843,0,0,0,0.09655154,0,0.217660428,0,0.176544517,0.107658329,0.216313864,0.060522409,0,0,0,0,0,0.16250435,0,0,0.294446237,0,0.202967782,0.091914985,0,0,0.21736273,0.099223461,0,0,0,0.145548176,0.098086903,0.100593659,0.226232128,0,0.278422373,0.190394916,0.154234001,0,0.113035639,0.327617985,0.056110788,0,0.103895438,0.049423655,0.142439312,0,0.113890625,0.087719057,0,0.090641459,0.209916268,0,0.200437746,0.20830751,0,0,0,0.171326128,0,0,0,0,0.136219958,0.194039997,0,0,0,0,0.104788219,0,0,0.189027047,0.050382901,0,0,0,0.282791106,0,0,0,0,0.22323826,0,1,0,0,0,0,0.270172045,0,0,0.100544857,0.224892962,0.058354194,0,0.168154189,0.164092249,0.123025997,0,0.063341718,0,0.098606939,0.188094145,0.066147753,0,0,0,0,0.127113395,0,0.149561773,0,0,0.098346305,0.232567249,0,0,0.137041545,0.104934868,0.092565921,0,0.108940563,0
0,0,0.10666462,0,0.07887912,0.452868833,0.048020574,0.383645327,0,0.072574713,0.06376838,0.393598257,0.412513942,0,0,0.164472282,0.381437332,0,0,0.081041294,0,0,0.245421176,0.219895896,0.298991304,0.148906563,0,0.275645563,0.132974606,0.261221887,0.115536039,0.190617586,0,0,0.088678049,0,0.115691765,0.226623969,0.440651769,0,0,0,0,0.362578768,0.385545697,0,0.409467939,0,0.279382103,0.130320726,0.31989605,0,0.147513034,0.244735094,0,0.266819507,0.11404047,0.158787232,0.107619073,0.516015158,0.44248673,0,0.121102515,0,0.136031546,0,0.400001399,0.156618692,0,0,0.294413437,0,0.573241747,0,0.402277431,0.351955063,0.374612163,0.172650717,0,0.343323222,0,0.210265339,0.355693308,0.116291555,0,0.422665345,0,0.134455759,0,0,0.330540944,0,0.334346871,0.159537707,0.412478844,0.10177205,0.375247129,0.336298749,0.475659927,0.392513839,0.233690634,0.104092151,0,0.287034489,0.109080553,0.333709807,0.045824495,0,0.26372946,0.213072818,0.09105081,0.41313641,0.368991392,0.376759583,0.100740124,0.358491102,0,0.157017149,0,0,0,0.400128362,0,0,0.042220564,0.093924756,0.251169987,0,0.117439371,0,0.233501493,0,0.050357625,0,0.441233958,0.32231238,0,0,0,0.129086559,0,0.173556701,0,0.253689787,0,0.189772015,0.097655286,0,0,0.353410284,0.220433599,0.071768308,0.010613551,0,0.351831196,0.313015925,0.25412875,0.407599061,0,0,0.308921159,0,0,0.085474893,0.045316095,0,0.199256514,0,0.054423353,0.094252242,0.365184167,0.221971952,0,0.149966633,0.140396881,0.145021568,0.075079141,0,0.104425911,0.3517281,0,0.1323033,0.116267438,0.284688093,0.099733177,0,0,0,0.461891808,0,0,0.328794489,0.174812528,0.10013563,0.482333656,0,0,0,0,0,0,0.363682399,0.152260046,0,0.05252434,0.126070921,0,0,0,0.301112141,0.124332664,0.113061745,0.095313774,0,0.405243916,0,0.209569396,0,0,0.359251258,0.528393423,0.241656265,0,0.240855829,0.198202678,0,0,0,0.202638782,0,0.103306474,0,1,0,0,0.259383513,0.227920766,0,0,0.080719308,0,0.079039814,0,0.411165208,0.283877342,0.388375127,0,0.292292651,0,0,0.258967569,0.047192544,0,0,0,0,0.384523565,0.143840534,0.401483733,0,0.402643002,0,0.21573886,0,0,0.077803159,0.308959355,0.184665473,0,0.440977274,0.050357625
0,0,0,0,0,0,0,0.028920984,0,0,0,0.025131277,0,0.978462509,0,0,0,0.44693021,0,0,0,0,0,0,0,0,0,0,0,0,0.060658637,0,0,0,0.32773462,0,0,0,0,0,0.342491131,0,0,0,0,0,0.027798633,0,0,0,0,0,0,0,0,0,0,0,0,0,0.052903825,0,0.13327824,0,0.102823862,0,0.115177077,0,0,0,0,0,0,0,0,0,0,0,0,0.06818245,0,0.107726486,0.054054971,0,0.404343956,0.036054587,0,0,0,0,0,0.313416146,0,0,0,0,0,0,0,0,0,0,0,0,0,0,0,0,0.101457352,0,0,0,0.029083276,0,0,0,0,0,0,0,0,0,0,0,0,0,0,0,0,0,0,0,0,0,0,0.025607573,0,0,0,0.104333479,0,0,0,0,0,0.131415334,0,0,0,0,0,0,0,0,0,0,0,0.087202336,0,0,0,0,0,0,0,0,0,0,0,0,0,0.23161692,0,0,0,0,0,0,0.230869692,0,0,0,0,0,0.200725389,0,0.155501844,0,0.059715831,0,0,0.155889891,0.071175394,0,0.033942473,0,0,0,0,0,0,0,0,0,0,0,0,0,0,0,0,0,0,0,0,0,0,0,0,0,0.048714961,0,0,0,0,0,0,0,0,0,0,0,0,1,0,0,0,0,0,0,0,0.207780371,0,0,0,0,0,0,0,0,0,0,0,0,0,0,0,0.248478535,0,0.978462509,0,0,0.047815358,0,0,0.200646146,0.063854698,0.114296575,0,0,0
0,0,0,0,0,0,0,0.024775872,0,0,0,0.021549763,0,0,0,0,0,0,0,0,0,0,0,0.05317768,0.058738393,0,0,0.056282037,0.126646422,0.036047934,0,0.04567001,0,0,0,0,0,0,0,0,0,0,0,0,0,0,0.023821073,0,0,0,0.016082396,0,0,0.10241069,0,0,0,0,0,0,0,0,0.111270337,0.587243946,0,0,0,0.085269471,0,0,0,0,0.04897022,0.249451403,0,0,0,0,0.114285425,0,0,0,0.022450903,0,0,0.03083201,0,0,0,0,0.105804243,0,0,0,0.051156149,0,0,0,0,0.025111789,0.156354602,0,0,0,0,0,0,0,0,0,0,0,0.037068663,0.048714833,0,0.0276514,0,0,0,0,0,0.083135372,0,0,0.087704882,0,0,0,0,0,0.045803436,0,0,0.089367194,0,0.021955561,0,0,0,0,0,0,0,0,0,0,0,0,0,0,0,0,0,0,0.030704387,0.094382628,0,0,0,0,0,0,0,0,0,0,0,0,0,0,0,0,0,0,0,0.253732943,0,0,0,0.039524655,0,0,0,0,0,0,0,0,0,0,0,0.12943444,0,0,0.029041162,0,0,0,0,0,0,0,0,0,0,0,0,0,0,0,0,0,0.108740158,0,0.086878573,0,0,0,0,0.034794673,0,0,0,0,0,0,0,0,0,0,0,0,0,0,1,0,0,0,0,0,0,0,0,0,0,0,0,0,0,0,0,0,0,0,0,0,0,0.098442235,0,0,0,0,0,0,0,0,0.054228642,0.029355585,0,0,0
0,0,0,0,0,0,0,0.083968381,0,0,0,0.073227401,0.130960978,0,0,0.066170406,0,0,0,0,0,0,0,0.120056044,0.069002943,0,0,0.097059549,0.143499183,0.063182038,0.089243572,0.079429174,0,0,0,0,0,0,0.115882489,0,0,0,0,0.552633549,0.394536687,0,0.080795377,0,0.119541716,0,0.057921851,0,0,0.117526622,0,0.117063407,0,0.191034194,0.100450334,0.155682238,0.150199287,0,0.168408289,0,0,0,0.147835374,0,0,0,0,0,0.162754119,0,0.071733734,0.160691877,0.088295028,0.179703286,0,0.190884864,0,0,0.153304613,0,0,0.103979732,0,0,0,0,0.121203409,0,0,0.204185666,0.060343549,0,0.152336654,0.36265619,0.078968764,0.138589046,0,0.275141464,0,0,0,0.147718591,0,0,0,0,0,0.263764088,0.084426642,0.161938413,0,0.093494608,0,0.14621404,0,0,0,0.268953324,0,0,0,0,0.402362103,0,0,0,0.079652704,0,0,0,0.122874656,0.074581579,0,0,0,0,0,0.080835602,0,0,0,0,0.209673827,0,0,0.221158377,0.158474603,0,0,0,0.103560057,0.157978388,0.176271034,0.125248927,0,0,0.248703306,0,0,0,0,0,0.1586478,0,0,0,0,0,0,0,0.14718598,0,0,0,0,0.063279835,0,0.630512185,0.319481491,0.126880924,0,0,0,0,0.168479908,0,0,0.404167284,0.198722614,0,0.098082732,0,0,0,0,0,0,0.143201256,0,0,0,0.406296834,0,0,0,0.297353592,0.482961023,0.348147429,0,0,0.092085365,0,0,0,0,0.079346363,0.138843509,0.779536241,0,0.442603851,0.150497834,0,0,0,0,0,0,0,0.259383513,0,0,1,0,0,0,0.144554185,0,0,0,0.152158297,0,0.427394553,0,0.097668553,0,0,0.117509959,0,0,0,0,0,0.121371533,0.28569298,0.131572224,0,0.224374284,0,0.136393228,0,0,0,0.179475779,0,0,0.099183583,0
0.093750627,0,0.438750884,0.073457607,0,0.268105398,0,0.437112237,0,0,0,0.391970133,0.308111903,0,0,0.34004901,0.140403544,0.091238552,0,0.246388581,0.099254628,0.0915046,0.431395763,0.407651901,0.565717599,0.402974247,0.090331947,0.52167734,0.283986573,0.524856199,0.420811017,0.379405795,0,0,0.077317562,0.058782529,0.163840523,0.224624295,0.348973857,0,0.146454387,0.327816944,0.073340938,0.089446646,0.0503478,0,0.404520868,0.011832256,0.188861772,0.351715842,0.385506403,0,0.062073731,0.399721226,0.157170724,0.361444249,0.48826421,0,0.324399786,0.303363596,0.27342336,0,0.062903249,0,0.297823445,0,0.310065317,0,0,0,0.094590917,0.040492078,0.438495278,0,0.273692626,0.173281212,0.298336687,0.172034004,0.152637494,0.131932559,0,0.35103122,0.417176078,0.257973043,0.08581527,0.494292951,0,0.114755941,0.154407468,0,0.24619218,0.081576727,0.13162173,0.186091146,0.307986077,0,0.173368418,0.09619104,0.39715172,0.258271273,0.214929423,0.132263082,0,0.214795003,0.2467233,0.242778431,0.191476238,0.189123562,0.488341801,0.434684075,0.078176225,0.225404502,0.310233681,0.240192367,0,0.347987753,0,0.11658999,0,0,0.16824891,0.287151824,0,0,0.035025758,0.080285467,0.172964766,0,0.187364193,0,0.461759598,0,0,0.15390485,0.17812468,0.428849568,0.039633333,0.147463698,0,0.117713779,0.063341894,0.373123976,0.099254628,0.098973286,0.190281142,0.179985125,0.227967156,0,0,0.157492497,0.121427493,0.126318315,0.115359737,0,0.355034723,0.237084566,0.263175415,0.181613833,0,0,0.095292057,0,0,0.162609234,0,0,0.285899415,0,0.103170337,0.080524626,0.111240292,0,0.092240653,0.111629302,0,0.142007775,0,0.058782529,0.277891107,0.1378306,0.093801232,0,0.053957267,0.175978297,0.161089955,0,0.124055353,0.065408873,0.355494636,0.092738709,0,0.148086855,0.040886772,0.085885715,0.356412965,0,0,0,0.15331414,0,0.11733,0.510909986,0.08556355,0,0,0.063577207,0.082394782,0,0,0.065302719,0.06174049,0.081927486,0.082314097,0,0.310755306,0,0.222602227,0.087933351,0,0.456674805,0.342242313,0.064989789,0,0.065017314,0.23589641,0,0,0,0.23587175,0.143489807,0,0.270172045,0.227920766,0,0,0,1,0,0,0.238741759,0,0,0.014863258,0.479413387,0.24956368,0.071381601,0,0.193389757,0,0,0.400450104,0.149454774,0,0,0,0.083859927,0.192456493,0.077148391,0.215022606,0,0.182165634,0.012550982,0.343945457,0,0,0.148497685,0.181907996,0.130875767,0,0.198943082,0
0.341293518,0,0,0,0,0,0,0,0,0,0,0,0,0,0,0.028692657,0,0,0,0,0,0,0,0.02470783,0.027340568,0,0,0,0,0.024923844,0,0.039662592,0,0,0,0,0,0,0,0,0,0,0,0,0,0,0,0,0,0,0,0,0,0.048351268,0,0.024063488,0.049092539,0,0.044836393,0,0,0,0,0,0,0,0,0,0,0,0,0,0,0,0,0,0,0,0,0,0,0,0,0,0,0,0,0,0,0,0,0,0,0.0901748,0,0,0,0,0,0,0,0,0,0,0,0,0,0,0,0,0,0,0.017134036,0,0,0,0,0,0,0,0,0,0,0,0,0,0,0,0,0,0.031817981,0,0,0,0,0.015078191,0,0,0,0,0,0.044365674,0,0,0,0,0,0,0,0.110102302,0,0,0,0,0.02117492,0,0,0,0,0,0,0,0,0,0,0,0,0,0,0,0,0,0,0,0,0,0,0,0,0,0,0,0,0.006552788,0,0,0,0,0,0,0,0,0,0,0,0,0,0,0,0,0,0,0,0,0,0,0,0,0,0,0,0,0,0,0,0,0,0,0,0,0,0,0,0,0,0,0,0,0,0,0,0,0,0,0,0,0,1,0,0,0,0,0,0,0,0,0,0,0.491367684,0,0.024159538,0,0,0,0,0,0,0,0,0,0,0,0,0,0,0,0.037824464,0,0,0,0
0,0,0,0,0,0.052972794,0,0.016416965,0,0,0,0.014252679,0,0,0,0.02769359,0,0,0,0,0,0,0,0.023833728,0,0,0,0,0,0,0,0,0,0,0,0,0,0,0,0,0,0,0,0,0,0,0.015775582,0,0,0,0.021946836,0,0,0,0,0,0,0,0,0,0,0,0,0,0,0,0,0,0,0,0,0,0,0,0,0,0,0,0.079863802,0,0,0,0,0,0,0,0,0,0,0,0.048417643,0,0,0,0,0,0,0,0,0,0.083925429,0,0,0,0,0,0,0,0,0,0,0,0,0.032732754,0,0.01835288,0,0,0,0,0,0,0,0,0,0,0,0,0,0,0.030724029,0,0,0,0,0.014524472,0,0,0,0,0,0,0,0,0,0,0,0,0,0,0,0,0,0,0.020415341,0,0,0,0,0,0,0,0,0,0,0,0,0,0,0,0,0,0,0,0,0,0,0,0,0.026415204,0,0,0,0,0,0,0,0,0,0,0,0,0,0,0.019290834,0,0,0,0,0,0,0,0,0,0,0,0,0,0,0.139930931,0,0,0,0,0,0,0,0,0,0.015483249,0,0,0,0,0,0,0,0,0,0,0,0,0,0,0,0,0,0,1,0,0,0,0,0,0,0,0,0,0,0,0,0,0,0,0,0,0,0,0,0,0,0,0,0,0,0,0,0,0,0,0
0,0,0.070510643,0.3002217,0,0,0,0.402446364,0.161497624,0,0.297196485,0.359228299,0.146290765,0,0,0.44357542,0,0,0,0.189485393,0,0.11420019,0.120823872,0.428163362,0.274924825,0.071303282,0.221347363,0.215999425,0.312465954,0.373544956,0.526389442,0.409722778,0.088814914,0,0,0,0.173100377,0.169383576,0.409229565,0.060868992,0.178720487,0.145210592,0.092729337,0.118079527,0.213104872,0.083143489,0.295721437,0.161938236,0,0.203501983,0.389546886,0.166490791,0,0.281749354,0,0.481252216,0.445969294,0.362235857,0.414854324,0.268359756,0.198656514,0,0.17828902,0,0.288375413,0,0.081801746,0,0,0,0.139020344,0,0.164237266,0,0.187786906,0.447818811,0.288951621,0.440701949,0.273134537,0.338351508,0,0.295448483,0.365904844,0.265992181,0.258309311,0.408299103,0.336393328,0,0.083350568,0,0.295641884,0.099142038,0.055865786,0.468863568,0.236094445,0,0.274442292,0.128878624,0.313061272,0.284578217,0.119722291,0.187345505,0,0,0.194455029,0.530163086,0.190488802,0,0.119395777,0.195342905,0,0.113725887,0.345672851,0.401975088,0,0.408156253,0.149454982,0.398952568,0.107964651,0,0.085050651,0.201548666,0.099171935,0.310688863,0,0,0.405715328,0,0.197107235,0,0.249117834,0,0,0,0.218450346,0.388362701,0,0,0,0.393425555,0,0.1263497,0,0.086407114,0.084316487,0.159545455,0.37047631,0.146836615,0,0,0.285820512,0.540449926,0,0,0.442746283,0.328383022,0.280596532,0.185958118,0,0,0.222469162,0,0.169091638,0.219667104,0,0,0.345981876,0,0,0,0,0,0,0.068837535,0.20444997,0.172692591,0,0,0.159452497,0.34779371,0,0,0.279268441,0.290079188,0.187608667,0,0.397820467,0.548646074,0.290790448,0.116128855,0,0.180724596,0.425708011,0,0.316305635,0,0,0,0,0,0.055685725,0.345942709,0,0,0.164340015,0.300921195,0.104047396,0,0,0.119548504,0,0.216851902,0,0,0.134912339,0,0.090051507,0.148991595,0,0.390805684,0.200915684,0.134053702,0.11479689,0.137718989,0.450258571,0,0,0.19034578,0.257624661,0.304454515,0,0.100544857,0.080719308,0,0,0.144554185,0.238741759,0,0,1,0.231461332,0.12632677,0,0.393931744,0,0.105431644,0.10587631,0.185734244,0,0,0.497725618,0.097344769,0,0,0,0.10587631,0.414765977,0.092676914,0.358481469,0,0.105723391,0,0.470946185,0,0,0.086208672,0.52435405,0.321115729,0.18544777,0.152399298,0
0,0,0,0.357960798,0,0,0,0.070754311,0,0.302906828,0,0.061732138,0,0,0,0.116354204,0,0,0,0,0,0,0,0.055760607,0.061373868,0,0,0,0,0.056223431,0.079244825,0.070586867,0,0,0,0,0.276839006,0,0.097512331,0,0,0,0,0,0,0,0.087462013,0,0.059519178,0,0.093405942,0,0,0.104117436,0,0.098501051,0,0.148805861,0.176090613,0.111563053,0,0,0,0,0.128736081,0,0,0,0,0,0,0,0,0,0.035868937,0.173355504,0.05448464,0.1583938,0,0.08838869,0.311306039,0.134224321,0.057693644,0.212558182,0.31652433,0.073233341,0,0,0,0,0.10734241,0,0,0,0.081390341,0.283133662,0.093745087,0,0.056946132,0.122565403,0,0.262173009,0,0,0.287872442,0.236467079,0.161008515,0,0,0.142967463,0.256660489,0,0.071139054,0.174690945,0,0.101153863,0.188435823,0.255270185,0.657996303,0,0,0,0,0.412507534,0,0,0,0,0,0,0,0,0,0,0.214969608,0.062870075,0,0,0,0.130431675,0,0.040387175,0,0,0,0,0.149594657,0,0,0,0,0.153602214,0,0,0.087189422,0.252679192,0.155411998,0,0,0,0.093214228,0,0,0,0,0,0.140075338,0,0,0,0,0.132584408,0,0,0,0,0,0,0,0.142966021,0,0,0.27842692,0.137078596,0.229153656,0.301592303,0.150163756,0.290246849,0,0,0,0,0.166627746,0,0.082597377,0,0,0,0,0,0,0.066444506,0,0,0,0,0,0,0,0,0,0.329618954,0,0,0,0,0,0,0,0.066872944,0,0,0.517125498,0,0.132967887,0,0,0.43526854,0,0.423774002,0,0.224892962,0,0,0,0,0,0,0,0.231461332,1,0,0,0.070573413,0,0,0,0.048723796,0,0,0.0988749,0,0,0,0,0,0.13115741,0,0.142118337,0,0,0,0.114670659,0,0,0,0.150613389,0,0.280505843,0.077893633,0
0,0,0,0,0,0,0,0.160434418,0.304867438,0,0.423891761,0.141230511,0.222012268,0.208735036,0,0.070387203,0.105177474,0.252631054,0,0,0,0,0.133210654,0.117939276,0.060979553,0.143086212,0,0.032309379,0.125593745,0.103488948,0.263632994,0,0,0,0.146627561,0,0,0,0.146069109,0,0.149509579,0.057576556,0,0.161656004,0.165471582,0.246147286,0.154798787,0.309992231,0.309684523,0,0.152845912,0.323163298,0.127778999,0,0,0.153368822,0.108057167,0.296098125,0.100850902,0.191819121,0.316790891,0,0.290868084,0,0.372105984,0,0.196708888,0.371282043,0,0,0.233575856,0,0.134622287,0.254689205,0.253882154,0.315610799,0.198422628,0.26513694,0,0.366740527,0,0.384724775,0.172694934,0.041046976,0.160207809,0.19527302,0.409104991,0,0,0,0.072244294,0.143690608,0,0.291565328,0.099447298,0,0.282450353,0,0.126328845,0,0.029694989,0,0,0,0,0,0.268481976,0,0.073393907,0,0,0,0.189581019,0.19647042,0,0.081950948,0.264616725,0.136558838,0,0,0,0,0.242210869,0.516293079,0.289334313,0,0.167854673,0,0,0,0,0,0,0,0.370794063,0.151109701,0,0,0,0.203312648,0,0.215992172,0,0,0.055744103,0.087887262,0,0.601499504,0,0.106026987,0.340696729,0.28368575,0,0,0.089992851,0.135465053,0.14737861,0.204473775,0,0,0.389254107,0,0.333108422,0,0,0.071572479,0.135911765,0,0,0,0.122368115,0.338813495,0,0,0.506231971,0,0,0,0.123453761,0.134495849,0,0,0,0.27591733,0.114276809,0,0.26618012,0.35378209,0.19695173,0,0.110187795,0.190342118,0.34525668,0,0.155614972,0.117551147,0,0,0,0,0,0.072536448,0,0.196986284,0.315157381,0,0,0,0.256679695,0.210819827,0,0,0.053559133,0,0.093737156,0,0,0.263167551,0,0.127472355,0.166297218,0,0,0,0.205005694,0,0.267587165,0,0.205144139,0,0,0.058354194,0.079039814,0.207780371,0,0,0,0,0,0.12632677,0,1,0,0.126952092,0.155686014,0,0,0.36329724,0,0,0.095596522,0,0,0.205144286,0,0,0.24627252,0.254669309,0.284998893,0.208735036,0,0.201426042,0.109993391,0,0,0.11425112,0.266151665,0.365711854,0.197817476,0.065794086,0
0,0,0,0,0,0,0,0,0,0,0,0,0,0,0,0,0,0,0,0,0,0,0,0,0,0,0,0,0,0,0,0,0,0,0,0,0,0,0,0,0,0,0,0,0,0,0,0.054840391,0,0,0,0,0,0,0,0,0,0,0,0,0,0,0,0,0,0,0,0,0,0,0,0,0,0,0,0,0,0,0,0,0,0,0,0,0,0,0,0,0,0,0,0,0,0,0,0,0,0,0,0,0,0,0,0,0,0,0,0,0,0,0,0,0,0,0,0,0,0,0,0,0,0,0,0,0,0,0,0,0,0,0,0,0,0,0,0,0,0,0,0,0,0,0,0,0,0,0,0,0,0,0,0,0,0,0,0,0,0,0,0,0,0,0,0,0,0,0,0,0.140528243,0,0,0,0,0,0,0,0,0,0,0,0,0,0,0,0,0,0,0,0,0,0,0,0,0,0,0,0,0,0,0,0,0,0,0,0,0,0,0,0,0,0,0,0,0,0,0,0,0,0,0,0,0,0,0,0,0,0,0,0,0,0,0,0,0,0,0,0.014863258,0,0,0,0,0,1,0,0,0,0,0,0,0,0,0,0,0,0,0,0,0,0,0,0,0.074654495,0,0,0,0,0,0,0,0,0
0.063587954,0,0.16563225,0.170102261,0,0.245947039,0.080355818,0.646377593,0.088130987,0,0.081638517,0.612266562,0.372808728,0,0,0.498936266,0.203568668,0.062422235,0.070553492,0.152992802,0.066073108,0.052037572,0.336233169,0.543908539,0.538727148,0.239585106,0.185392402,0.521072907,0.476286271,0.658805343,0.507049435,0.573999485,0,0,0.053860124,0,0.171535088,0.253717381,0.601658578,0,0.092719476,0.093835228,0.048601035,0.199480023,0.291039629,0,0.608580414,0.067079109,0.154972639,0.251959984,0.516888434,0.089597357,0.145428686,0.554134125,0.062265362,0.649066562,0.419621657,0.26096909,0.416335672,0.338847649,0.483419444,0,0.304049921,0,0.391990569,0,0.422761858,0.055294831,0,0,0.210990396,0,0.504370889,0,0.363005456,0.466471204,0.464343942,0.445591514,0.234618775,0.460143676,0,0.387004246,0.530425752,0.397176913,0,0.684245868,0.196557235,0.076601068,0.045894426,0,0.436428527,0.047171251,0.241429854,0.261681977,0.5119336,0,0.415107887,0.229579092,0.49793098,0.50441115,0.186447173,0.338616452,0,0.172673365,0.301681069,0.412903668,0.408525625,0.127920174,0.274130915,0.400016698,0.0527965,0.291428902,0.59435142,0.437958509,0,0.577322042,0.084418937,0.426376892,0,0.050994148,0.046405178,0.433288683,0,0.143760403,0.034127157,0.053750173,0.40805196,0,0.07010134,0,0.463822689,0,0.028143441,0.060986096,0.384380238,0.597598588,0,0,0,0.409584162,0,0.231758951,0.066073108,0.150873693,0.046185757,0.270715699,0.21359428,0.083577129,0,0.307287196,0.286378242,0.263630977,0,0,0.618063485,0.423030688,0.480207204,0.322957281,0,0,0.312317603,0,0.090345186,0.106776516,0,0,0.451877248,0,0.031555311,0.053857262,0.130035767,0.051584857,0,0.076481268,0.281859216,0.050018988,0,0,0.151696043,0.361381487,0,0.075522444,0.237134112,0.359173603,0.213333391,0,0.263255363,0.317336582,0.565232088,0,0,0.249411078,0.479599751,0.057882701,0.613177157,0,0,0,0,0,0,0.65363905,0.057736191,0,0.088970737,0.178132983,0,0,0,0.169522301,0.07285632,0.184292102,0.056238141,0,0.419483126,0,0.285582612,0.145128118,0,0.62056176,0.579714719,0.145880687,0,0.143932401,0.43920911,0,0,0.043056333,0.291605913,0.168469665,0.027527526,0.168154189,0.411165208,0,0,0.152158297,0.479413387,0,0,0.393931744,0.070573413,0.126952092,0,1,0.229035953,0.283613223,0,0.259852269,0,0,0.587341325,0.124150654,0,0,0,0.055674217,0.537483451,0.136144382,0.448482699,0,0.285416825,0,0.616720286,0,0.05369313,0.192401686,0.497903125,0.24144315,0.064550662,0.402526899,0.028143441
0.286419406,0,0.413174126,0,0,0.191726582,0,0.160538114,0,0,0,0.140721923,0.172221839,0,0,0.097958237,0.138931577,0.264196091,0,0,0.34484125,0,0.143475875,0.140503299,0.153853076,0.389778338,0.256734881,0.211129406,0.183002307,0.141609225,0.141640775,0.175469197,0,0,0,0,0.265601027,0.149508176,0.135357425,0,0,0.161529439,0,0,0,0,0.154705308,0,0.167185543,0.296436537,0.133724806,0,0.150153885,0.084048166,0.261408637,0.137193074,0.184312671,0.124296314,0.0789532,0.428791654,0.172663631,0,0,0,0.220285542,0,0.101571144,0.213470506,0,0,0,0,0.181307846,0,0.104952541,0.183835566,0.092451684,0,0,0.150401398,0,0.123041947,0.235096213,0,0,0.196922101,0,0.390811438,0,0,0.179613053,0,0,0.11186854,0.08217824,0.286155507,0.154799742,0,0.221898263,0,0.108327455,0.152867469,0,0,0.433177434,0.120045592,0,0.294127587,0.308332691,0.111592074,0,0,0.127756813,0.236333451,0.278144447,0.097654883,0,0.128443894,0,0,0,0,0,0,0,0,0.114524083,0,0,0,0.10730678,0,0,0.240250939,0.086359837,0.143231477,0,0,0,0.119955534,0,0.140181446,0.34484125,0.253269106,0,0.14350869,0,0,0,0.140240263,0,0.129784849,0,0,0.155296214,0.217151245,0.13992136,0.264898142,0,0,0.241976402,0,0,0,0,0,0.32755544,0,0,0,0.283160941,0.331452597,0,0,0.101184053,0,0,0,0.212876676,0.093345388,0,0,0,0.089709051,0.194244845,0,0.114744928,0.123255415,0.075204726,0,0,0.162848629,0.068529478,0,0.154338843,0,0,0,0,0,0,0.120146261,0,0,0,0,0,0,0,0.319966404,0,0,0,0,0.125554082,0,0,0,0,0.123583886,0.165137942,0,0,0,0.226699915,0,0,0,0.205034984,0,0,0.164092249,0.283877342,0,0,0,0.24956368,0,0,0,0,0.155686014,0,0.229035953,1,0.277762082,0,0.139407918,0,0,0.099777737,0.173854384,0,0,0,0,0.141405069,0,0.134991567,0,0,0,0.162408195,0,0,0.166591857,0.142146451,0.128904387,0,0.296573558,0
0.180975369,0,0.137441801,0,0,0.127134398,0,0.240600317,0,0,0,0.237665678,0.301453322,0,0,0.214542295,0.105680238,0.171842044,0.215381987,0.144032747,0.202670576,0,0.111061218,0.232067611,0.148453963,0.103077255,0.168654002,0.196775883,0.354809323,0.183934756,0.192112277,0.223222633,0,0,0,0,0,0.236418191,0.251188113,0,0,0.121579775,0,0.413574591,0.258106017,0,0.259829074,0,0.256993338,0.107066894,0.268139069,0,0.114325673,0.305474607,0.170658407,0.254253794,0.139849966,0.336990349,0.219221495,0.312628522,0.292350086,0,0.220685951,0,0.084278037,0,0.249479818,0.102597284,0,0,0,0,0.169516713,0,0.219506321,0.304686143,0.236208474,0.227608708,0.201700428,0.29876182,0,0,0.334793382,0.096017061,0,0.283300646,0,0,0,0,0.228666291,0,0.098594544,0.133967433,0.229728367,0.173631526,0.257539185,0.187813534,0.247350347,0.177614,0.239274783,0.299659461,0,0,0.294336005,0.107105073,0.197558581,0.184022593,0.158565327,0.11626799,0,0.157275634,0.210310115,0.203606398,0.170649233,0.230738559,0,0.200055361,0,0,0,0.197711463,0,0,0,0,0.261432308,0,0,0,0.223744188,0,0,0.161380255,0.176301075,0.197930072,0,0,0,0.07894337,0,0.153276182,0.202670576,0.154728444,0,0.07177126,0.166478078,0,0,0.24297318,0.211671819,0,0,0,0.224658603,0.208031513,0.251476512,0.336066306,0,0,0.312490973,0,0,0.058019584,0.080391427,0,0.314969345,0,0,0,0.269812278,0.119782476,0,0.05761982,0.200996866,0,0,0,0,0.209780693,0,0.22787531,0.304985284,0.253557267,0,0,0,0.098546789,0.235421663,0,0,0.449067727,0.274099473,0,0.308966324,0,0,0,0,0,0,0.324858505,0,0,0,0.198876268,0,0,0,0.326160594,0.205216053,0.176220799,0,0,0.235497488,0,0.095320175,0,0,0.201899576,0.367348052,0.381305011,0,0.207195739,0.194859901,0,0,0,0,0,0,0.123025997,0.388375127,0,0,0.427394553,0.071381601,0,0,0.105431644,0,0,0,0.283613223,0.277762082,1,0,0.17156235,0,0,0.239543609,0,0,0,0,0,0.21251165,0.158664333,0.304583161,0,0.142372344,0,0.315067696,0,0,0.124425703,0.183557104,0.140326064,0.167757682,0.256381693,0
0,0,0,0,0,0,0,0.030021256,0,0,0.305206093,0.026087073,0,0,0,0.050405057,0,0,0,0,0,0,0,0.043449462,0,0,0,0,0,0,0.062972406,0,0,0,0,0,0,0.08793811,0,0,0,0,0,0,0,0,0,0,0,0,0.04004108,0,0,0,0,0.042323407,0.08579073,0.15977184,0,0,0.054920501,0,0,0,0.106759651,0,0,0,0,0,0,0,0,0,0.054860946,0.05896931,0.031614029,0,0,0.070784825,0,0,0,0,0,0.037427062,0,0,0,0,0,0,0,0.155940001,0,0,0,0,0,0,0,0,0,0,0,0,0,0,0,0,0,0,0.030189737,0.059452259,0,0.03353429,0,0,0,0,0,0,0.610308949,0,0,0,0,0,0.413087433,0,0,0,0,0,0,0.026581523,0,0,0,0.108327548,0,0,0,0.319679023,0,0,0,0,0,0,0,0.16582852,0,0,0.037270721,0,0,0,0,0,0,0,0,0,0,0,0,0,0,0,0,0,0,0,0.119006242,0,0,0,0,0.048103838,0,0,0,0.046026073,0,0,0,0,0,0,0,0,0,0,0.035234321,0,0,0,0,0,0,0,0,0,0,0.362818599,0,0,0,0,0,0,0,0,0,0,0,0,0,0.028324845,0,0,0,0,0,0,0,0,0,0,0,0,0,0,0,0,0,0,0,0.10587631,0,0,0,0,0,0,1,0,0,0,0.042491289,0,0,0,0,0,0.043945172,0,0.047804139,0,0,0,0.049637297,0,0,0,0.066291021,0,0.354393592,0,0
0,0,0,0,0,0.160130841,0,0.310817882,0.118657313,0.0517857,0.190023709,0.368306221,0.292991964,0,0,0.241893722,0.115310491,0.045513644,0,0.126648231,0,0,0.070587963,0.259836072,0.162941593,0.098639666,0.095324532,0.121564485,0.139752822,0.217349577,0.210556086,0.134338995,0,0,0.149244882,0,0,0.189892722,0.437781528,0,0,0.110298248,0,0.193408811,0.19775771,0.093262507,0.439123126,0.229496601,0.616212941,0.07666119,0.304707416,0.121330846,0.155392299,0,0,0.241617225,0.168473758,0.29220161,0.187213595,0.242831183,0.477813054,0,0.184365252,0,0.180149681,0,0.341162863,0.232037501,0,0,0.139495966,0,0.421640851,0.094462885,0.68987442,0.553243825,0.561813932,0.14981174,0.223373999,0.387948468,0.052025677,0.225958455,0.390959166,0.183500206,0,0.414273344,0.308011977,0,0.044548532,0,0.211060293,0.084148849,0.066392336,0.252467243,0.434827804,0.130441948,0.625041473,0.050366895,0.31688677,0.134697867,0.109007359,0.084878698,0.049961476,0,0,0.064361132,0.230154259,0,0.216731445,0.114895485,0.08310506,0.034735793,0.367100355,0.327591647,0.078639834,0.37227772,0.255425985,0.146917651,0.05019678,0.047450977,0,0.180174766,0.092691737,0.285227509,0.152034268,0,0.207088762,0,0,0,0.186995839,0,0,0.112701052,0.484111705,0.318375693,0,0,0.050174313,0.1416497,0.057608128,0.375043622,0,0,0,0.123847039,0.035429733,0.301333142,0,0.194721945,0.264086622,0.226563537,0,0,0.275664269,0.122745465,0.083802898,0.252921276,0,0.029739136,0.528432953,0,0.122706282,0.090748659,0.017529734,0,0.227118667,0,0,0,0.324449911,0.318064897,0,0,0.479214978,0.111680172,0,0,0.03988361,0.418926625,0,0.102742852,0,0.612066722,0.038407716,0.109529096,0.193544971,0.269795704,0.224892723,0.038513591,0,0.075061999,0.3408156,0.153939219,0.398212497,0.074088083,0,0.033107,0,0.077924087,0,0.304176619,0.1602521,0.071040031,0.161285867,0,0.074776302,0,0.094735363,0.139209085,0.144174465,0.090749278,0.120990797,0,0.317341757,0,0.1290324,0.130772798,0,0.32852657,0.356392223,0.152024847,0,0,0.27016903,0,0.096182384,0,0.099779111,0,0.042534193,0.063341718,0.292292651,0,0,0.097668553,0.193389757,0,0,0.185734244,0.048723796,0.36329724,0,0.259852269,0.139407918,0.17156235,0,1,0,0,0.231366124,0,0,0.072073669,0.03913665,0,0.513208106,0.119772621,0.640971072,0,0.029117047,0.199860121,0.205823232,0,0,0,0.327708566,0.183306629,0.085360799,0.3043134,0
0.269186513,0,0,0,0,0,0,0.019974675,0,0,0,0.017377166,0,0,0,0.028060732,0,0,0,0,0,0,0,0.053033237,0.0267662,0,0,0,0,0.053487997,0.041496652,0.067725426,0,0,0,0,0,0,0.02776786,0,0,0,0,0,0,0,0,0,0,0,0,0,0,0.046583457,0,0.023617434,0.047271129,0,0.12214056,0,0,0,0,0,0,0,0,0,0,0,0,0,0,0,0,0,0,0,0,0,0,0,0,0.040549093,0,0,0,0,0,0.592827377,0,0.106029015,0,0.0842145,0,0,0,0,0,0,0,0,0,0,0,0,0,0,0,0,0,0,0.036992455,0.039217203,0,0,0,0.117369441,0,0,0,0,0,0,0,0,0,0,0,0,0.087540657,0.507352055,0,0,0,0.032605789,0,0,0,0,0,0.097356089,0,0,0,0,0,0,0.592827377,0.101344545,0.083552051,0,0,0.470842641,0.058737154,0,0,0,0,0,0,0,0,0,0,0,0,0,0,0,0,0,0,0,0,0,0,0,0,0,0,0,0,0,0,0,0,0,0.062599973,0,0,0,0,0,0,0,0,0,0,0,0.178675556,0,0,0,0,0,0,0,0,0,0,0,0,0,0,0,0,0,0,0.018855372,0,0,0,0,0,0,0,0,0.142318748,0,0,0,0,0,0,0,0,0.491367684,0,0,0,0,0,0,0,0,0,0,1,0.294356412,0.051878277,0,0,0,0,0,0,0,0,0,0,0,0.050304006,0,0,0,0.036733937,0,0,0,0
0,0,0,0,0,0,0,0,0,0,0,0,0,0,0,0,0,0,0,0,0,0,0,0,0.022948052,0,0,0.032938679,0,0,0,0,0,0,0,0,0,0.042142222,0,0,0,0,0,0,0,0,0.01376012,0,0,0,0.019111622,0,0,0,0,0,0,0,0.028193688,0,0,0,0,0,0,0,0,0,0,0,0,0,0,0,0,0.028190837,0,0,0,0,0,0,0,0.042379298,0,0,0,0,0,0,0.041868916,0.119526532,0,0,0.019944895,0,0,0,0,0,0,0,0,0,0,0,0,0,0,0,0,0,0,0,0,0.015997196,0,0.042603735,0,0,0,0,0,0,0,0,0,0,0,0,0.04672937,0,0,0,0,0,0,0,0,0,0,0.022336594,0,0,0,0,0,0,0,0,0,0,0,0,0.031135391,0,0,0,0,0,0,0,0,0,0,0,0,0,0,0.401771017,0,0,0,0,0,0,0,0,0,0,0,0,0,0,0,0,0,0,0.022251904,0,0,0,0,0,0,0,0,0,0,0,0.220667783,0,0,0,0,0,0,0,0,0,0,0,0,0,0,0,0,0,0,0.013506184,0,0,0,0,0,0,0,0,0,0,0,0.098606939,0,0,0,0,0,0,0,0,0,0,0,0,0,0,0,0,0.294356412,1,0,0.148653955,0,0,0,0,0.020981918,0,0,0,0,0,0.017798305,0,0,0,0,0,0,0,0
0.07224488,0.049080245,0.189925245,0.155782393,0.033816918,0.33323105,0,0.707292015,0.092062136,0.031683264,0.133454425,0.661720354,0.395977481,0,0,0.655524201,0.201130341,0.048331645,0.053945097,0.228468297,0.050491801,0,0.300992304,0.700543723,0.593774244,0.214064749,0.143765034,0.538804359,0.39735813,0.702338382,0.587928192,0.65305922,0,0,0,0.029593671,0.176789025,0.326275457,0.65633191,0.024175538,0.034318912,0.171054595,0.03706102,0.158001629,0.291696368,0,0.588202816,0.138043738,0.205633488,0.215322477,0.664413759,0.068804842,0.16850196,0.534201637,0.123093313,0.739001237,0.52659552,0.277084665,0.546403776,0.311566882,0.377194227,0,0.224624318,0,0.319451049,0,0.233057887,0,0,0,0.165723239,0,0.461306135,0,0.404889409,0.480421765,0.560067893,0.362678754,0.373898109,0.369582256,0,0.346723175,0.484419139,0.302622852,0.06640499,0.606422184,0.15452674,0.05861231,0.035466057,0.028724049,0.370055249,0,0.255757441,0.231454385,0.528919478,0,0.432163199,0.161381794,0.5453326,0.379674997,0.097195477,0.230741036,0,0.206491303,0.237358078,0.434912406,0.300092108,0.098496958,0.264072489,0.335968342,0,0.231911954,0.603569967,0.533081684,0,0.643959156,0.065709496,0.502365269,0.04505417,0,0.068355627,0.384001111,0.041368897,0.149208308,0,0,0.254675959,0,0.094519393,0,0.532359783,0.044685244,0,0.082823778,0.336424083,0.746329624,0,0.071684326,0,0.355028907,0.032452721,0.346361891,0.050491801,0.137655772,0.099763486,0.149090725,0.198458129,0.102487983,0.028724049,0.265370423,0.287051248,0.247264147,0,0.053162674,0.677244334,0.460246595,0.434973681,0.223579395,0,0,0.246842162,0.021407666,0.069245002,0.053818988,0,0,0.333593891,0,0,0,0.08018065,0.029685912,0,0.122907526,0.24444019,0.077519162,0.032151467,0.029593671,0.136296292,0.49278923,0,0.057822207,0.201859706,0.440858842,0.10001098,0,0.209660282,0.386098902,0.456649903,0,0,0.193078955,0.440503525,0.043012501,0.59740623,0,0,0,0.03221471,0,0.023313651,0.626883505,0,0.055976515,0.06843471,0.178423058,0.041733167,0,0,0.09982981,0.088662247,0.106375011,0,0,0.468374791,0,0.271904556,0.113007858,0,0.740916861,0.519207817,0.148880538,0.046201646,0.146642254,0.393914504,0,0,0.078486824,0.249875356,0.130369078,0,0.188094145,0.258967569,0,0,0.117509959,0.400450104,0.024159538,0,0.497725618,0.0988749,0.095596522,0,0.587341325,0.099777737,0.239543609,0.042491289,0.231366124,0.051878277,0,1,0.044890043,0,0.040199872,0,0.042491289,0.598437604,0.0520599,0.531747829,0,0.256488599,0,0.590046467,0,0,0.06511864,0.457624115,0.246630759,0.132766201,0.378939664,0
0,0.344606737,0,0,0,0.136761906,0,0.13525424,0,0,0,0.118526199,0.180747518,0,0,0.123286817,0,0,0,0.182247764,0,0.297614152,0,0.084618044,0.113281726,0.108262743,0,0.08670655,0.083166332,0.085286204,0.062857619,0.105759235,0,0,0,0,0,0.23457331,0.0804207,0,0.224141076,0,0,0,0,0,0.143207726,0.034330106,0,0.241595112,0.05997021,0,0.161520689,0.082100772,0,0.082618324,0.083140001,0,0.1530478,0.103920583,0.101830461,0,0.219432244,0,0.179107241,0,0,0,0,0,0,0,0.051632055,0,0,0.024722541,0.090983159,0,0.124454415,0.127151975,0,0.185911743,0.190627874,0,0.244823173,0.133409792,0,0,0,0,0.119066965,0.389691076,0.132906119,0.112894784,0.062348843,0,0.048547153,0,0.105186742,0.143376666,0.109289479,0.15479024,0,0,0,0.250943354,0,0,0.195359386,0.196627557,0,0,0.119393746,0.11205805,0,0.099775144,0,0.107824061,0,0.245259195,0,0,0,0,0,0,0.115599862,0,0.242689088,0,0.186152606,0,0,0,0,0.105940701,0,0,0,0.082064459,0,0.07732623,0,0,0,0.21709289,0.134257266,0,0,0,0.11393055,0.250985138,0,0,0.089867855,0.197369593,0,0.287521631,0,0,0.149259994,0,0,0.326435367,0,0,0.178298479,0,0.149845074,0.133951705,0,0,0,0.286348549,0,0,0,0,0.323326522,0.140674956,0,0,0,0.039356426,0.294708822,0,0.362001411,0,0.113318363,0.311078109,0,0.158545078,0.133018819,0,0.105842097,0,0,0,0,0,0,0.053283227,0,0,0,0,0,0,0,0.334842641,0,0.215630688,0,0,0.131529446,0,0.127277058,0,0,0.115591462,0.173743227,0,0,0.042163632,0,0,0,0,0,0,0,0.066147753,0.047192544,0,0,0,0.149454774,0,0,0.097344769,0,0,0,0.124150654,0.173854384,0,0,0,0,0.148653955,0.044890043,1,0,0,0,0,0.01899823,0.185402309,0.0423137,0,0,0,0.144702824,0,0,0.405672087,0.054406403,0.194835651,0,0.241491617,0
0,0,0,0,0,0,0,0,0,0,0,0.008703152,0,0,0,0,0,0,0,0,0,0,0,0,0,0,0,0,0,0,0,0,0,0,0.119780043,0,0,0,0,0.163783747,0,0,0,0,0,0,0,0.02307124,0.031943195,0,0,0,0,0,0,0,0,0,0,0,0,0,0,0,0,0,0,0,0,0,0,0,0,0,0.018389481,0,0.010556623,0,0,0,0,0,0,0,0,0,0,0,0,0,0,0,0,0,0.004646525,0,0.018687827,0,0,0,0,0,0,0,0,0,0,0,0,0,0,0,0,0,0,0.011201373,0,0,0,0,0,0,0,0,0,0,0,0,0,0,0,0,0,0,0,0,0,0,0,0,0,0,0,0,0,0,0,0,0,0,0,0,0,0,0,0,0,0,0,0,0,0,0,0,0,0,0,0,0,0,0,0.083188287,0,0,0,0,0,0,0,0,0,0,0,0.015405582,0,0,0,0,0,0,0,0,0,0,0,0,0,0,0,0,0,0,0,0,0,0,0,0.224621518,0,0,0,0,0,0,0,0,0,0,0,0,0,0,0,0,0,0.595371815,0,0,0,0,0,0,0,0,0,0,0,0,0,0,0,0,0,0,0,0,0,0,0,0,0,0,1,0,0,0,0,0,0,0,0,0,0,0,0,0.02382825,0,0,0,0,0
0,0,0,0,0,0,0,0.028392554,0,0,0,0.024669134,0,0,0,0,0.177521472,0,0,0,0,0,0,0,0,0,0,0,0,0,0.059610143,0,0,0,0,0,0,0,0,0,0,0,0,0,0,0,0.027289742,0.269488431,0.089693804,0,0.037879238,0,0,0,0,0.040040858,0,0,0,0,0.051976615,0,0,0,0.101181593,0,0,0,0,0,0,0,0,0,0.051920166,0.055814624,0.029900228,0,0,0.067019869,0,0.106022391,0,0,0,0.035403803,0,0,0,0,0,0,0,0,0,0,0.052756116,0,0,0,0,0,0,0,0,0,0,0,0,0,0,0,0.028552027,0,0,0,0,0,0,0,0,0,0,0.245925001,0,0,0,0,0,0,0,0,0,0,0,0.02513705,0,0,0,0,0,0.058904442,0,0,0,0,0,0.339974272,0,0.179955051,0.12256331,0,0,0,0,0,0,0,0,0,0.089169218,0,0,0,0,0,0,0,0,0,0,0,0,0,0.112826448,0,0,0,0,0,0,0,0,0.043548277,0,0,0,0.129635127,0,0,0,0,0.06996841,0,0,0,0,0,0,0,0,0,0,0.832031388,0,0,0,0,0,0,0,0,0,0,0,0,0,0,0,0.026786924,0,0,0,0,0.104909911,0,0,0,0,0,0,0,0,0,0,0,0,0,0,0,0,0.205144286,0,0,0,0,0,0.072073669,0,0,0.040199872,0,0,1,0,0,0.041577018,0,0.045232837,0,0,0,0,0,0,0,0,0.112511985,0,0,0
0,0,0,0,0,0,0,0.019427565,0,0,0,0.01689297,0,0,0,0,0,0,0,0,0,0,0,0,0,0,0,0,0,0,0,0,0,0,0,0,0,0,0.02704684,0,0,0,0,0,0,0,0.014957346,0,0,0,0,0,0,0,0,0.034519892,0,0,0,0,0.035390434,0,0,0,0,0,0,0.178944523,0,0,0,0,0,0,0,0.030410275,0.036831939,0,0,0.081921426,0,0,0,0,0,0,0.140881375,0,0,0,0,0,0,0,0,0,0.064677516,0,0,0,0,0,0,0,0,0,0,0,0,0.07652442,0,0,0.040319367,0.068938064,0,0,0,0,0,0,0,0,0,0,0,0,0,0,0,0,0,0,0,0,0,0.030995379,0,0,0,0.08737399,0,0,0,0,0,0,0,0,0,0,0,0,0,0,0,0,0.083951201,0,0,0,0.060248398,0,0,0,0,0,0,0,0,0,0,0,0,0,0.136615096,0,0,0,0,0.039196024,0,0,0,0.053491413,0,0,0.081852316,0,0,0,0,0,0.047463243,0,0.02278085,0,0,0,0,0.371521107,0,0,0,0,0,0,0,0,0,0,0,0,0,0,0,0,0,0,0,0,0,0,0,0,0,0,0,0,0,0,0,0,0,0,0,0,0,0,0,0,0,0,0,0,0,0,0,0.03913665,0,0,0,0,0,0,1,0,0.051091055,0,0,0,0,0.226064826,0.057653002,0,0,0,0.076778978,0,0,0,0
0,0,0,0.371934254,0,0,0,0.030021256,0,0,0,0.026087073,0,0,0,0.050405057,0,0,0,0,0,0,0,0.043449462,0.048046561,0,0,0.068843635,0,0.043826886,0.062972406,0.055685458,0,0,0,0,0,0,0.041879685,0,0,0,0,0,0,0,0.028856109,0,0,0,0.04004108,0,0,0.084511405,0,0.042323407,0.08579073,0,0,0,0,0,0,0,0,0,0,0,0,0,0,0,0,0,0,0,0,0,0,0,0,0.111851597,0.056115724,0.117517107,0,0.037427062,0,0,0,0,0,0,0,0,0,0,0,0,0,0.101093008,0,0.246368545,0,0,0.277638993,0.108429718,0,0,0.105340398,0,0,0,0,0,0,0.03353429,0,0,0,0,0,0,0,0,0,0,0.161050722,0,0,0,0.055850378,0,0,0,0,0.026581523,0,0,0,0,0,0,0,0,0,0,0,0,0,0,0,0.16582852,0,0,0.037270721,0,0,0,0,0,0,0,0,0,0,0,0,0,0,0,0,0,0,0,0,0.329948934,0,0,0,0,0,0,0,0,0,0,0,0,0,0,0,0,0.073892674,0,0,0,0,0,0,0,0,0,0,0,0,0,0,0,0,0,0,0,0,0,0,0,0,0,0,0.028324845,0,0,0,0,0.110681527,0,0,0,0,0.47479464,0,0,0,0,0,0,0.083859927,0,0,0.10587631,0,0,0,0.055674217,0,0,0,0,0,0,0.042491289,0,0,0,0,1,0.043945172,0,0,0,0,0,0,0,0,0,0.066291021,0,0,0,0
0,0,0.054232157,0.136741937,0.034979303,0.321233755,0,0.631078798,0.070183754,0.030111756,0.221833108,0.622437368,0.353417286,0,0,0.348224654,0.258927893,0.027206086,0.055779717,0.049437365,0,0.041334573,0.22290901,0.413764144,0.352943204,0.14555923,0.098788211,0.3417252,0.240167517,0.411811855,0.472552974,0.366774327,0.036670434,0.020033028,0.031288858,0,0.147062001,0.228440646,0.616462726,0.02500867,0.039218659,0.053783571,0,0.211805369,0.267013777,0.090450938,0.589166965,0.195602254,0.416815632,0.161469259,0.600058236,0.071110563,0.079763303,0.295175683,0,0.658429196,0.23625097,0.40301684,0.313568347,0.39928459,0.63723394,0,0.282641535,0,0.3610939,0,0.265394519,0.117871886,0,0,0.212676407,0,0.388483099,0.055197028,0.541181671,0.790163844,0.66734281,0.383063477,0.193742144,0.613635098,0.030192736,0.431455783,0.407743611,0.251788678,0.045136382,0.612367499,0.239400267,0.060600716,0.026506625,0,0.335055852,0.051552545,0.248499275,0.285216716,0.48505761,0.076224292,0.754708675,0.216435989,0.422483975,0.31969884,0.029216659,0.23770054,0.028735244,0.145234857,0.197592463,0.39306607,0.318428662,0.050883755,0.202961883,0.277995929,0.029581883,0.201686778,0.626559878,0.570136497,0.046105194,0.572072275,0.154610348,0.380984353,0.076120784,0.027886668,0,0.315527939,0.097333287,0.263019136,0.092142328,0,0.289394152,0,0.097563413,0,0.294219287,0,0,0.068205517,0.501536965,0.603815202,0,0,0.028805523,0.378434549,0.033549981,0.332572781,0,0.141962991,0,0.163843364,0.237809585,0.18335265,0,0.267695834,0.379092347,0.295958967,0,0,0.584923893,0.38900469,0.392317077,0.288860699,0,0.016997635,0.413931884,0,0.071580818,0.06241849,0,0,0.294827167,0,0,0.020661828,0.227820284,0.193139292,0,0.063844674,0.480795006,0.111606001,0,0,0.078736464,0.559647116,0,0.059779781,0.17134217,0.692074821,0.163724731,0.063707578,0.239769493,0.40848503,0.398399528,0,0,0.212981368,0.566558981,0.044449246,0.59482702,0.042757973,0,0.029083105,0,0.022661283,0,0.50286791,0,0.041230947,0.070715279,0.148606089,0,0,0.05528995,0.145476632,0.08558346,0.148619497,0.02727155,0,0.337199881,0,0.093372031,0.116613966,0,0.578465303,0.480437895,0.153610639,0.047779385,0.115429922,0.388259764,0,0.055779717,0.081121293,0.23524047,0.098171864,0,0.127113395,0.384523565,0,0,0.121371533,0.192456493,0,0,0.414765977,0.13115741,0.24627252,0,0.537483451,0.141405069,0.21251165,0.043945172,0.513208106,0,0.020981918,0.598437604,0.01899823,0,0.041577018,0.051091055,0.043945172,1,0.145907736,0.73297027,0,0.234563325,0.078795928,0.529783217,0,0,0,0.542387224,0.321743183,0.1889318,0.341004706,0
0,0,0,0,0,0.03389399,0.121413349,0.122800326,0,0,0,0.107830292,0.110565186,0.249845037,0,0.080457736,0.117134319,0.191645954,0,0,0,0.475528023,0,0.101920708,0.053355466,0.041991003,0,0.026014853,0.032720945,0.037500201,0.112248871,0.046246894,0,0,0.165790228,0,0,0.099402697,0.051391082,0,0.539816743,0,0,0.19254777,0.149026861,0,0.118399387,0.070634954,0.102313758,0.123725495,0.014564381,0,0,0.027578451,0,0.088229809,0,0.256014455,0.161077728,0.09861796,0.230001824,0,0.49370322,0,0.291394964,0,0.252459479,0,0,0,0,0,0.095547867,0.095331902,0.086601501,0.117158157,0.095257821,0,0,0.287975649,0,0.178179322,0.234312064,0,0.4006621,0.15015097,0,0,0,0,0.059935528,0.354077861,0.10347352,0,0.015129327,0,0.092146302,0,0,0,0.052062213,0.198291916,0,0,0,0.094380908,0.094911141,0,0.170217709,0.101911043,0,0,0.149788356,0.06980743,0,0.055895781,0,0.121243506,0,0,0,0.108864791,0,0,0.188300153,0,0.15135256,0,0.215614529,0,0.076729099,0,0.137553754,0,0.146122676,0.109729012,0,0,0,0.116977821,0,0.182917754,0,0.083038794,0,0.34961674,0.23147,0,0,0.168627739,0.237143272,0.128215293,0,0,0.093954394,0,0,0.324411708,0,0,0.101843998,0,0,0.193984261,0,0,0,0,0,0,0,0.137024908,0,0,0.255500183,0,0,0,0.298834811,0.129302225,0,0.333935742,0.145217494,0.094447552,0.400011968,0,0.232174551,0,0.260027955,0.267950349,0,0.429265647,0.20123056,0,0.142163066,0.140675776,0,0,0,0,0,0.114294395,0,0,0,0,0,0,0,0.077762362,0.28742765,0.59127722,0,0,0.105560084,0,0,0,0,0.101772678,0.218198833,0.244390097,0,0,0,0,0,0,0.132078023,0,0.123994062,0,0.143840534,0.248478535,0.098442235,0.28569298,0.077148391,0,0,0.092676914,0,0.254669309,0,0.136144382,0,0.158664333,0,0.119772621,0,0,0.0520599,0.185402309,0,0,0,0,0.145907736,1,0.097655432,0.249845037,0,0,0.19301989,0,0,0.339313475,0.183842393,0.23434326,0,0.087025463,0.137553754
0,0,0.033278782,0.059385919,0.03806627,0.329319117,0,0.580911395,0.076123747,0.032728162,0.203558896,0.550981711,0.479599105,0,0,0.398366566,0.226477552,0.052053599,0.060645692,0.094139267,0,0,0.238736159,0.416354493,0.352693732,0.153893878,0.061921852,0.348089214,0.268127141,0.438725607,0.409953668,0.360418538,0,0,0.033803605,0,0.047797137,0.327434159,0.644030278,0,0,0.127645093,0,0.289883862,0.285685023,0.059471681,0.598605273,0.153364984,0.581368906,0.077917188,0.526998018,0.077215296,0.130284724,0.248167705,0,0.531686134,0.218784038,0.394493597,0.328928506,0.396815606,0.635943709,0,0.178568816,0,0.274516181,0,0.302612396,0.129375318,0,0.017336266,0.2294016,0,0.482774442,0.059957533,0.736986297,0.713965354,0.766142728,0.336620194,0.247350465,0.497935967,0.032823849,0.336511179,0.417103075,0.273567049,0.048854694,0.593049218,0.183582074,0,0.028729042,0,0.300860462,0.05567172,0.23971963,0.310134264,0.589458486,0.082797808,0.773865989,0.213056876,0.488141925,0.342985925,0.148029031,0.207534756,0.031273081,0.156500268,0.111374648,0.27314983,0.345214033,0.055208708,0.155749534,0.285072375,0.053105793,0.240485621,0.577899036,0.496057815,0.050061231,0.5983261,0.167216966,0.265235182,0.082605188,0.030270611,0.036512824,0.354833888,0.105627272,0.248381216,0.099639806,0,0.270769506,0,0.105585883,0,0.353705648,0,0,0.073768599,0.554526887,0.556643861,0,0,0.03135634,0.276543204,0.036458214,0.365499327,0,0.043389918,0.036363608,0.143507179,0.123980259,0.198173175,0,0.287211406,0.320852309,0.239154013,0,0,0.50052872,0.399731163,0.302761755,0.314782348,0,0.018512647,0.504168464,0,0.077770073,0.05995795,0,0,0.330068046,0,0,0,0.323834433,0.231344927,0,0.068947283,0.455948583,0.11974524,0,0,0.059894867,0.621344717,0,0.064969043,0.200294713,0.809039273,0.080637991,0.069240514,0.195248095,0.311111559,0.326496104,0,0.02395399,0.193776413,0.443293797,0.048251788,0.599655558,0.046515167,0,0.020692059,0,0,0,0.500697717,0.052513103,0.044823531,0.102996582,0.110293068,0.0469535,0,0.060067191,0.19745739,0.12908617,0.118508928,0.029547194,0,0.442709552,0,0.16066065,0.126107946,0,0.558006423,0.523252501,0.166057708,0.051966101,0.124907788,0.295779403,0,0.060645692,0.088097783,0.156264936,0.06095645,0.02682421,0.149561773,0.401483733,0,0,0.131572224,0.215022606,0,0,0.358481469,0.142118337,0.284998893,0,0.448482699,0.134991567,0.304583161,0.047804139,0.640971072,0,0,0.531747829,0.0423137,0,0.045232837,0,0,0.73297027,0.097655432,1,0,0.233714767,0.1311336,0.404811275,0,0,0,0.434610793,0.160946796,0.204193434,0.353298138,0
0,0,0,0,0,0,0,0.028939406,0,0,0,0.025145187,0,1,0,0,0,0.451370629,0,0,0,0,0,0,0,0,0,0,0,0,0.060739736,0,0,0,0.330116061,0,0,0,0,0,0.345092704,0,0,0,0,0,0.027815654,0,0,0,0,0,0,0,0,0,0,0,0,0,0.052965504,0,0.133670384,0,0.103057113,0,0.115469819,0,0,0,0,0,0,0,0,0,0,0,0,0.068284933,0,0.107982537,0.054119364,0,0.407975033,0.036083224,0,0,0,0,0,0.315593355,0,0,0,0,0,0,0,0,0,0,0,0,0,0,0,0,0.101684438,0,0,0,0.029101906,0,0,0,0,0,0,0,0,0,0,0,0,0,0,0,0,0,0,0,0,0,0,0.025622015,0,0,0,0.104573637,0,0,0,0,0,0.131796577,0,0,0,0,0,0,0,0,0,0,0,0.08737004,0,0,0,0,0,0,0,0,0,0,0,0,0,0.232803813,0,0,0,0,0,0,0.232048918,0,0,0,0,0,0.201616186,0,0.15603593,0,0.059794427,0,0,0.15642665,0.071287078,0,0.033967852,0,0,0,0,0,0,0,0,0,0,0,0,0,0,0,0,0,0,0,0,0,0,0,0,0,0.048767254,0,0,0,0,0,0,0,0,0,0,0,0,0.978462509,0,0,0,0,0,0,0,0.208735036,0,0,0,0,0,0,0,0,0,0,0,0,0,0,0,0.249845037,0,1,0,0,0.047865736,0,0,0.201536238,0.063944575,0.114584853,0,0,0
0,0,0,0,0.140299773,0.413792651,0,0.230197249,0,0,0.098699904,0.241205554,0.37906245,0,0,0.026451283,0.493932356,0,0,0,0,0,0.432792241,0.103863671,0.256794332,0,0,0.263501824,0.203467467,0.238128373,0.109230473,0.12305154,0,0.080956232,0,0,0,0,0.311989435,0,0,0,0,0.374899669,0.346629021,0,0.263721482,0,0,0,0.238937393,0,0.129991166,0.306289713,0.05136172,0.210008128,0,0,0.037168424,0.387026722,0.25957933,0,0,0,0,0,0.25888901,0,0,0,0.516070645,0,0.446058725,0,0.2503167,0.131723092,0.275820546,0.311207433,0,0.148020055,0,0.176215569,0.243110755,0,0,0.267274593,0,0,0.052965937,0,0.092666239,0,0.531456375,0.134438832,0.319741314,0,0.26440023,0.522273812,0.329391259,0.442574053,0.096914609,0,0,0.544076303,0,0.297207956,0.123487448,0,0.129339943,0.273595278,0,0.437002687,0.244033111,0.16929524,0,0.25540636,0,0,0,0,0,0.473336967,0,0,0,0,0.136934885,0,0.189446378,0,0.224199121,0,0,0,0.277215985,0.213860425,0,0,0,0.032373138,0,0,0,0,0,0.116157317,0.136796358,0,0,0.329285213,0.21655911,0.041984305,0,0,0.13150364,0.311937979,0.307102156,0.095012563,0,0,0.097610085,0,0,0,0,0,0.113069805,0,0,0,0.105186297,0.088947314,0,0.101365508,0,0.13543449,0,0,0,0.145116718,0,0,0.176338995,0.126413398,0,0,0,0,0.360913943,0.102862344,0,0.137334863,0.106841646,0,0.287155045,0,0,0,0,0.087075535,0,0.398166738,0,0,0,0.1999169,0,0,0,0.169381766,0,0,0,0,0.363220784,0,0.111766923,0,0,0.226222542,0.342955733,0.200051429,0,0.387870955,0.108867977,0,0,0,0.148149691,0,0,0,0.402643002,0,0,0.224374284,0.182165634,0,0,0.105723391,0,0,0,0.285416825,0,0.142372344,0,0.029117047,0,0,0.256488599,0,0,0,0,0,0.234563325,0,0.233714767,0,1,0,0.060282535,0,0,0.037390191,0.144160569,0.03435059,0,0.114633316,0
0,0,0,0,0,0,0,0.055046067,0,0,0.256300581,0.059445266,0.113350082,0,0,0.030189966,0,0,0,0,0,0,0.166741468,0.026311439,0.028884372,0.076606217,0,0.040072927,0,0.026524093,0.109602963,0.033078251,0,0,0.097496815,0,0,0,0.0982726,0,0,0.067267388,0,0.213840789,0,0.391694573,0.063706366,0.308998733,0.193995469,0,0.047863893,0,0,0,0,0.07608385,0,0.160330161,0.044998839,0.179053816,0.158914646,0,0,0,0.115329171,0,0,0.287242041,0.071537124,0,0,0,0.056374029,0.413777913,0.148834674,0.09267496,0.122083794,0.189654379,0,0.121735272,0,0.119948377,0,0.063673373,0,0.044926723,0.244065857,0,0,0,0,0,0,0.157292961,0.022882671,0,0.151019552,0,0.022891421,0,0,0,0,0,0,0,0.142167411,0,0,0.064819787,0.135529328,0.090845732,0.060251695,0.104040386,0,0.047326997,0.104880104,0,0,0,0,0.051195476,0.381819995,0.229018826,0.292700126,0,0,0,0,0,0.033167694,0,0,0,0.106800825,0.091982465,0.162593179,0,0,0.059470936,0,0.133896722,0,0,0,0,0,0.282959775,0,0,0.135226649,0,0,0,0.043353762,0,0.070070477,0,0,0,0.203892355,0,0,0,0,0,0,0,0.051253013,0,0,0,0,0,0.235448134,0,0,0,0,0.082727868,0,0,0,0.173686689,0,0,0.057307562,0.141530047,0.071595163,0,0,0,0.12648176,0,0.098607976,0,0,0,0,0,0,0,0,0,0,0,0,0,0.419057484,0,0,0,0,0,0,0,0,0,0,0.080162254,0.059451648,0,0,0,0,0,0.448933514,0,0,0,0,0.098346305,0,0,0,0,0.012550982,0,0,0,0,0.201426042,0.074654495,0,0,0,0,0.199860121,0,0,0,0,0,0,0.226064826,0,0.078795928,0,0.1311336,0,0,1,0.050480657,0,0,0,0.153530164,0,0.282042384,0,0
0.056957007,0.057301919,0.282166754,0.125861422,0,0.16251133,0.047280314,0.661240624,0.07893333,0,0.155359934,0.605435799,0.27214957,0.047865736,0,0.541936767,0.083078888,0.131793289,0.062955408,0.175627612,0.058942788,0.101704757,0.164386486,0.576879748,0.445986047,0.254695377,0.166494214,0.402000386,0.430908145,0.590487231,0.620179281,0.573739277,0.04144024,0.011383524,0.088719772,0,0.203991424,0.290022399,0.494922306,0,0.201330994,0.196623993,0.043313995,0.122831115,0.215371694,0.04016199,0.528831408,0.07744062,0.197081393,0.333246521,0.490727982,0.09113859,0.135107116,0.465905934,0.055893565,0.663873819,0.5395571,0.371913115,0.59027574,0.296510978,0.444907753,0,0.39556202,0,0.492814427,0,0.217096769,0.023800867,0,0,0.073152517,0,0.198229106,0,0.255954199,0.513466124,0.421423282,0.3712521,0.259315806,0.526385564,0,0.3478756,0.51185632,0.340934271,0.148404455,0.592516662,0.200593997,0.068374785,0.094347313,0.033594475,0.383363683,0.192876338,0.158728739,0.272556603,0.342735355,0.052208299,0.405885414,0.088450227,0.403251944,0.311535378,0.074994991,0.221336741,0.032479477,0,0.228750334,0.395622575,0.321646945,0.114510784,0.322544571,0.328786504,0.047246251,0.153809596,0.595395593,0.505699138,0.051935388,0.500384031,0.126646276,0.511316701,0.064640302,0.10323309,0.079421976,0.255667349,0.048112416,0.166236846,0,0.048008506,0.294735911,0,0.099305878,0.020434339,0.416613595,0.052190385,0,0.054860553,0.229138062,0.6433711,0.033631904,0.089965847,0.032569292,0.508558117,0.037837622,0.395583509,0.058942788,0.158594305,0.115846142,0.276581368,0.429450345,0.07526058,0.033594475,0.188462597,0.355178915,0.301259601,0.055105712,0.033108396,0.617927724,0.339670667,0.39221265,0.389164495,0,0,0.27827171,0,0.080704838,0.164321557,0,0,0.415171398,0,0.054113968,0.04809392,0.092767198,0.087335543,0.055086611,0.04254403,0.298783507,0,0,0,0.289650053,0.400975383,0.055639431,0.067430779,0.249110078,0.469347474,0.35177755,0,0.36630839,0.379945612,0.474145986,0.055605186,0,0.323488637,0.556986027,0,0.578048585,0,0,0,0.092110253,0.025563294,0.088188064,0.484562558,0,0.018786167,0.079606279,0.206023495,0,0,0,0.114373858,0.133822606,0.217650732,0.03062182,0,0.269557564,0,0.288155749,0.130578927,0,0.568006911,0.470402333,0.131327416,0.053954448,0.069487534,0.40957664,0,0,0.091403747,0.235403655,0.104099128,0.011212192,0.232567249,0.21573886,0.047815358,0,0.136393228,0.343945457,0,0,0.470946185,0.114670659,0.109993391,0,0.616720286,0.162408195,0.315067696,0.049637297,0.205823232,0.050304006,0.017798305,0.590046467,0.144702824,0,0,0.057653002,0,0.529783217,0.19301989,0.404811275,0.047865736,0.060282535,0.050480657,1,0,0.047865736,0.240127214,0.54080108,0.362350743,0.153242676,0.297703635,0
0,0,0,0,0,0,0,0,0,0,0,0,0,0,0.584739096,0,0,0,0,0,0,0,0,0,0,0,0,0,0,0,0,0,0,0,0,0,0,0,0,0,0,0,0,0,0,0,0,0,0,0,0,0,0,0,0,0,0,0,0,0,0,0,0,0,0,0,0,0,0,0,0,0,0,0,0,0,0,0,0,0,0,0,0,0,0,0,0,0,0,0,0,0,0,0,0,0,0,0,0,0,0,0,0,0,0,0,0,0,0,0,0,0,0,0,0,0,0,0,0,0,0,0,0,0,0,0,0,0,0,0,0,0,0,0,0,0,0,0,0,0,0,0,0,0,0,0,0,0,0,0,0,0,0,0,0,0,0,0,0,0,0,0,0,0,0,0,0,0,0,0,0,0,0,0,0,0,0,0,0,0,0,0,0,0,0,0,0,0,0,0,0,0,0,0,0,0,0,0,0,0,0,0,0,0,0,0,0,0,0,0,0,0,0,0,0,0,0,0,0,0,0,0,0,0,0,0,0,0,0,0,0,0,0,0,0,0,0,0,0,0,0,0,0,0,0,0,0,0,0,0,0,0,0,0,0,0,0,0,0,0,0,0,0,1,0,0,0,0,0,0,0
0,0,0,0,0,0,0.794482498,0.028939406,0,0,0,0.025145187,0,0,0,0.048606779,0,0,0,0,0,0,0,0.041894003,0,0,0,0.066409939,0,0.042258207,0.060739736,0.053703982,0,0,0,0,0,0,0,0,0,0,0,0,0.152136502,0,0.027815654,0,0,0,0,0,0,0.081547225,0,0.040807419,0.082783618,0,0.07567902,0,0,0,0,0,0,0,0,0,0,0,0,0,0,0,0,0,0,0,0,0,0,0,0,0.113463848,0,0.036083224,0,0,0,0,0,0,0,0,0.040283834,0,0,0,0,0.097576866,0,0,0,0,0,0.104672463,0.13273708,0,0,0,0,0,0.029101906,0,0,0.032327922,0,0,0,0,0,0.098954854,0,0,0,0,0.155620079,0,0,0,0.053863196,0,0,0,0,0.025622015,0,0,0,0,0,0,0,0,0,0,0,0,0,0.18314989,0,0,0,0,0.035932394,0,0,0.08737004,0,0,0,0,0,0,0,0,0.113287529,0,0,0,0,0,0,0,0,0,0,0,0,0,0,0,0,0,0,0,0,0,0,0,0,0,0.071287078,0,0.033967852,0,0,0,0,0,0,0,0,0,0,0,0,0,0,0,0,0,0,0,0,0,0.141600317,0,0,0.02730328,0,0,0,0,0.10685065,0,0,0,0,0,0,0,0,0,0,0,0,0,0,0,0,0,0,0.05369313,0,0,0,0,0,0,0,0,0,0,0,0,0,0,0,0,0,0,0.047865736,0,1,0.201536238,0.063944575,0,0,0,0
0.303812071,0,0.19171479,0.09044069,0,0.066094872,0.290650749,0.170757258,0.105066574,0,0,0.172798835,0,0.201536238,0,0.140876641,0.039027732,0.362362918,0,0,0.243735434,0.213353786,0.122358029,0.080428089,0.048479127,0.112737598,0.196155628,0.117689875,0.089576396,0.081027014,0.230846082,0.099123152,0,0,0.223670203,0,0,0.07735124,0.034143102,0,0.318537029,0.135249436,0,0,0.094922308,0,0.15994732,0.027236989,0,0.323068179,0.061859401,0,0.067513905,0.137965192,0.258389027,0.088877909,0.139540355,0,0.199323705,0.186767538,0.16327715,0,0.325928601,0,0.360161531,0,0.149577684,0,0,0,0,0,0.024278889,0,0,0,0.026671185,0,0.054188549,0.200446718,0,0.239429187,0.223414561,0.078276252,0.340721893,0.176672269,0,0,0.06168155,0,0,0.443990926,0,0,0.038722122,0,0,0,0,0.113227781,0.081491305,0,0,0,0.161226488,0.25178785,0.086989981,0.217258622,0.275012253,0.2704484,0,0,0.129572977,0.028455539,0,0.063561806,0,0.047842098,0,0.277209924,0,0.087872619,0,0,0.077211259,0,0.096266841,0,0.183570655,0,0.179003625,0,0.109597396,0.230279798,0,0.132493278,0,0,0,0.146462164,0,0.153162041,0.243735434,0.071958064,0,0.367722825,0.113955156,0,0,0.106135755,0.129920726,0.21229803,0,0.119065496,0.050610061,0.047464012,0,0.380072194,0,0,0.106192538,0,0,0.253811055,0,0,0.251722736,0,0.108040351,0,0,0.121104241,0,0.223144999,0,0,0,0,0.456381426,0.117985773,0,0,0,0.037020436,0.418031167,0,0.305273202,0.107340387,0.205307215,0.220185648,0,0.308287583,0.197031783,0,0.17867586,0,0,0,0,0,0,0.10177117,0,0,0,0,0,0,0,0,0,0.167657124,0.047674346,0,0,0,0.090711028,0,0,0.099353029,0.226042628,0,0,0.031945873,0.168042156,0,0,0,0,0,0.100813347,0.137041545,0.077803159,0.200646146,0,0,0.148497685,0,0,0.086208672,0,0.11425112,0,0.192401686,0.166591857,0.124425703,0,0,0,0,0.06511864,0.405672087,0.02382825,0,0,0,0,0.339313475,0,0.201536238,0.037390191,0,0.240127214,0,0.201536238,1,0.180839789,0.293922305,0,0.126681506,0.109597396
0.035564816,0,0.077374348,0.223455142,0,0.111927452,0.062904063,0.552936326,0.104105264,0,0.274205116,0.501216637,0.31368688,0.063944575,0,0.396871703,0.119480003,0.059333034,0,0.081507272,0,0.061610229,0.131540429,0.470583814,0.286969625,0.097811367,0.145081074,0.335240577,0.250963371,0.460692963,0.50731293,0.423929233,0.055421933,0,0.088506091,0,0.146256163,0.200051624,0.496781071,0.037863696,0.114049044,0,0,0.300339961,0.268710301,0.134814826,0.470120122,0.182580374,0.178176733,0.163212726,0.404217604,0.106157577,0.057406552,0.330353372,0,0.611980936,0.420809788,0.361625888,0.358490863,0.338174756,0.475635447,0,0.341297874,0.054498211,0.406555948,0,0.274479801,0.217531443,0,0,0.171811677,0,0.355417907,0.082574366,0.332970777,0.566168838,0.440085411,0.389242383,0.19835344,0.574714626,0,0.431253088,0.464638413,0.253907055,0.124679427,0.544358827,0.330753099,0.091021703,0,0,0.325200463,0.111237807,0.153669722,0.429720732,0.312150188,0,0.413461985,0.165432304,0.374520393,0.331404306,0.164405737,0.204883021,0,0.076126845,0.211084428,0.489844168,0.290179295,0,0.142263139,0.191700047,0,0.151805397,0.542746072,0.547155368,0,0.396097859,0.098964841,0.348107759,0.069254299,0.095057934,0,0.310581913,0.144816792,0.28421931,0.076277614,0,0.369137497,0,0.142903414,0.027428016,0.304702132,0,0,0,0.377388169,0.528135321,0,0,0,0.417086757,0,0.208176583,0,0.183780955,0,0.288634351,0.235931738,0.173409365,0,0.227407619,0.281151241,0.433291965,0,0,0.550994435,0.404720394,0.364498665,0.402456054,0,0,0.387663041,0.033600987,0.107209018,0.080417199,0,0,0.405603777,0,0,0,0.096208276,0.112534599,0.026423471,0.055098944,0.402400488,0.164359803,0,0,0.180730012,0.414731939,0,0.089696224,0.244993118,0.418543241,0.325621787,0,0.350668629,0.400308302,0.503786791,0,0,0.364077954,0.656319654,0,0.556446453,0,0,0,0,0.03401071,0,0.31579085,0,0,0.105279051,0.148497938,0.065122396,0,0.109075235,0.184827523,0.085960208,0.215301531,0,0,0.234781059,0,0.13675537,0.098761447,0,0.486528754,0.390052401,0.170805965,0.072003139,0.090752659,0.45979232,0,0.083885286,0.070165841,0.297575301,0.144681152,0,0.104934868,0.308959355,0.063854698,0.054228642,0.179475779,0.181907996,0.037824464,0,0.52435405,0.150613389,0.266151665,0,0.497903125,0.142146451,0.183557104,0.066291021,0.327708566,0.036733937,0,0.457624115,0.054406403,0,0,0.076778978,0.066291021,0.542387224,0.183842393,0.434610793,0.063944575,0.144160569,0.153530164,0.54080108,0,0.063944575,0.180839789,1,0.359753045,0.199116917,0.297565965,0
0.02465294,0,0.122899971,0.098863305,0,0.077670302,0,0.308619379,0.179356084,0,0.232049114,0.306724558,0.142749025,0.114584853,0.013771436,0.145524452,0.099958417,0.100576998,0,0,0,0.127156166,0,0.196347513,0.089682049,0.178210599,0.102983152,0.115368703,0.164856682,0.184050854,0.414750627,0.139163514,0.099660222,0.054758989,0.145374569,0,0.245893103,0.041100011,0.211208916,0,0.205653643,0,0,0,0.119922475,0.092574392,0.291807522,0.151336195,0.087518159,0.324935269,0.272696346,0.185535727,0,0.111206076,0,0.281906442,0.211871522,0.178626821,0.283913633,0.185083126,0.320298136,0,0.472984873,0,0.506877281,0,0.120324694,0.101038964,0,0,0.152053071,0,0.157948824,0,0.12577269,0.350916482,0.219255026,0.24428455,0.069180039,0.427336961,0,0.499786286,0.259275847,0.07164552,0.214678097,0.289051933,0.242154004,0.161318705,0,0,0.156626014,0.312233885,0.059970853,0.25172072,0.138991252,0,0.226398457,0,0.182275456,0.01469982,0.153291833,0.099407474,0,0,0.126118426,0.208686161,0.112373551,0,0.206627667,0.132445779,0,0,0.329037989,0.219704965,0,0.157606655,0.164624301,0.326264658,0,0.165421263,0,0.046118228,0,0.303509027,0.079108804,0,0.252615604,0,0.115944872,0,0.099124788,0.045137533,0,0.048068496,0.149794039,0.262488458,0,0,0,0.440531262,0,0.272419709,0,0.356041753,0.033005102,0.33779711,0.228247475,0.253794806,0,0.074377727,0.367337877,0.339839001,0,0,0.221300214,0.190321693,0.278927812,0.35903397,0,0,0.196226457,0,0.188771413,0.152754378,0.054758989,0.037977933,0.289514593,0,0,0,0.0608584,0.083176551,0,0.208733815,0.198384044,0,0,0,0.382959187,0.247695726,0,0,0,0.161720566,0.407755898,0,0.429108984,0.431559993,0.356957728,0.129551856,0,0.353706975,0.356613183,0,0.309579534,0.064557799,0,0,0,0,0,0.26436376,0,0.154431607,0.182868694,0.112125753,0,0,0,0.168613558,0,0.109387063,0.05896298,0,0.077139573,0,0,0.164062253,0,0.215478917,0.247151299,0,0,0,0.303016079,0,0,0,0.323762377,0,0,0.092565921,0.184665473,0.114296575,0.029355585,0,0.130875767,0,0,0.321115729,0,0.365711854,0,0.24144315,0.128904387,0.140326064,0,0.183306629,0,0,0.246630759,0.194835651,0,0.112511985,0,0,0.321743183,0.23434326,0.160946796,0.114584853,0.03435059,0,0.362350743,0,0,0.293922305,0.359753045,1,0,0.270032154,0
0,0,0,0,0,0,0,0.132173378,0,0,0.446634219,0.115638312,0.112198321,0,0,0.155413602,0,0,0.431394274,0.216543169,0,0,0.164261006,0.091679023,0,0,0,0,0.112582594,0.051830063,0.200775012,0.064562495,0,0,0,0,0.23203672,0.07579573,0.141770155,0,0,0,0,0.209778178,0,0.37827587,0.099884858,0.238440264,0.103113289,0,0.173288187,0,0,0.093524775,0,0.182458506,0.074195026,0.574637536,0.162410828,0.22484712,0.17743798,0,0.141146441,0,0.203514088,0,0.12540039,0.279959261,0,0,0,0,0,0.398832358,0.113569648,0.247258696,0.138803948,0.27653673,0.144290046,0.222838295,0,0.118659383,0.055461927,0.123609898,0.259284338,0.124527442,0.238787807,0,0,0,0,0,0,0.276524891,0.049581474,0,0.184373291,0,0.054770781,0,0,0.217156611,0,0,0.235461206,0.098637918,0.280720486,0,0,0,0,0,0.132876474,0.180582818,0,0.106390874,0,0.230045236,0.314220853,0,0,0,0.658055952,0.22436531,0.285141587,0,0,0,0.235709162,0,0.064736047,0,0,0,0.301790421,0.117728864,0,0,0,0.090473308,0,0.071375837,0,0.202025951,0,0,0.135461236,0.27588985,0,0,0.267181228,0.266094337,0,0,0.117491384,0.227881118,0.135875856,0,0,0,0.190123868,0,0,0,0,0,0,0,0,0,0,0,0,0,0.347597263,0,0,0,0,0.148889947,0,0,0,0.197186045,0,0,0.135927712,0.258944991,0.142267871,0,0,0.159648086,0.237282675,0,0.153740403,0,0,0,0,0,0,0.06091098,0,0,0,0.218439828,0,0,0.403735164,0,0,0,0,0,0,0,0,0,0,0.125071133,0.118266529,0,0.380051615,0,0,0,0.431394274,0.333902384,0,0,0,0,0,0,0,0,0,0,0,0.18544777,0.280505843,0.197817476,0,0.064550662,0,0.167757682,0.354393592,0.085360799,0,0,0.132766201,0,0,0,0,0,0.1889318,0,0.204193434,0,0,0.282042384,0.153242676,0,0,0,0.199116917,0,1,0.073879936,0
0,0.089129999,0.087949311,0.040152788,0,0.41944533,0,0.481402212,0.042797821,0,0,0.473830293,0.309695774,0,0,0.428590298,0.136924373,0,0,0.13942514,0,0,0.072360471,0.358347365,0.35184194,0.224832248,0.096767177,0.289127624,0.163130905,0.305420761,0.193919338,0.336595431,0,0,0.072119941,0.054183903,0.244780098,0.480851494,0.508606362,0,0,0,0,0.177526196,0.180457707,0,0.502326773,0.08894174,0.327810232,0.268586564,0.418759306,0,0.327762045,0.151295459,0,0.339432938,0.195783492,0.238046403,0.253284849,0.359908715,0.37224638,0.070483421,0.180763537,0,0.192901713,0,0.242082991,0.126981715,0,0,0.084196551,0,0.374021174,0,0.379097222,0.310092054,0.456748531,0.059041101,0.293295575,0.267297804,0.048105425,0.166676268,0.535396034,0.209474148,0.076162614,0.349558951,0.088986615,0.106017596,0,0,0.429933992,0.063020153,0.175657687,0.053542719,0.439952343,0.080548222,0.355768835,0.085526765,0.530911961,0.251462824,0.23225399,0.218884052,0,0.08245958,0.089585323,0.353776179,0.038156133,0,0.373496293,0.197613558,0,0.0775687,0.407932091,0.387562961,0.147568042,0.495995821,0,0.368591455,0.080285775,0.070034483,0,0.313947478,0,0,0,0,0.173660166,0,0,0,0.332531747,0,0,0,0.266920356,0.446199426,0,0,0,0.309732829,0,0.16429915,0,0.249660506,0,0.371578601,0.122967104,0,0,0.217418872,0.135717653,0.250561512,0,0.044950609,0.48109835,0.355058141,0.129872908,0.388397957,0,0,0.488902101,0,0,0.184559654,0.035464649,0,0.331082236,0,0.043283107,0,0.31687348,0.134395148,0,0.231409869,0.129647982,0,0,0.054183903,0.181594555,0.536072522,0,0.104420748,0,0.28358967,0.139698091,0,0.305397355,0.228594189,0.266551711,0,0,0.195474968,0.420689643,0.156395143,0.502075959,0,0,0,0,0,0,0.440212258,0.07924346,0,0,0.077775016,0,0,0,0.249651815,0.09939183,0.092055813,0.076448474,0.049411891,0.442467431,0,0.302556229,0.062304475,0,0.424051568,0.46608102,0.093686718,0.08400359,0.089973919,0.224701531,0,0,0.081513418,0.133580587,0,0,0.108940563,0.440977274,0,0,0.099183583,0.198943082,0,0,0.152399298,0.077893633,0.065794086,0,0.402526899,0.296573558,0.256381693,0,0.3043134,0,0,0.378939664,0.241491617,0,0,0,0,0.341004706,0.087025463,0.353298138,0,0.114633316,0,0.297703635,0,0,0.126681506,0.297565965,0.270032154,0.073879936,1,0
0,0,0,0,0,0,0.508532823,0,0,0,0,0,0,0,0,0,0,0,0,0,0,0,0,0,0,0,0,0,0,0,0,0,0,0,0,0,0,0,0,0,0,0,0,0,0,0,0,0,0,0,0,0,0,0,0,0,0,0,0,0,0,0,0,0,0.054677641,0,0.061452055,0,0,0,0,0,0.030244611,0,0,0,0,0,0,0,0,0,0,0,0,0,0,0,0,0,0,0,0,0,0,0,0,0,0,0,0.077292273,0,0,0,0,0,0,0,0,0,0,0,0,0,0,0,0,0,0,0,0,0,0,0,0.207160515,0,0,0,0,0,0,0,1,0,0,0,0,0,0,0,0,0,0,0.173229801,0,0.070426447,0,0,0,0,0,0,0,0,0,0,0,0.0461755,0,0,0,0,0,0,0,0,0,0,0,0,0,0,0,0,0,0,0,0,0,0,0,0,0,0,0,0,0,0,0.031388279,0,0,0,0,0,0,0,0,0,0,0,0,0,0,0,0,0,0,0,0,0,0,0,0,0,0,0,0,0,0,0,0.025530779,0,0,0,0,0,0,0,0,0,0.557097743,0,0.050357625,0,0,0,0,0,0,0,0,0,0,0.028143441,0,0,0,0,0,0,0,0,0,0,0,0,0,0.137553754,0,0,0,0,0,0,0,0.109597396,0,0,0,0,1
