1,0,0,0.044511365,0,0,0,0,0.029847401,0,0,0,0.061067734,0,0,0,0,0,0,0,0,0.056118454,0,0,0,0,0.069444741,0.0229952,0,0,0,0,0,0,0,0,0.035659431,0,0,0,0,0.074710928,0,0,0,0,0,0,0,0,0.052579429,0,0,0,0,0,0,0,0,0,0,0,0,0,0,0,0,0.023623801,0,0.053431424,0,0.066003481,0.042000963,0.050823454,0.113694956,0.053980497,0.03251252,0.035793976,0,0.032931944,0.034134884,0,0,0,0.081450955,0,0,0.044897885,0,0,0,0,0,0.040356068,0,0,0,0.160860797,0,0,0,0.024452611,0,0.056921279,0.190698017,0,0.057482499,0.044642034,0,0.047092266,0,0,0,0,0,0,0,0,0,0.104034851,0,0,0.050451592,0,0,0,0.044963785,0,0,0,0,0,0,0,0,0,0,0,0.020102715,0,0,0,0.040040984,0,0,0.075883445,0,0.03719709,0,0,0,0,0,0,0,0,0,0,0,0.047462456,0.045139299,0,0,0,0,0,0.041861858,0,0,0,0,0,0,0.058664084,0,0.072965999,0.072331636,0.086197713,0,0,0,0,0,0,0,0.053985383,0,0,0,0.060552083,0,0,0.035404408,0,0,0,0,0.060113756,0,0,0,0.073048007,0,0,0,0,0,0,0.028223445,0,0,0,0,0,0.066782347,0,0,0.095198599
0,1,0.120996752,0.329323744,0.127934959,0,0.128951677,0.231765617,0.515623077,0.160409991,0.209521913,0.08092429,0.37340095,0.423574778,0.217037487,0.204921726,0.113775091,0.196753346,0.21816538,0.08979147,0.32306612,0.239279896,0.1113026,0.371891019,0.56167924,0.466026632,0.390043564,0.288173325,0.444996571,0.137191677,0.393576196,0.058926438,0,0.283941973,0,0.382114268,0.274536741,0,0,0,0.018945687,0.300455561,0.19868163,0,0.304276792,0.263129726,0.301775625,0.135790412,0.102875479,0.245381601,0.31132554,0.59834958,0.329203332,0.519288351,0.220063434,0,0.128666432,0.119923799,0.1861339,0.472301378,0.112034656,0.228616959,0.316114209,0,0.202531439,0.084859093,0.234607409,0.267374182,0,0.388694225,0.128061887,0.270959194,0.426262758,0.441748943,0.29891734,0.386464677,0.581926838,0.274176346,0.515050113,0.484908087,0.463226814,0,0.329142198,0.127130711,0.4462371,0.384291814,0.683713029,0.206845852,0.154493337,0.32017599,0.366074524,0.322214543,0.541410816,0.353434746,0.245062595,0.533553581,0.311241065,0.357103489,0.293366955,0,0.508385136,0.321449913,0.415189712,0.422389663,0,0,0.556926021,0.356213635,0.242961393,0.0864767,0.571518758,0.623800734,0.05879442,0.116528937,0.136978321,0.375689297,0.559890072,0.231801196,0.317377281,0.312493309,0.392570905,0.305372146,0.411058489,0.410379208,0,0.096695618,0.353504516,0.501720197,0.187170263,0.326064532,0.448715932,0.521147716,0,0,0.120606711,0.098472721,0.204097566,0.150359898,0.443835782,0,0.420888852,0.326165926,0.60527169,0.125432187,0.56782009,0.219673676,0,0.255756233,0.102840595,0.19521154,0.569772948,0.152846647,0.095847732,0,0,0,0.54377057,0,0.063491417,0.385486052,0.493984903,0.18596034,0.134308059,0.094702287,0,0,0.534883063,0.215950162,0,0,0.631571344,0,0.356711929,0.383613898,0.06462942,0.428053639,0.45785699,0.39150305,0.260867582,0,0.499075122,0.194237311,0.440095449,0.372327581,0.443004114,0.476511944,0,0.092361447,0.612923127,0.420632811,0.090550721,0,0.495319129,0.189298109,0.131508392,0,0.359759814,0.506786981,0.481900992,0.550735271,0.632238893,0.395177442,0.53596171,0.338124943,0.264898061,0.3333171,0.392446437,0.45485905,0.546813463,0.478459555,0.637814682,0,0.071745882,0,0.341289107,0.196701004,0.246437505,0.214563785
0,0.120996752,1,0.124617226,0,0.198730206,0.409603765,0.293066119,0.086112657,0,0.391943939,0.183111094,0.108441075,0.343159772,0.468637419,0.680658763,0,0.587710192,0.088470281,0,0.21312835,0.300172759,0,0.344507804,0.182853461,0.100277678,0.128103085,0.122322505,0.129055282,0.506172065,0.09674199,0.09009327,0,0.247636802,0,0.238469346,0.084021089,0.38011307,0,0,0,0.067921265,0.10228104,0.38011307,0,0,0.137046748,0.487607202,0,0.155255257,0.049902922,0.136030231,0.355455829,0.10639029,0.177109231,0.181024164,0.473558182,0,0.427716903,0,0.280672868,0.401504155,0.234139417,0,0.176717014,0.206093488,0.511874856,0.102529529,0,0.146943833,0.098711501,0.139653731,0.118188012,0.12716923,0.126778801,0.097201909,0.103490011,0.14827496,0.224547946,0.094405939,0.097611634,0,0.045515163,0,0.139096929,0.106208952,0.144427419,0.179860613,0.346431217,0.224348489,0.070441609,0.311728046,0.088482419,0.113939743,0,0.185288463,0.333663382,0.239040233,0.06774743,0,0.22296097,0.192623458,0.280126486,0.101903586,0,0.103494464,0.102794673,0.101763899,0.075049303,0.106405055,0.091284291,0.128461644,0,0,0.503279836,0,0.152871955,0.293181195,0.097663043,0.170431916,0.133964914,0,0.139573812,0.128948052,0.0624427,0.301295664,0.122526556,0.180830679,0,0.251808949,0,0.06439725,0,0,0,0.206541691,0.351045094,0.077457189,0.184743224,0.30709102,0.240288375,0.341498449,0.074149099,0,0.243092197,0.15539693,0.366407918,0.087142504,0,0.231751224,0.076597953,0,0,0,0,0,0,0.353416172,0.378995866,0.132092203,0.139806127,0.373540733,0,0.281661885,0,0,0.077234496,0.067141141,0.219504292,0,0.078420422,0,0.142595209,0.104664337,0,0.126625692,0,0.24694131,0.351356159,0,0.163944645,0.235687447,0.046757354,0.345350684,0.105622377,0,0,0.260770033,0.161471131,0.142679683,0,0,0.066188251,0,0,0,0.166139743,0.10694639,0.159670551,0.09699003,0.095428035,0.126748163,0,0.175092794,0,0,0.173158805,0,0.07099206,0.087212886,0.082601946,0.273039142,0.053421737,0,0,0.294809101,0.318119281,0
0.044511365,0.329323744,0.124617226,1,0.104880124,0,0.164631198,0.298934181,0.670637008,0.132600067,0.139147268,0.196081486,0.665674376,0.108610685,0.08581361,0.13710327,0.183259164,0.156935265,0.4287078,0.057881461,0.274576554,0.261715837,0.259110628,0.070402646,0.380056731,0.29536377,0.67791239,0.56854256,0.591013962,0.088756593,0.636804888,0.448906745,0.067587443,0.384499389,0,0.266467906,0.480631616,0,0,0,0,0.577427806,0.081951366,0,0.153709919,0.269275117,0.439252877,0.088167973,0.397310224,0.226891041,0.675981224,0.489103811,0.136136539,0.612162832,0.282539666,0,0.145540119,0.238995782,0.085990801,0.32177359,0.507167437,0.13986476,0.40664657,0.048226647,0.256026346,0.130235965,0.235699985,0.626064439,0.062969756,0.758165919,0.347344204,0.090248344,0.70287998,0.592065051,0.133662984,0.677390996,0.557145036,0.416303549,0.258746431,0.706592658,0.729179452,0,0.658382394,0.208388194,0.399691904,0.735370728,0.361285515,0.456635632,0.187523349,0.114645984,0.612219067,0.090948028,0.55009624,0.711478116,0.226985265,0.334276033,0.187267812,0.303001678,0.598642849,0,0.292771838,0.703945757,0.604315435,0.532090389,0.114432613,0,0.487634601,0.144140777,0.191350846,0.497366281,0.474004778,0.407971369,0.173781828,0.31118654,0.088667244,0.381846886,0.360459408,0.28966473,0.277817632,0.362357804,0.672190884,0.354661406,0.770716689,0.223504637,0.153414395,0,0.14929202,0.441513518,0.157968716,0.452158624,0.342745447,0.652238758,0.149467286,0,0.238591803,0.398952297,0.160378441,0.565798925,0.666560915,0,0.435352546,0.165499383,0.499877625,0.224474248,0.361932479,0.066282688,0,0.418471733,0,0.05052979,0.549398361,0.458376275,0.382275903,0.063843759,0,0.011249267,0.518193279,0,0.185334834,0.717807712,0.615883837,0.148449471,0.088210883,0.042209027,0.078661745,0,0.60516325,0.230054623,0.02523274,0,0.53554822,0,0.549295794,0.684494399,0.123297404,0.571989523,0.427006021,0.231618835,0.477075559,0.063096609,0.352631173,0,0.644752148,0.070462128,0.780829657,0.56759178,0,0.077974073,0.222147146,0.498461317,0.058196013,0,0.66715383,0,0.167577322,0,0.389476122,0.422315771,0.405052284,0.663280446,0.537939222,0.552749139,0.444660183,0.076056212,0.203306745,0.136590955,0.44118359,0.497396627,0.60818804,0.683641923,0.519563537,0.046861838,0.078661724,0,0.490380129,0.081393131,0.26741336,0.406017955
0,0.127934959,0,0.104880124,1,0,0,0,0.160229241,0.23301779,0,0.338294104,0.073020442,0.195376631,0,0,0,0,0,0,0,0.227292824,0,0.141617212,0.140714632,0.181670974,0.10780907,0.105455691,0.177592016,0,0.12417846,0.301362509,0,0,0,0.155918799,0.155661212,0,0,0,0,0,0,0,0,0,0.144368689,0,0,0.287055949,0.057925121,0.11806391,0,0.187310198,0,0,0,0,0,0.096301228,0.11204881,0,0,0,0,0,0,0.108067167,0,0.123635227,0.438949957,0.489890582,0.052196696,0.178853788,0.090468876,0.124767692,0.136227801,0.156168658,0.068033399,0.109030126,0.106785744,0,0.1679618,0,0,0.089408478,0.039733718,0.18933992,0,0.291259851,0.090198217,0.441694208,0.03559342,0.095906883,0,0.337414326,0,0.117999457,0.125569555,0,0.110122684,0.111490469,0.085009336,0.062163621,0,0,0.1087278,0.416402981,0.150727531,0.197006342,0.096574783,0.126012877,0,0,0,0.130491156,0.237127796,0,0.162132046,0,0.059152465,0.137964561,0.117445347,0.196559063,0,0,0.319438567,0.239958872,0.382244579,0.100102874,0,0.182775735,0,0,0,0.264550101,0,0.08981687,0.140907885,0,0.036065932,0,0.115193653,0,0.094082201,0,0,0.212011785,0,0,0.08817248,0,0.246499078,0,0,0,0.102738257,0,0,0.052833586,0.095220731,0,0,0,0,0,0.05065756,0,0,0,0.090267121,0,0,0.134326821,0,0.077207392,0,0.072153736,0.193769094,0,0.045091375,0,0.054280233,0.234294563,0.088915358,0.063734305,0,0,0.267635264,0.053268647,0,0,0.116609921,0.263933383,0,0,0.091789684,0.070104653,0.104558249,0.141632479,0.109807498,0,0.096407402,0.124775699,0,0,0,0,0.125053548,0.145369829,0.183953661,0,0,0,0,0,0.240832217,0
0,0,0.198730206,0,0,1,0,0,0,0,0,0,0,0.071276176,0,0,0,0,0,0,0.093990268,0,0,0,0.033484399,0,0,0,0.036344521,0,0,0,0,0,0,0,0,0,0,0,0,0,0.174063332,0,0,0,0,0,0,0,0,0.038614629,0,0.029209878,0,0.670161916,0,0,0,0,0,0,0,0,0,0,0,0,0,0,0,0,0,0.022367797,0,0,0,0,0.070927825,0,0,0,0,0,0,0,0.036961707,0,0,0,0,0,0,0,0,0,0,0,0,0,0.070284494,0,0,0,0,0,0,0,0.107612204,0,0,0,0,0,0,0,0,0,0,0,0,0,0,0.049462841,0,0,0,0,0,0,0,0,0,0,0,0,0,0,0.026139787,0,0.033087837,0,0,0,0,0,0,0,0,0,0,0,0,0,0,0,0,0,0,0,0,0,0,0,0,0,0,0.092063652,0.354320373,0,0,0,0,0,0,0,0,0,0,0,0.042818857,0,0,0,0,0,0,0,0,0.040812804,0,0,0,0,0,0,0,0,0,0,0,0,0,0,0,0,0,0,0.018756185,0,0,0,0,0,0,0,0,0
0,0.128951677,0.409603765,0.164631198,0,0,1,0.344547489,0.11225575,0,0.489825459,0,0.221716723,0.186179903,0.539908562,0.4508368,0.307280754,0.391858289,0,0,0,0.194983658,0,0.227117158,0.183485071,0.115944331,0.169442315,0.079853661,0.197868551,0.682234796,0.101761167,0.174962407,0,0.547438002,0,0.271475818,0,0,0,0,0,0.128867146,0,0,0.331072733,0.260096782,0,0.648933764,0.234660968,0,0.092941924,0.108282904,0.434131917,0.161635806,0,0,0.513153657,0,0.547000081,0,0.20301646,0.504848438,0.265878399,0,0,0,0.357568887,0.081923205,0,0.195650007,0,0,0.155788328,0.125753761,0,0.197539139,0.1219057,0,0.185405441,0.123418997,0.127751194,0,0.084392467,0,0.289179427,0.139417177,0.200947967,0,0.420745418,0,0.133999698,0,0.178981745,0.149966848,0,0.204618303,0.402060035,0.525796499,0.095914622,0,0.355350036,0.175506668,0.134980646,0.207617782,0,0,0.20953369,0,0,0,0.184926004,0.152505048,0.381545028,0,0.67699105,0,0.165794025,0.344706557,0.141549366,0.360523493,0.177559161,0,0.185357003,0.126127171,0,0,0,0.199195515,0,0.160989331,0.171366727,0.128608524,0.472284285,0,0,0.230851143,0.427570585,0.148429452,0.145675974,0,0.181475961,0.413491528,0.148849245,0,0.154976106,0,0,0,0,0,0.153964935,0.153235786,0,0,0,0,0.074928297,0,0,0.174962411,0.166835247,0.461415839,0,0,0.456329643,0,0.155296859,0.214656913,0,0,0.157780733,0,0.297022471,0.110564297,0.549478356,0.261462633,0.125088555,0.304463564,0.163732359,0,0.229749898,0,0.086805114,0.227737347,0.138619026,0.095277069,0,0.434119305,0.339867804,0.219970457,0,0,0.132310271,0,0,0,0.136547483,0.218484478,0.33574204,0.126910405,0.100308357,0.261732986,0,0,0.288502829,0,0.366850383,0.119886671,0.106346625,0.113733057,0.08623358,0,0.456328953,0,0.116198581,0,0.207876723,0.160608314
0,0.231765617,0.293066119,0.298934181,0,0,0.344547489,1,0.208911044,0,0.331965744,0,0.392196119,0.157679849,0.354235475,0.313586477,0,0.283868457,0.1293639,0,0.195171412,0.163949197,0.186119426,0.18608704,0.258246976,0.091968847,0.30698452,0.155840579,0.265594256,0.410410219,0.351690693,0.28199261,0,0.406343458,0,0.418306847,0.226270643,0,0,0,0,0.225684777,0.280516015,0,0,0.181928215,0.21063068,0.39812011,0.359303921,0.207723597,0.25446195,0.372086065,0.30541226,0.293903869,0.450521523,0,0.342518595,0.278394242,0.35727444,0.27115429,0.470643256,0.33879838,0.818518081,0,0.189096542,0,0.788131359,0.22666727,0,0.350214811,0.143145789,0,0.284043428,0.181823147,0.139818594,0.353290955,0.225833036,0.226970745,0.157123992,0.228472709,0.23600858,0,0.232946986,0.617537691,0.13071545,0.25614911,0.19109082,0.272239084,0.546130345,0,0.353097948,0,0.322841012,0.27417329,0.298033411,0.345223642,0.584818959,0.21531446,0.261861165,0,0.156093433,0.323402193,0.354358235,0.289003231,0,0,0.372698814,0,0.410308216,0.401399496,0.260102556,0.217748249,0,0.502299342,0.408506765,0.182145586,0.288802237,0.76688951,0.109668202,0.288887055,0.320485242,0,0.33336046,0,0.267865473,0,0,0.337557106,0,0.413408562,0.436642215,0.237496256,0.281390659,0,0.302993175,0.36717024,0.588274958,0.244957447,0.266863791,0,0.255655608,0.596683856,0.27227228,0.597146916,0.39998645,0,0,0.234215813,0,0,0.210896256,0.251797197,0.167349106,0,0,0,0.208715388,0,0,0.316177091,0.302626628,0.318668431,0.370511788,0,0,0,0.283212229,0.155955054,0,0,0.287409197,0,0.508101738,0.296472476,0,0.232938414,0.33232457,0.136707301,0.285703506,0,0.215644578,0,0.239054094,0.186503183,0.254778192,0.260277772,0,0,0.303922169,0.19965286,0,0,0.24390588,0,0.674125223,0,0.252699508,0.198437586,0.441601178,0.234548437,0.347115281,0.355574018,0.385590167,0,0,0.179694123,0.293167536,0.320039552,0.198471978,0.211511691,0.302172258,0,0,0,0.311257604,0.274081576,0.172969715,0.122317303
0.029847401,0.515623077,0.086112657,0.670637008,0.160229241,0,0.11225575,0.208911044,1,0.092475656,0.057747984,0.18820116,0.573647692,0.259481543,0.097263983,0.057165149,0.117075907,0.08458506,0.2781426,0,0.231249918,0.295439283,0.223196839,0.240118544,0.563297237,0.437151488,0.654257627,0.58980049,0.57317273,0.059734126,0.620860777,0.385578561,0.045322915,0.238109022,0,0.259298729,0.402862998,0,0.005623626,0,0,0.44256796,0.118853427,0,0.196783985,0.217296025,0.42705915,0.059466936,0.266787695,0.214788793,0.593866762,0.613851671,0.094766989,0.718608759,0.199722213,0.016836281,0.099284486,0.149813596,0.083270522,0.436954832,0.374267399,0.057951292,0.2897106,0.032299392,0.185734944,0.169743391,0.164304506,0.597094761,0.042390863,0.628087229,0.260122274,0.289215315,0.657117051,0.760460391,0.224448093,0.623561797,0.730040317,0.419208179,0.36068758,0.793928541,0.782522189,0,0.65851791,0.143177946,0.416725617,0.745457501,0.513439296,0.37790786,0.129369665,0.308211279,0.445171216,0.20783231,0.610312187,0.663713781,0.156921841,0.346719434,0.161321779,0.246294472,0.598566359,0,0.374839011,0.595737565,0.487133321,0.610683365,0.142145767,0,0.557527387,0.343800466,0.247287337,0.36806642,0.623861887,0.630064865,0.120086598,0.217717042,0.059693643,0.364953873,0.459170427,0.212944204,0.342485321,0.331131176,0.665253951,0.262104492,0.625339153,0.449338126,0.105139069,0.043134817,0.306780412,0.369895284,0.199704827,0.405745823,0.401370804,0.767452978,0.102028751,0,0.176404557,0.309643231,0.148339035,0.403197417,0.661889871,0.01813919,0.502825932,0.164202402,0.695468855,0.154664794,0.453194435,0.196940046,0,0.398397258,0.044316056,0.12623201,0.64825333,0.369559712,0.300649753,0.042785164,0,0,0.666665378,0,0.125330623,0.666562063,0.669248353,0.112470787,0.067899466,0.071527788,0.094546046,0,0.682678886,0.287428339,0.017106243,0,0.683266899,0,0.432184614,0.568826446,0.083525804,0.471278196,0.492395794,0.368693059,0.371219828,0.054659385,0.458355932,0.073448561,0.572830671,0.247776243,0.706633039,0.617736873,0,0.095723055,0.387923457,0.539574097,0,0,0.761556126,0.068612248,0.114322982,0,0.47631154,0.576144935,0.41969805,0.787994213,0.586796586,0.493768192,0.428469302,0.19390071,0.2183049,0.210532964,0.3351289,0.455498095,0.785639359,0.796390104,0.637359319,0.050312169,0.086380279,0.008341668,0.506658272,0.118289569,0.27807832,0.347451456
0,0.160409991,0,0.132600067,0.23301779,0,0,0,0.092475656,1,0.2616049,0.182030833,0.073774828,0.111582602,0.291139719,0.244195575,0.062641047,0.216901609,0.11043907,0.354648437,0.141609548,0.12128829,0,0,0.080552535,0.076494606,0.113285526,0.11079329,0.12971412,0,0.13957012,0,0,0.163465792,0,0.161676402,0.08262188,0,0,0.140011699,0,0.084536608,0.214207786,0,0,0.161300982,0.086955775,0,0,0.153866315,0,0.068858754,0.479744641,0.108249549,0,0,0,0,0,0.098988903,0,0.268183792,0,0,0.168542605,0,0,0.113558905,0,0.140138225,0.128537004,0.138167195,0.164439231,0.090679408,0.120252116,0.066072493,0.122148579,0.082894349,0,0.113248182,0.117112215,0,0.152810551,0,0.091063856,0.114170039,0.06448215,0.200166685,0,0,0.179057397,0.176060222,0.057706484,0.072517462,0,0.24852184,0,0.157687702,0.141148199,0,0,0.058983276,0.086033515,0.098232775,0,0,0.079730992,0.100263422,0.207104077,0.104889392,0.081159836,0.050827915,0,0,0,0.2640809,0.102971158,0,0.092340384,0.050194756,0.144204069,0.20129966,0.1218407,0,0.047654681,0.097656831,0,0.245761515,0.206363325,0.201708407,0,0.14749031,0,0,0,0.141563694,0.240061373,0,0.15189804,0,0.058479087,0.233361522,0.04830636,0,0.09667665,0,0,0.170306503,0,0.031438804,0.066639785,0.044634881,0.131726211,0,0,0,0.154539386,0,0,0.018923824,0.053932057,0,0.097668264,0,0,0,0.150972897,0,0.134805434,0,0.110856344,0,0.095974227,0.094092059,0,0.119990617,0.082194637,0,0.204916758,0,0,0,0.058018724,0,0.158623026,0,0,0,0,0.142550277,0.366795773,0,0.06363243,0,0,0,0.184739114,0,0.107605981,0.127023934,0.1262685,0,0.195519241,0,0,0,0.113656525,0.078957707,0.106923098,0.13085686,0.16527805,0,0,0,0,0.208469952,0.146104125,0
0,0.209521913,0.391943939,0.139147268,0,0,0.489825459,0.331965744,0.057747984,0.2616049,1,0,0.113356094,0.30064076,0.509640628,0.707812352,0.088769221,0.619042692,0.11691496,0.431377992,0,0.190889369,0,0.221581342,0.094011711,0.079546421,0.086885432,0,0.166926641,0.634609371,0.100634674,0,0,0.452915614,0,0.263603884,0,0,0,0,0,0.088279537,0.10018599,0,0,0.175498665,0,0.605696895,0,0,0,0.107008299,0.682781109,0.082918977,0,0,0.53022352,0,0.515954667,0,0.198581712,0.808061671,0.258323215,0,0.184105216,0,0.34403685,0,0,0.165075648,0,0,0.131738949,0.064642421,0.127970176,0.101132445,0.126504381,0,0.181699699,0.128063803,0.108201216,0,0,0,0.24271061,0.071610633,0.169495117,0,0.402133621,0,0.091740786,0,0.15115405,0.098452249,0,0.329759425,0.385031184,0.435531359,0,0,0.180322962,0.115053046,0.133005767,0.135857435,0.084477618,0,0.176651584,0,0,0,0.10341975,0.078275241,0,0,0.630069746,0,0.162824499,0.332113404,0.096824573,0.182895425,0.091005865,0,0.156481856,0.037204415,0,0,0,0.194924371,0,0.15818797,0,0.114976094,0,0,0,0.225134095,0.408363847,0.04366972,0.123258021,0,0.170273351,0.395502236,0.147230485,0,0.15237842,0,0,0,0,0,0.130210441,0,0,0,0,0,0.051653173,0,0,0.114699779,0.164853446,0.439127308,0,0,0,0,0.131326993,0,0,0,0.133408778,0,0.151216886,0.109235746,0,0.219788993,0.085728718,0.198149651,0.160835581,0,0.150152832,0,0.059757598,0.222171626,0.117333829,0,0,0,0.172615657,0.185341646,0.449484356,0,0.067987522,0,0,0,0,0.111723868,0.170559535,0.125685948,0.163489894,0.170748358,0.10131931,0,0,0,0.30656638,0.082213402,0.09018136,0.112719721,0.148589272,0,0,0,0,0,0.203229525,0
0,0.08092429,0.183111094,0.196081486,0.338294104,0,0,0,0.18820116,0.182030833,0,1,0.067128275,0.212845228,0,0.19460029,0,0.17791018,0,0,0.234138464,0.515529739,0,0.248722315,0.17572656,0.242839503,0.245289815,0.278816244,0.060779701,0,0.262710376,0.091711753,0,0,0,0,0.408412579,0.261071425,0,0,0.136635598,0,0,0.261071425,0.177176422,0.149538087,0.381256818,0,0,0.443937647,0.144195281,0.080189354,0,0.161266795,0.14607483,0,0,0,0,0,0.196562382,0,0,0,0.300779399,0.497607893,0.167386632,0.289932108,0,0.228609082,0.208926447,0.468878823,0.182963244,0.217142115,0.227002583,0.230550314,0.160617779,0.368676003,0.097545315,0.132955252,0.114737807,0,0.237003777,0,0.173682307,0.168700156,0.067201551,0.341826413,0,0.387351397,0.081375237,0.443895894,0.060667243,0.20631106,0,0.226541301,0,0.146793335,0.328092918,0,0,0.256001626,0.22720046,0.212235907,0,0,0.069708272,0.436763601,0,0.354137323,0.108383732,0.162545372,0,0,0,0.112797921,0.089103613,0,0.263259924,0,0.159765447,0.22715161,0.162101237,0.238983398,0,0.456526235,0.350264322,0.106087181,0.484262824,0.263207541,0.108616108,0.201685033,0,0,0,0.2267197,0,0.080251625,0.178018746,0.2244197,0.143509167,0,0.097291202,0,0.183308702,0.387547866,0.254532464,0.42214931,0.275221077,0.536547311,0.100312123,0.088532447,0.213331481,0,0,0,0.102434713,0.248194474,0.157231934,0.182468814,0.136502027,0,0,0.434289986,0,0,0.101095474,0,0,0,0.054190265,0,0,0.183581599,0,0.145293742,0.083758623,0.18589744,0.374618569,0,0.06738859,0.379026941,0.05063303,0.249242646,0.167819124,0.125288265,0,0.409752736,0.104792477,0.064900072,0,0,0.187906051,0,0,0,0.333692543,0.173196409,0,0.162327558,0.123160563,0.075327511,0,0.298494769,0,0.147838127,0,0,0.147634784,0.180063865,0.174607094,0.021457871,0,0,0.109785933,0.168919365,0.60240985,0.143867579
0.061067734,0.37340095,0.108441075,0.665674376,0.073020442,0,0.221716723,0.392196119,0.573647692,0.073774828,0.113356094,0.067128275,1,0.155088647,0.115842912,0.111131957,0.218438128,0.107156361,0.307765102,0,0.293491728,0.274534583,0.315494581,0.168514714,0.469037189,0.294425649,0.594629891,0.522004238,0.643734124,0.121271136,0.53779541,0.340933654,0,0.434325253,0,0.343394366,0.456320308,0,0,0,0,0.591289235,0.108137431,0,0.294305475,0.238357554,0.390025588,0.120174923,0.477609619,0.233800771,0.65839424,0.480618158,0.110087765,0.611225145,0.292395878,0,0.195906459,0.235705645,0.135249649,0.517448971,0.297731051,0.114142134,0.523177498,0,0.220657275,0.09669593,0.31004557,0.501152928,0.086011453,0.588582294,0.179106936,0.138864322,0.653232987,0.501194051,0.188249222,0.738728053,0.568423639,0.30801053,0.346507133,0.595743075,0.610180334,0,0.483852247,0.218848889,0.425782227,0.657649684,0.459514171,0.357923645,0.249385379,0.071869898,0.597740081,0.153205726,0.63570517,0.691965964,0.219682247,0.300743873,0.248309225,0.328585293,0.547499609,0,0.55230904,0.607688981,0.4874929,0.612599803,0.167431911,0,0.583811639,0.119256064,0.245836257,0.388434837,0.492273215,0.435643837,0.178014567,0.275370158,0.121104395,0.37002403,0.372531262,0.380047273,0.251049507,0.440932064,0.578059599,0.275341008,0.694006263,0.29894999,0.172813584,0,0.111878986,0.398522322,0.23602063,0.50953328,0.557314147,0.545354831,0.201052715,0,0.235155466,0.424131793,0.213505762,0.444981955,0.60715731,0,0.457677462,0.21984846,0.521436119,0.21623219,0.480512403,0.082460515,0,0.316154256,0,0.095537328,0.499322022,0.433578963,0.472917791,0.087650429,0,0,0.540370284,0,0.082769607,0.700813607,0.65710832,0.164943785,0.11930893,0,0.159536865,0,0.628783169,0.356519857,0,0,0.573122078,0,0.61788676,0.676127634,0.109909529,0.589753864,0.458335406,0.359897123,0.343994309,0.111059279,0.406400839,0,0.61355862,0.168695588,0.612090376,0.651151063,0,0.104362362,0.307972056,0.541794907,0,0,0.594193492,0,0.225558865,0,0.374856814,0.587128049,0.442586397,0.613956378,0.510404707,0.690977956,0.469981158,0.185027519,0.353038934,0.261097454,0.591592724,0.555757984,0.596605885,0.581260647,0.533284267,0,0.105597893,0,0.622433293,0.107167564,0.282068786,0.513180658
0,0.423574778,0.343159772,0.108610685,0.195376631,0.071276176,0.186179903,0.157679849,0.259481543,0.111582602,0.30064076,0.212845228,0.155088647,1,0.188972601,0.413661468,0,0.39061251,0.073031948,0.134092029,0.132106808,0.472809098,0,0.772031222,0.486234493,0.544841213,0.210270686,0.045846205,0.347282737,0.203857889,0.075377614,0.13154429,0,0.236491403,0,0.232604794,0.207044942,0.145742861,0,0,0,0.143639999,0.080135302,0.145742861,0.259155028,0.238516035,0.244273092,0.230983705,0.060070974,0.093706581,0.065704138,0.306799709,0.286930467,0.218522988,0.136677389,0.068860517,0.185585879,0,0.189834,0.158398014,0.119541212,0.304010297,0.138874908,0,0.303190009,0.227116475,0.271398909,0.082247504,0,0.141991498,0.097803922,0.596133181,0.246208818,0.187197429,0.630602509,0.142577651,0.396402054,0.298960971,0.216928745,0.266481857,0.2473796,0,0.045371813,0,0.453581452,0.162283838,0.320616486,0.071375919,0.171929394,0.558766411,0.075461045,0.476894808,0.294449045,0.161287999,0,0.487866219,0.168725178,0.404861622,0.052655659,0,0.357121013,0.117168729,0.15602002,0.147888568,0.097892768,0,0.418111114,0.592499966,0.183085822,0.073374822,0.257349716,0.429577697,0,0,0.203387155,0,0.227303515,0.157713155,0.564659496,0.264814039,0.094163985,0,0.182709033,0.505507233,0,0.273239129,0.546844274,0.224499926,0.258275276,0.17536859,0.182588754,0.239078334,0,0,0,0.148034611,0.173058224,0,0.244976838,0.133565436,0.241919672,0.170705671,0.439068231,0,0.311906056,0.46200661,0.143682248,0.131340821,0.154196152,0.390860421,0.394994665,0.036583727,0.054763775,0,0,0,0.303553566,0.141640478,0.106484237,0.130153426,0.41740513,0.205184141,0,0.265114703,0,0,0.335521991,0.041855043,0.092228334,0.066386499,0.371337662,0,0.100577075,0.175185546,0,0.288440961,0.350235937,0.578106011,0.177280103,0,0.188312155,0.243446529,0.108135835,0.767549491,0.173647714,0.255496348,0,0.255764973,0.55189772,0.314100267,0.135792374,0,0.240998786,0.272874295,0,0,0.360878216,0.392657489,0.206602263,0.340646774,0.433400162,0.188085309,0.30412249,0.408000247,0.199389189,0.303231532,0.290919101,0.187886084,0.337519954,0.292112639,0.351542097,0,0,0,0.116059395,0.11171918,0.462023464,0.176642605
0,0.217037487,0.468637419,0.08581361,0,0,0.539908562,0.354235475,0.097263983,0.291139719,0.509640628,0,0.115842912,0.188972601,1,0.467569176,0,0.447682612,0,0,0.159000638,0.198048887,0,0.231286745,0.159449518,0,0.147160718,0.066698861,0.103280531,0.721295444,0.170900699,0,0,0.289943008,0,0.462201674,0,0,0,0,0,0,0.256675055,0,0,0,0,0.684175755,0,0,0,0.181948454,0.749015711,0.140335425,0,0,0.534943166,0,0.571828291,0.107183955,0.206341604,0.525923859,0.27161061,0,0,0,0.368014082,0.058970152,0,0.102113141,0,0,0.135225816,0.109020086,0,0.103107182,0.105667279,0,0.188174781,0.106985684,0.110760866,0,0.060760457,0,0.151514853,0.120933609,0.104901263,0.107685589,0.435282699,0,0,0,0.093349225,0.078122455,0,0.207996563,0.415314442,0.278227745,0.069124477,0,0.186698571,0.091523606,0.136442532,0.180601443,0,0,0.109422213,0,0.17759714,0,0.160711285,0.132357923,0,0,0.715436636,0.1459462,0.279873466,0.354403616,0,0.189457548,0.154262018,0,0.096699809,0,0,0,0,0.337163672,0,0.271657775,0,0.111508125,0,0,0,0.23516026,0.737297625,0,0.126395328,0,0.094659875,0.712195992,0.077536677,0,0.26138452,0,0,0.090498536,0,0,0.080218446,0,0,0,0,0,0.053902708,0,0,0.09123773,0.086970397,0.478957968,0,0,0,0,0.134796476,0,0,0,0.13696653,0,0.259333325,0.111543224,0,0.136834974,0,0.159624405,0.294084988,0,0.120080103,0,0,0.231929947,0.120237308,0,0,0,0.17844909,0.191444741,0,0,0.114735216,0,0,0,0.098752806,0.114138822,0.293612736,0.110028076,0.168441225,0.136978,0.107313721,0,0,0,0.192833263,0,0.092121548,0.098550006,0.144643485,0,0,0,0,0.28838128,0.211364349,0
0,0.204921726,0.680658763,0.13710327,0,0,0.4508368,0.313586477,0.057165149,0.244195575,0.707812352,0.19460029,0.111131957,0.413661468,0.467569176,1,0,0.824511409,0.113304879,0.38600016,0.152076601,0.312549877,0,0.360910985,0.156518512,0.180827156,0.085572748,0.071685372,0.163993651,0.570669901,0.098877866,0,0,0.431954549,0,0.251881249,0.086360657,0.433206288,0,0,0,0.086205608,0,0.433206288,0,0.167488225,0.079919979,0.547182206,0,0.16343665,0,0.105024105,0.636237629,0.081722585,0.187835544,0,0.520862585,0,0.47287835,0,0.191855192,0.726777387,0.247055508,0,0.362703966,0.220763231,0.548944752,0.059405419,0,0.162206784,0,0.146238583,0.129905372,0.108173829,0.255839679,0.099358368,0.14508448,0.086650743,0.176051985,0.103399265,0.10696123,0,0,0,0.236559035,0.070716553,0.16647199,0.105738457,0.375475498,0.119115322,0.089503102,0.187960356,0.14874514,0.075951199,0,0.318506297,0.360523247,0.416114017,0.069260325,0,0.174759199,0.149885393,0.219949526,0.104276253,0,0.120436066,0.173370252,0.105216193,0,0.110185277,0.093183609,0.130676263,0,0,0.566996316,0,0.158274531,0.313718236,0.195173745,0.177174303,0.089566756,0,0.153901586,0.090262088,0.068233814,0.333714669,0.105872848,0.188439293,0,0.260461489,0,0.107665601,0,0,0,0.216527489,0.380901505,0,0.172775897,0.34083901,0.214122536,0.369687855,0.124244175,0,0.251146483,0.163593656,0.415494351,0.089661739,0,0.250466824,0.128418875,0,0,0,0,0,0.050936169,0.398867499,0.206695665,0.088290008,0.152741155,0.407531517,0,0.309796151,0,0,0.129504786,0,0.081792773,0,0.131528755,0,0.147284687,0.107168886,0,0.21473236,0.08377158,0.25525704,0.264700493,0,0.115025739,0.25507079,0.058800031,0.361836149,0.115877099,0,0,0.284708095,0.167510606,0.181732833,0.400433836,0,0.067181116,0,0,0,0.09741871,0.109562711,0.165573621,0.106270278,0.160675413,0.130439754,0.098596898,0.18556903,0,0,0.296817124,0.080411793,0.08931835,0.095419125,0.1386739,0,0,0,0,0.281315181,0.332054986,0
0,0.113775091,0,0.183259164,0,0,0.307280754,0,0.117075907,0.062641047,0.088769221,0,0.218438128,0,0,0,1,0.059459699,0.187498618,0,0.187707165,0,0,0,0.204119382,0.212274717,0.177438454,0.197609449,0.178516554,0,0.099128184,0.145003663,0,0.418940533,0,0.210608045,0,0,0,0.097989516,0,0.266292841,0.147803258,0,0.495436342,0.198981742,0,0,0.448932275,0,0.211427995,0.145473566,0,0.16522239,0.223866031,0,0,0,0,0.136295681,0,0,0.207248269,0,0,0,0,0.202279095,0.084321835,0.202131515,0.056970227,0,0.164305324,0.155940113,0,0.223755412,0.143705205,0,0.188586677,0.177683923,0.179692035,0,0.183697188,0,0.249248257,0.14830923,0.20128035,0,0,0,0.317300332,0,0.214840486,0.199395244,0.28304407,0,0,0.406195317,0.179334537,0,0.327935874,0.183211919,0.14392773,0.287576811,0.180577964,0,0.220576657,0,0.044057276,0,0.186761011,0.156634875,0.34177844,0,0,0.175461419,0.141267408,0,0.121277727,0.38407919,0.180004311,0.184460488,0.16830646,0.261364883,0,0.07517185,0.010293832,0.164612334,0,0,0.29666632,0.120294679,0.303192667,0,0,0,0,0.346373084,0.135035835,0.076317844,0.22685239,0,0.157558788,0,0.162143239,0,0,0,0,0,0.204016479,0.347272072,0.224302308,0,0,0,0.189672216,0,0,0.245165922,0.174945245,0,0.075178624,0,0.296536837,0,0.215288891,0.356454256,0.098823582,0,0.145331341,0,0.299351144,0.176867391,0.333247587,0.261312128,0.108989444,0.162600639,0,0.080023469,0.286707616,0,0.216941728,0,0.170726312,0.228021663,0,0.286995247,0.137329952,0.224460414,0,0.125277788,0.163500764,0,0,0,0.117587244,0.22430701,0.282939329,0.1492072,0.091014322,0.261547275,0.136434337,0.221648198,0.447920203,0.212628291,0.304624641,0.289365514,0.111933806,0.122649026,0.079350096,0,0.296536546,0,0.212684041,0.056267569,0,0.323148464
0,0.196753346,0.587710192,0.156935265,0,0,0.391858289,0.283868457,0.08458506,0.216901609,0.619042692,0.17791018,0.107156361,0.39061251,0.447682612,0.824511409,0.059459699,1,0.142936141,0.321959621,0.141689041,0.332170827,0,0.336925613,0.15183104,0.154870783,0.083195999,0.082743419,0.186725585,0.479346878,0.095718215,0,0,0.397195478,0,0.232343614,0.082908963,0.358365857,0,0,0,0.11958209,0,0.358365857,0,0.154181177,0.076955095,0.462665183,0,0.15150014,0.027318253,0.101466505,0.563591926,0.079552186,0.172239139,0,0.389236075,0,0.408404275,0,0.180306562,0.633500473,0.228231362,0,0.332652707,0.262092443,0.495313143,0.057751537,0.103621014,0.205450349,0,0.179442639,0.126574192,0.119502379,0.24051374,0.124129857,0.172990036,0.083176287,0.238492375,0.119147553,0.123164969,0,0,0,0.225740348,0.069085554,0.182261696,0.100609974,0.333651967,0.112646851,0.085557074,0.172344078,0.144393857,0.074073007,0,0.299199731,0.321792601,0.383762084,0.06702253,0,0.165125363,0.170590524,0.210803888,0.100768293,0.056970017,0,0.167487471,0.10013703,0,0.104627704,0.090372226,0.127392639,0,0,0.476752295,0,0.150331149,0.283976422,0.186125853,0.167279894,0.131136507,0,0.149248108,0.086498278,0.106059519,0.287468069,0.100731637,0.177286285,0,0.247734035,0,0.105367291,0,0,0,0.201930592,0.337929625,0,0.168620116,0.476320884,0.246332112,0.329074004,0.121193601,0,0.23929239,0.15163504,0.346158876,0.0859468,0,0.223482661,0.12516254,0.032411897,0,0,0,0,0.049633403,0.334540629,0.187966174,0.110697904,0.135093046,0.358725946,0,0.26954146,0,0,0.148460024,0,0,0,0.128114892,0,0.140382057,0.103467058,0,0.205780218,0.116345395,0.243021189,0.267458538,0,0.158879152,0.2271408,0.057070782,0.337731757,0.11321917,0,0,0.250347688,0.158639089,0.198376695,0.331939353,0,0.084812168,0,0,0,0.093048843,0.105696644,0.156900775,0.117739063,0.155610024,0.124996565,0.093829633,0.170331474,0,0,0.279980956,0.077212363,0.087730832,0.110126384,0.134884397,0,0,0,0.033663034,0.300807685,0.311643244,0
0,0.21816538,0.088470281,0.4287078,0,0,0,0.1293639,0.2781426,0.11043907,0.11691496,0,0.307765102,0.073031948,0,0.113304879,0.187498618,0.142936141,1,0.132444002,0.285829568,0.082293427,0.394169649,0,0.190380753,0.284682031,0.366260567,0.242185529,0.418617771,0,0.339892029,0.359973857,0.155542953,0.454403961,0,0.229176628,0.273143665,0,0,0,0,0.527147502,0,0,0.159574551,0.329776007,0.157804658,0,0.340816961,0,0.300940708,0.31909963,0.111638455,0.322982723,0.255161491,0.058237766,0,0.361965635,0,0.327729227,0.292725556,0.118210951,0.350609287,0,0.3867655,0,0,0.295767273,0.043648155,0.350167388,0.36563462,0,0.349180681,0.257814426,0.174633852,0.229293462,0.304162477,0.165327457,0.13769993,0.318175424,0.322211519,0,0.373012244,0,0.162619302,0.333718937,0.207070304,0.178044419,0.14093493,0.073324683,0.550078919,0.076202669,0.298027566,0.311643673,0.295450159,0.20450049,0,0.230762024,0.361567948,0,0.192216829,0.291302895,0.338727165,0.078689132,0.032453817,0,0.195275691,0.03206859,0.087165038,0.323511176,0.15202892,0.155739748,0.081788544,0.226874337,0,0.303466472,0.184719016,0.110933569,0.194626073,0.227326924,0.291014327,0.310544505,0.510984995,0.157781147,0.147346482,0,0.058822772,0.33865552,0,0.124859356,0.205430519,0.350486511,0.183848628,0,0.237811689,0.090666593,0,0.432236289,0.377079681,0.041400587,0.198910748,0,0.279600753,0.129258302,0.1654128,0,0,0.110868362,0,0,0.342682001,0.381782226,0.209773357,0.147298752,0.023661417,0,0.318156195,0,0.231748405,0.20633842,0.367799262,0.085746762,0,0,0.070782149,0,0.200381688,0.346173911,0,0,0.450389626,0,0.391309892,0.332355323,0.093536059,0.185052632,0.232334696,0.031909648,0.259315577,0,0.114295222,0,0.476109449,0,0.462074038,0.276451489,0,0,0.05291596,0.25732059,0.13410255,0,0.264276299,0.071845031,0,0,0.112808566,0.139179107,0.289455506,0.339834476,0.34832303,0.157866967,0.42087236,0.14506255,0.149728321,0.257173127,0.364358483,0.287057215,0.299039858,0.338453844,0.397756039,0.106941939,0,0,0.255105384,0.03469406,0.085443366,0.273738783
0,0.08979147,0,0.057881461,0,0,0,0,0,0.354648437,0.431377992,0,0,0.134092029,0,0.38600016,0,0.321959621,0.132444002,1,0.054798975,0,0,0,0.020452219,0.086442293,0,0,0.07025103,0,0,0,0,0.216774812,0.355865634,0,0,0,0,0,0.245875051,0.09685428,0,0,0,0.212984176,0,0,0,0,0,0,0.367321043,0,0,0,0,0,0,0.035511334,0,0.591305364,0,0,0.225794182,0,0,0,0,0.06941781,0.047778576,0,0.054630967,0,0.146811486,0,0.0423302,0,0,0.042874441,0.04443511,0,0,0,0.105519743,0,0.071409383,0,0,0,0.101036507,0,0.063192473,0,0,0.149020512,0,0.206729335,0,0,0,0,0,0,0,0,0.074650168,0,0.062105247,0,0,0.016845321,0,0,0,0,0,0,0.107237546,0,0,0,0.065566311,0,0,0,0,0,0,0,0,0.044744427,0,0,0,0,0,0,0.050934354,0.169436619,0.064120138,0,0.05209201,0,0,0,0,0,0,0,0.053962805,0,0,0,0,0,0.054475042,0,0,0,0.058694257,0,0,0,0,0,0.054450804,0,0,0,0.055361876,0,0,0,0,0.09460894,0.093792458,0,0,0,0,0,0.063567096,0,0.048367532,0,0,0,0,0.078611964,0.818392907,0,0,0,0,0.386719793,0,0,0,0.044131911,0.06870502,0,0.112778702,0,0,0,0.137098361,0.089600899,0.03676205,0.051821307,0.058594093,0,0,0,0,0,0,0
0,0.32306612,0.21312835,0.274576554,0,0.093990268,0,0.195171412,0.231249918,0.141609548,0,0.234138464,0.293491728,0.132106808,0.159000638,0.152076601,0.187707165,0.141689041,0.285829568,0.054798975,1,0.175903188,0.305574369,0.102767852,0.357503514,0.163932037,0.283208062,0.413208091,0.294933342,0,0.418736679,0,0,0.171805638,0.05921763,0.384121342,0.352389048,0.189851868,0,0,0.055114882,0.272213165,0.402014425,0.189851868,0.195648669,0,0.383798935,0,0.159778447,0.362547315,0.215928706,0.309876931,0.143533354,0.339134999,0.510215198,0.089834539,0,0.443689443,0,0.500350575,0.085448691,0.047321849,0.332926221,0,0.120551164,0.13353568,0.334123691,0.37548828,0,0.217089382,0.108807472,0.102071687,0.307357963,0.312921956,0.095018897,0.271513554,0.284098053,0.289714871,0.245474039,0.21988795,0.226573573,0,0.353893351,0.224498947,0.111753734,0.314570762,0.261462011,0.490056025,0,0.238746917,0.280328412,0.12078511,0.154620005,0.211890934,0.465908431,0.141539166,0.328969846,0.167653612,0.432580664,0,0.197822523,0.335861966,0.470790296,0.284913537,0,0,0.17567797,0.152126045,0.463444334,0.425701909,0.303614104,0.239477134,0,0.193423471,0,0.38633742,0.389602869,0.195221329,0.077665342,0.130954278,0.337078452,0.412997319,0.302814505,0.208363757,0,0.167912936,0.219643097,0.453302044,0,0.492991166,0.333783317,0.293465142,0,0,0.20492406,0,0.142447963,0.183615835,0.391863408,0.219750941,0.294041517,0.355100238,0.145899435,0.219255968,0.522423832,0.209000305,0.18637012,0.488907357,0,0.272744571,0.174318484,0.187911232,0.143443373,0,0,0,0.225785142,0.182949354,0.2327576,0.245901044,0.191800172,0,0.24789208,0.161633809,0,0,0.182465661,0.199700642,0.080245848,0,0.320814842,0,0.369898218,0.339432423,0,0.103615543,0.10450156,0.079785614,0.499067368,0,0.271775898,0.263802113,0.199244496,0.10295104,0.313028402,0.220307765,0,0.154529297,0.197854418,0.179815533,0,0,0.266864731,0,0.238519951,0.060014409,0.397471065,0.090143006,0.481990414,0.290105817,0.363468395,0.208921752,0.386829676,0.294066299,0.181051102,0.168648109,0.132546229,0.200851486,0.274304081,0.284771817,0.335679488,0,0.128913772,0,0.196066683,0.467281358,0.183733005,0.123831995
0.056118454,0.239279896,0.300172759,0.261715837,0.227292824,0,0.194983658,0.163949197,0.295439283,0.12128829,0.190889369,0.515529739,0.274534583,0.472809098,0.198048887,0.312549877,0,0.332170827,0.082293427,0,0.175903188,1,0.106358105,0.613803004,0.373914281,0.290014004,0.316479413,0.272302052,0.296566735,0.214460473,0.223165216,0.175928582,0,0.254267622,0,0.145334848,0.551113947,0.153581347,0,0,0,0.152947187,0.027983002,0.153581347,0.269610995,0.108582609,0.5064271,0.211055857,0.099075529,0.276807566,0.1668569,0.208700308,0.181800325,0.256806575,0.104968756,0,0.194332226,0,0.198995226,0.168050023,0.274746832,0.193129033,0.245761073,0,0.323736038,0.27213105,0.28238001,0.272613736,0,0.239002816,0.160514245,0.628950741,0.24068175,0.257636104,0.427885646,0.29217835,0.270419161,0.539970387,0.141682054,0.233458448,0.240222841,0,0.20423314,0,0.323429616,0.297620413,0.204584926,0.325959288,0.220644303,0.523213146,0.136453252,0.453059644,0.305586445,0.298058941,0,0.298214095,0.175923663,0.258734398,0.274137139,0,0.300554494,0.291809447,0.281718683,0.249291261,0,0,0.28712532,0.588129323,0,0.33532862,0.183624415,0.323506134,0,0.115516858,0.213939562,0.176664976,0.108357937,0.280424105,0.362854778,0.220292845,0.183726486,0.209826226,0.330532174,0.37488508,0,0.286529968,0.526210294,0.203813651,0.481857675,0.317556086,0.18771792,0.296169165,0,0,0.121373878,0.397946339,0.180639492,0.064523988,0.305802262,0.184054972,0.1379753,0.178077831,0.230564068,0,0.251671716,0.619174382,0.15129486,0.394011548,0.162449451,0.516887944,0.271548147,0,0.253154805,0.157165611,0,0,0.207271975,0.198493811,0.157048186,0.218886421,0.264264014,0.240617834,0,0.277608849,0,0,0.249724711,0,0,0,0.252891786,0,0.10309162,0.367689157,0,0.235794762,0.206155137,0.407377892,0.386799877,0,0.125568675,0.253941386,0.158368465,0.591335265,0.262742051,0.22385855,0,0.267374108,0.295099885,0.175461834,0,0,0.309431508,0,0,0,0.417411615,0.324347212,0.111730011,0.309910781,0.264697593,0.245307503,0.093292911,0.348232126,0.137650439,0.291286005,0.306606576,0.166744224,0.25112371,0.302358975,0.309541239,0,0,0,0.17523062,0.116267952,0.82772207,0.177232867
0,0.1113026,0,0.259110628,0,0,0,0.186119426,0.223196839,0,0,0,0.315494581,0,0,0,0,0,0.394169649,0,0.305574369,0.106358105,1,0,0.111710167,0.086434032,0.145818336,0.221868274,0.275013445,0,0.229023661,0.276152026,0,0.303057094,0,0.122113504,0.235937809,0,0,0,0,0.296023208,0,0,0,0.161474107,0.20588856,0,0.278810904,0.102627379,0.230154676,0.260197064,0,0.203097521,0,0,0,0.285385683,0,0.245255757,0.215016602,0,0.289767682,0,0.310356554,0,0,0.223977579,0,0.103991998,0.27683915,0,0.181175762,0.175230959,0.127414596,0.172434307,0.160007459,0.062009225,0.081292984,0.182237379,0.175784841,0,0.218566255,0,0,0.28166806,0.074474739,0.155250969,0.27905036,0.148168456,0.290777855,0,0.178456394,0.223478312,0,0,0.139852986,0,0.337820263,0,0.101682705,0.223973027,0.13432865,0,0,0,0.076928977,0,0.118817671,0.27044331,0.065158171,0.04995867,0,0.157890249,0,0.149808867,0.103100522,0.159617852,0.101888159,0.119940646,0.158237803,0.192588453,0.229844264,0.099393817,0.225759773,0,0.107745006,0.097261444,0,0.156275285,0.268977213,0.250241233,0.235291456,0,0.284721009,0.181899939,0,0.225136678,0.252351092,0,0.085986061,0.054753069,0.115223532,0,0.195300532,0,0,0.221930675,0,0,0.196290714,0.183825827,0.249446671,0.247556416,0,0,0.165400354,0,0.122363575,0.192577472,0.202892074,0,0,0,0,0,0.14473723,0.170888653,0,0,0.291392751,0,0.279147433,0.227391971,0,0.054384867,0.092078054,0,0.158399723,0,0.056683118,0.141919403,0.240846694,0,0.268729066,0.19223858,0,0,0.078036727,0.099062154,0,0,0.251312986,0,0,0,0.076321662,0.06835294,0.164788094,0.220500363,0.249364024,0.133969245,0.221386714,0,0,0.159711698,0.225793414,0.088884868,0.203207259,0.22451355,0.252213529,0,0.157225575,0,0.160833478,0,0.111679207,0.209356251
0,0.371891019,0.344507804,0.070402646,0.141617212,0,0.227117158,0.18608704,0.240118544,0,0.221581342,0.248722315,0.168514714,0.772031222,0.231286745,0.360910985,0,0.336925613,0,0,0.102767852,0.613803004,0,1,0.452736571,0.464966157,0.215121106,0.077823526,0.254650328,0.253984841,0.081311369,0.107075851,0,0.166672165,0,0.26919153,0.280421306,0.183036037,0,0,0,0.091187911,0,0.183036037,0.306626842,0.121599282,0.337783621,0.286715943,0.069099843,0.107832819,0.070795293,0.261993301,0.20942763,0.17622541,0.117940635,0,0.226233807,0,0.232578416,0.175897416,0.135186638,0.224604814,0.160446948,0,0.242934404,0.268432917,0.321274392,0.117451506,0,0.081011626,0.090152749,0.562388674,0.218670517,0.151287361,0.600457697,0.153846233,0.321296169,0.381274865,0.171420416,0.200907928,0.206969302,0,0.048623261,0,0.397714838,0.171907376,0.245688697,0.105601467,0.253667684,0.610703958,0,0.506019917,0.295024521,0.151754585,0,0.396614592,0.201667281,0.282511335,0.075703798,0,0.321411291,0.125585678,0.171308416,0.160048077,0.088062865,0,0.429005631,0.557203289,0.159538652,0.108896905,0.223719522,0.398714813,0,0,0.25325456,0,0.19485767,0.18613343,0.539614922,0.29756066,0.100992825,0,0.146177429,0.495563279,0,0.335334571,0.586149119,0.221163775,0.305396032,0.194921653,0.204943758,0.179788295,0,0,0,0.146988192,0.20788867,0,0.194071033,0.164231324,0.155604308,0.204503115,0.358661008,0,0.345743407,0.589413806,0.179797664,0.204753191,0.193426746,0.467308769,0.368958855,0.040725885,0.062169399,0,0,0,0.304657109,0.235225948,0.125108426,0.139479456,0.343221954,0.248007639,0,0.323180024,0,0,0.293566377,0,0.035874688,0,0.297473076,0,0.111426964,0.163645475,0,0.226472011,0.31910416,0.551021722,0.197286059,0,0.123934007,0.291547177,0.066995819,0.891032136,0.136097621,0.275690797,0,0.309392736,0.520947126,0.198426313,0,0,0.247313567,0.266876482,0,0,0.367186238,0.426262672,0.201456595,0.247402274,0.351815622,0.206569384,0.236079238,0.390938605,0.233252985,0.411911903,0.243585044,0.178558042,0.2336866,0.247855632,0.273760597,0,0,0,0.162090254,0.132397373,0.579433542,0.160746613
0,0.56167924,0.182853461,0.380056731,0.140714632,0.033484399,0.183485071,0.258246976,0.563297237,0.080552535,0.094011711,0.17572656,0.469037189,0.486234493,0.159449518,0.156518512,0.204119382,0.15183104,0.190380753,0.020452219,0.357503514,0.373914281,0.111710167,0.452736571,1,0.603464339,0.467162571,0.455579951,0.528841096,0.099391721,0.390565169,0.268784715,0,0.300984425,0.021038106,0.400354573,0.444549157,0.069898561,0,0.022359779,0.020496065,0.310619836,0.232774863,0.069898561,0.311994094,0.186618885,0.45170641,0.098654175,0.32161219,0.236862265,0.465203459,0.594353657,0.152847308,0.597039699,0.305880355,0.032941515,0.0948392,0.147040908,0.111696597,0.506583404,0.143993872,0.113865014,0.379296038,0.009255726,0.178152828,0.182201538,0.321432219,0.457281459,0,0.345299483,0.134908728,0.361065292,0.482522322,0.527794769,0.410374375,0.459648087,0.649018494,0.439710808,0.362425993,0.544039266,0.551758325,0,0.4749587,0.182111745,0.443892855,0.463032898,0.482554323,0.365290397,0.09113973,0.381004735,0.349265372,0.305479888,0.573691219,0.431930233,0.183610061,0.412583612,0.18247559,0.33996249,0.441573402,0,0.476604497,0.327156422,0.423774581,0.450675967,0.021607215,0,0.622164701,0.51064624,0.432833623,0.226160671,0.557502321,0.821693731,0.133787329,0.232074294,0.099279691,0.33691546,0.494017989,0.320040259,0.502174174,0.34499234,0.423847531,0.14040574,0.418247696,0.65491441,0,0.158483579,0.486002624,0.366586233,0.141777428,0.390234791,0.39403465,0.554740413,0.088148706,0,0.154008498,0.205536641,0.238958421,0.264943819,0.522938645,0.086723424,0.491226042,0.244071735,0.632660113,0.180296173,0.591549044,0.380564049,0.069421069,0.369307834,0.07412864,0.208880376,0.594814882,0.296747109,0.234097644,0.071605583,0,0,0.579414291,0.068940911,0.05939615,0.413411332,0.608412798,0.092913733,0.119364164,0.135481803,0.087577212,0,0.61069232,0.175074514,0.031558725,0,0.599178701,0,0.36918621,0.364357962,0.090522272,0.390366155,0.463203136,0.478210067,0.284551411,0,0.477439642,0.129587545,0.409899762,0.491344328,0.42768451,0.579540872,0,0.219722922,0.517673577,0.444661435,0,0,0.614559005,0.13958073,0.186734264,0.021137807,0.54183556,0.62729671,0.518064822,0.608254213,0.587868389,0.496683815,0.481207588,0.40425048,0.319218097,0.332621055,0.424976659,0.446629622,0.650622216,0.575087866,0.656291211,0,0.087577186,0,0.483151469,0.248867139,0.300101503,0.359878177
0,0.466026632,0.100277678,0.29536377,0.181670974,0,0.115944331,0.091968847,0.437151488,0.076494606,0.079546421,0.242839503,0.294425649,0.544841213,0,0.180827156,0.212274717,0.154870783,0.284682031,0.086442293,0.163932037,0.290014004,0.086434032,0.464966157,0.603464339,1,0.376544655,0.194315401,0.436659718,0,0.186975016,0.3170214,0,0.354583911,0,0.170067158,0.193963282,0.093395614,0,0,0,0.322513114,0,0.093395614,0.399210539,0.524636821,0.262567175,0,0.389408261,0.068883093,0.376396203,0.37375503,0.077068099,0.372943817,0.178886563,0,0.108591821,0,0,0.205645401,0.139479325,0.080144236,0.186097729,0,0.431106058,0.232926554,0.077815172,0.265667818,0.093699639,0.329754858,0.2228581,0.430788377,0.401139595,0.27191683,0.636412712,0.35034249,0.569140111,0.344236613,0.235682298,0.452796106,0.436841132,0,0.249234389,0,0.58211996,0.307532926,0.345556493,0.056003368,0.097669714,0.470537262,0.298819121,0.385625085,0.500626453,0.356206052,0.117663924,0.307229845,0,0.390619272,0.291022173,0,0.327853959,0.26607535,0.161783223,0.304837609,0,0.022879002,0.603466043,0.638802083,0.066141435,0.125665291,0.322516416,0.586899542,0.312789534,0,0,0.093764461,0.314612184,0.021231809,0.827617949,0.405035309,0.254712697,0.096274392,0.303183629,0.699156796,0.207023316,0.18102541,0.576621844,0.193316941,0.260759973,0.056236181,0.400012194,0.399402652,0.21791732,0,0.021833039,0.068048064,0,0.280903622,0.309891914,0.08824016,0.289324396,0,0.654915977,0,0.286633093,0.430666317,0.092545091,0.165700372,0.098974755,0.269553852,0.616636586,0.281077942,0.229527446,0,0,0,0.548600479,0.091693739,0.075546945,0.292760941,0.541088714,0.058756808,0,0.177423225,0.114380641,0,0.51305321,0.311526878,0.020994705,0.041898064,0.457371829,0,0.275844705,0.223833192,0.181769097,0.306018887,0.564415288,0.589272029,0.07237168,0.09398079,0.263190609,0.167449026,0.407541159,0.512758282,0.307054853,0.549105735,0.024847584,0.286118732,0.496798043,0.358396741,0.087145739,0,0.45352611,0.182734451,0,0,0.35859087,0.547318144,0.218953415,0.476345589,0.454448885,0.351232078,0.367363523,0.509781587,0.480574435,0.53500564,0.488625125,0.465633689,0.511878972,0.417783729,0.503374644,0,0.114380598,0,0.487629178,0.096682291,0.211950157,0.530232994
0.069444741,0.390043564,0.128103085,0.67791239,0.10780907,0,0.169442315,0.30698452,0.654257627,0.113285526,0.086885432,0.245289815,0.594629891,0.210270686,0.147160718,0.085572748,0.177438454,0.083195999,0.366260567,0,0.283208062,0.316479413,0.145818336,0.215121106,0.467162571,0.376544655,1,0.551707209,0.501554531,0.091460876,0.621982016,0.372225396,0.069670245,0.28986973,0,0.275277054,0.484293814,0,0,0,0.034177171,0.513384055,0.162011036,0,0.229900817,0.196160721,0.477700062,0.090835967,0.276400877,0.260129265,0.57609782,0.563796883,0.141518955,0.590349288,0.289854086,0,0.087591754,0.209831912,0.088526763,0.354326455,0.455382849,0.08734648,0.363212363,0,0.102053384,0.091954127,0.24210212,0.633388038,0,0.695385452,0.331852633,0.215495701,0.704710361,0.568381674,0.229401409,0.611168804,0.591237084,0.486268433,0.233902696,0.635281886,0.650288322,0,0.61854645,0.168515855,0.343720764,0.708494161,0.388373541,0.48421741,0.154348685,0.249497021,0.546701794,0.162054689,0.51625195,0.67363899,0.233325046,0.369628588,0.192486095,0.261383822,0.617553341,0,0.311023478,0.675233271,0.494445033,0.545900795,0.098795187,0,0.455016796,0.309128308,0.198181877,0.483244256,0.533933944,0.46412461,0.142437544,0.219239456,0.091366002,0.349786869,0.41248457,0.255515132,0.304473626,0.34721946,0.630349975,0.321156222,0.682106565,0.293464462,0.071464832,0,0.283526562,0.387181209,0.176428268,0.434447667,0.423461623,0.55907257,0.153819653,0,0.202339955,0.282911521,0.221300924,0.498292792,0.621335847,0.012154596,0.378568327,0.226157228,0.571191983,0.230814265,0.372489451,0.213133171,0.012563637,0.409876771,0,0.125982267,0.534737229,0.45798609,0.290950763,0,0,0,0.531324379,0,0.102041919,0.621019909,0.590602783,0.168606212,0.090821514,0.043440658,0.176329018,0,0.524235,0.264010686,0.024922244,0,0.581513208,0,0.561444915,0.552796768,0.126976846,0.52581367,0.430160895,0.298857709,0.458051266,0,0.315202206,0.021407935,0.585282126,0.215307226,0.678170996,0.510147722,0,0.080210714,0.333585792,0.551351571,0,0.026324091,0.62527371,0.080318655,0.172466446,0,0.508352182,0.474137916,0.415696831,0.590476501,0.577352825,0.464383227,0.504176607,0.146517254,0.22238321,0.247658756,0.37083429,0.450059843,0.604192706,0.65563005,0.542907719,0.048296284,0.080938565,0,0.458247382,0.138069272,0.291452018,0.3646338
0.0229952,0.288173325,0.122322505,0.56854256,0.105455691,0,0.079853661,0.155840579,0.58980049,0.11079329,0,0.278816244,0.522004238,0.045846205,0.066698861,0.071685372,0.197609449,0.082743419,0.242185529,0,0.413208091,0.272302052,0.221868274,0.077823526,0.455579951,0.194315401,0.551707209,1,0.403941867,0,0.632385616,0.286677754,0,0.199742288,0,0.259077793,0.569023747,0.062693344,0,0,0.033357847,0.342047075,0.171931005,0.062693344,0.154529744,0.069958732,0.603225669,0,0.262410535,0.430704764,0.582655188,0.347398102,0.055315706,0.604774251,0.279362947,0,0.014061576,0.179717071,0,0.436201261,0.246515175,0,0.273192828,0.048519154,0.106716279,0.187580581,0.212420529,0.807212469,0.019371954,0.510694372,0.192387652,0.157457625,0.533927311,0.691050721,0.062802013,0.533580368,0.484711828,0.448075137,0.261695934,0.516717714,0.532802208,0,0.690878658,0.209555039,0.233501435,0.664075984,0.398070819,0.636110209,0.041011631,0.219944967,0.47378949,0.144147031,0.391509057,0.561382562,0.166464241,0.17159222,0.152638947,0.144619578,0.687558996,0,0.307066969,0.62658563,0.513655889,0.552699984,0.114737924,0.01519474,0.327087227,0.203833661,0.292984552,0.495916711,0.503311158,0.44555428,0.076509097,0.253449424,0,0.394410212,0.352197409,0.212054346,0.139805597,0.159336987,0.642553431,0.3263951,0.55328569,0.329607777,0.013857214,0.060100273,0.229100423,0.296089936,0.102317447,0.530115138,0.341056844,0.6137151,0.079574832,0,0.139851821,0.284497083,0.133590872,0.413010128,0.69015926,0.079243553,0.589319414,0.138915551,0.323248627,0.163275013,0.435105208,0.147123764,0.062308949,0.620658874,0,0.107512651,0.367902837,0.41878908,0.328475252,0.06423026,0,0,0.478362682,0.082472541,0.167352542,0.576516202,0.443373766,0.039981074,0.08872323,0.10172688,0.139035218,0,0.421492813,0.284899298,0.014339979,0,0.44745285,0,0.360237988,0.443765026,0.081504066,0.330997858,0.223032635,0.144629074,0.482902959,0,0.439878966,0.103331881,0.49106283,0.080671675,0.611475491,0.433514074,0,0.136706544,0.163330167,0.318642251,0,0,0.560703226,0,0.168537148,0,0.487643154,0.423404459,0.386220005,0.589964027,0.430692669,0.409482678,0.365579784,0.128987946,0.149580491,0.07534018,0.230734315,0.383867144,0.532740183,0.612086605,0.469854736,0.047143131,0.127026993,0,0.442462088,0.276183476,0.281010367,0.287307164
0,0.444996571,0.129055282,0.591013962,0.177592016,0.036344521,0.197868551,0.265594256,0.57317273,0.12971412,0.166926641,0.060779701,0.643734124,0.347282737,0.103280531,0.163993651,0.178516554,0.186725585,0.418617771,0.07025103,0.294933342,0.296566735,0.275013445,0.254650328,0.528841096,0.436659718,0.501554531,0.403941867,1,0.107573467,0.524229044,0.413945268,0.082109153,0.451213109,0,0.313157767,0.474708029,0,0,0,0,0.566960233,0.170700298,0,0.265273191,0.273197592,0.369195662,0.106710024,0.354859386,0.250743379,0.473490015,0.560729811,0.192463328,0.647606169,0.247800883,0.035705818,0.174871522,0.283719705,0.117648488,0.439439928,0.286203461,0.167960274,0.394090316,0,0.257685864,0,0.190301422,0.448592772,0.076306203,0.510505354,0.328086041,0.267602388,0.607364607,0.507189791,0.268354495,0.58440528,0.591771843,0.340299861,0.237817723,0.56205364,0.564592416,0,0.536017181,0.101739456,0.438136636,0.593969561,0.461495421,0.329074012,0.179113349,0.19548155,0.562866443,0.197382766,0.570168067,0.567704638,0.270460545,0.47672899,0.196009568,0.354911205,0.48455501,0,0.537194776,0.521150706,0.488953032,0.414327308,0,0,0.532270207,0.23262453,0.264919385,0.344057009,0.403926168,0.464657488,0.159817676,0.230569524,0.107442246,0.399259953,0.414632142,0.272432529,0.397522766,0.398375488,0.513106659,0.338214478,0.667829805,0.367102351,0.18379742,0,0.226125983,0.522530011,0.212784458,0.371561222,0.352328832,0.659623863,0.17951737,0,0.255328942,0.284023221,0.098338119,0.423597272,0.639736406,0,0.395904316,0.197324662,0.56121585,0.174798259,0.384840316,0.161622328,0,0.243272581,0,0.085806283,0.599030792,0.335513504,0.316161351,0.077593405,0,0,0.554590637,0,0.102122572,0.488783991,0.657997437,0.100025567,0.106284858,0,0.134097402,0,0.551270611,0.337124933,0.034086918,0,0.674495034,0,0.528707431,0.508267873,0.097794329,0.386731318,0.474177304,0.366707198,0.360329952,0.076492558,0.360051644,0.02948718,0.594383498,0.295481149,0.59304372,0.567664541,0,0.093378109,0.369353084,0.500841472,0.070714928,0,0.589314638,0.107164306,0.104523944,0,0.352901194,0.502914271,0.479773659,0.650809894,0.651872847,0.484146061,0.513727719,0.211782219,0.319520213,0.237192558,0.575125331,0.539197147,0.632010803,0.656093269,0.641984717,0,0.112382135,0,0.496941366,0.138572951,0.258639104,0.452650926
0,0.137191677,0.506172065,0.088756593,0,0,0.682234796,0.410410219,0.059734126,0,0.634609371,0,0.121271136,0.203857889,0.721295444,0.570669901,0,0.479346878,0,0,0,0.214460473,0,0.253984841,0.099391721,0,0.091460876,0,0.107573467,1,0.106824364,0,0,0.326524299,0,0.310771498,0,0,0,0,0,0,0,0,0,0,0,0.930043703,0,0,0,0.114034225,0.54416548,0.08707621,0,0,0.674325652,0,0.73400838,0,0.224218367,0.660056652,0.303458193,0,0,0,0.429020146,0,0,0.106307609,0,0,0.083803105,0.067141378,0,0.107385421,0.06502463,0,0.20292974,0.065856584,0.068241728,0,0,0,0.160936818,0.074690218,0.109332882,0,0.523296338,0,0,0,0.096842289,0.080554066,0,0.226173866,0.494701812,0.311741746,0,0,0.201214007,0.094878924,0.144036213,0.113153089,0,0,0.114252839,0,0,0,0.100208689,0.081969502,0,0,0.988774079,0,0.179668387,0.410635933,0,0.204422357,0.096038136,0,0.100453168,0,0,0,0,0.219566814,0,0.174039541,0,0.068714352,0,0,0,0.258663633,0.533895962,0,0.078165329,0,0.098253604,0.512122396,0.079931401,0,0.167033122,0,0,0,0,0,0.082784429,0,0,0,0,0,0,0,0,0.094571739,0.089994657,0.587726588,0,0,0,0,0.083528444,0,0,0,0.084917269,0,0.16563845,0.116567235,0,0.144473623,0,0.17011687,0.177249741,0,0.125922701,0,0,0.254760695,0.074247835,0,0,0,0.191664704,0.120262488,0,0,0.070757343,0,0,0,0,0.119404889,0.189133062,0.067778419,0.105224523,0.144633073,0,0,0,0,0.208357952,0,0.056506973,0.060542406,0.089842097,0,0,0,0,0,0.230161654,0
0,0.393576196,0.09674199,0.636804888,0.12417846,0,0.101761167,0.351690693,0.620860777,0.13957012,0.100634674,0.262710376,0.53779541,0.075377614,0.170900699,0.098877866,0.099128184,0.095718215,0.339892029,0,0.418736679,0.223165216,0.229023661,0.081311369,0.390565169,0.186975016,0.621982016,0.632385616,0.524229044,0.106824364,1,0.237491569,0.081529734,0.248225787,0,0.367828264,0.500200817,0,0,0,0.039977261,0.339607087,0.209004927,0,0.094075467,0.114501426,0.503857959,0.105972857,0.234521151,0.40926108,0.458561867,0.573006637,0.163338623,0.721710966,0.330204868,0,0.101583449,0.28197435,0.116859759,0.392404146,0.409947166,0.101253705,0.412210136,0,0.116249397,0.147790711,0.277707993,0.685324724,0,0.575717385,0.270737995,0.104180046,0.650683932,0.648657526,0.064461513,0.587461673,0.563071195,0.393806684,0.338310737,0.563481208,0.546018639,0,0.721199219,0.194717248,0.224106616,0.670057539,0.365823287,0.573668153,0.222311293,0.133801441,0.478497515,0.059752273,0.384234508,0.595530367,0.268757875,0.333426589,0.249125579,0.173521749,0.713179102,0,0.248683472,0.604147997,0.712430169,0.572222283,0.083997074,0,0.328200372,0.134349362,0.31721084,0.560010519,0.549514641,0.411860213,0.047008743,0.251027956,0.106694963,0.409951477,0.557277221,0.275023765,0.136152878,0.294520242,0.65011814,0.436804089,0.6166628,0.108915293,0.082684088,0,0.132947524,0.530385694,0.119849827,0.65328873,0.343059943,0.674836886,0.083929327,0,0.16831436,0.328184017,0.255303682,0.458259791,0.640990429,0,0.458982804,0.260637854,0.433890552,0.266319731,0.528900143,0.089981457,0,0.545766154,0,0.059811881,0.401041776,0.412646835,0.296937091,0,0,0,0.449707981,0,0.183877404,0.617474633,0.492967193,0.194954121,0.105569383,0.050379689,0.047885523,0,0.448662647,0.268342769,0,0,0.544603262,0,0.472115689,0.554444287,0.050666129,0.39859756,0.270659071,0.112501086,0.55121889,0,0.394346742,0.054655925,0.488559884,0.081390722,0.656453756,0.424171792,0,0,0.226274379,0.377632758,0,0,0.585348568,0,0.200011143,0,0.37439892,0.408275369,0.483482587,0.627103956,0.658093369,0.37521729,0.522779055,0.088836152,0.090564422,0.159159012,0.277149124,0.333129846,0.590544975,0.601781998,0.603639263,0,0.056784906,0,0.402582386,0.200221068,0.257905716,0.289210517
0,0.058926438,0.09009327,0.448906745,0.301362509,0,0.174962407,0.28199261,0.385578561,0,0,0.091711753,0.340933654,0.13154429,0,0,0.145003663,0,0.359973857,0,0,0.175928582,0.276152026,0.107075851,0.268784715,0.3170214,0.372225396,0.286677754,0.413945268,0,0.237491569,1,0.159058694,0.356854117,0,0.226651376,0.324752118,0,0,0,0,0.352925182,0,0,0.150093606,0.354132479,0.227272261,0,0.56052328,0.083237222,0.449976065,0.347741688,0,0.346924333,0.250275071,0,0.132933863,0.123587952,0,0.238930433,0.662098094,0,0.347397313,0,0.330554135,0,0.15299814,0.399511318,0.145866239,0.458326626,0.549183478,0.224961612,0.32010865,0.313495007,0.158670593,0.305829881,0.239778756,0.308918221,0,0.398218965,0.382845019,0,0.441917274,0.168775051,0.162985002,0.414516051,0.082110363,0.258654738,0.143549355,0.256691916,0.488654845,0.174139267,0.316273693,0.391839104,0.128698256,0.23019558,0,0.202015294,0.392260154,0,0.260354037,0.451325073,0.206063142,0.25203118,0,0.013228311,0.323023371,0.224783214,0.222097193,0.37835269,0.263622752,0.232990688,0.281375294,0.3800094,0,0.182116267,0.202241909,0.263281347,0.363217037,0.201106234,0.35800877,0.09712614,0.491540277,0.259261516,0.278986501,0,0.225734397,0.167604074,0.212164511,0.098597705,0.306581393,0.390043214,0.327996652,0,0.242021592,0.432092561,0.16522062,0.623199291,0.436297917,0.026526335,0.180989373,0,0.347122871,0.29723888,0.199407279,0,0.028555298,0.182073878,0,0,0.341649319,0.338093961,0.413056747,0.150643369,0,0,0.302834713,0,0.204504316,0.344171169,0.438096629,0,0,0,0.171425938,0,0.302183719,0.227580764,0,0,0.340445568,0,0.494018702,0.300024444,0.18308538,0.264293581,0.384686474,0.219533379,0.198942917,0.146548732,0.078945246,0,0.47688491,0.148108337,0.396601762,0.363230161,0,0.168193332,0.22966018,0.374286478,0,0,0.43223298,0.122733985,0.177230491,0,0.275848249,0.323338012,0.35956997,0.352367344,0.275494332,0.306206752,0.329154069,0.072528397,0.247916467,0.117795457,0.367277755,0.338276148,0.279874194,0.407445514,0.316935498,0.109322523,0.17142584,0,0.361699685,0,0.182750445,0.345907696
0,0,0,0.067587443,0,0,0,0,0.045322915,0,0,0,0,0,0,0,0,0,0.155542953,0,0,0,0,0,0,0,0.069670245,0,0.082109153,0,0.081529734,0.159058694,1,0,0,0,0.105436777,0,0,0,0,0.113434679,0,0,0,0,0,0,0,0,0,0.087110947,0,0.066293943,0.267922429,0,0,0.356580448,0,0,0.173676434,0,0,0,0,0,0,0.069854342,0,0.081130096,0.178231382,0,0.063775978,0.050990087,0,0,0.049369531,0.105834524,0,0.050006363,0.051832839,0,0.072078559,0,0,0.056776346,0,0,0,0,0.118370952,0,0,0.061278559,0.402718235,0.175234634,0,0,0.08255505,0,0,0.072304792,0.110444332,0,0,0,0,0,0,0.139233161,0.076417334,0,0,0.319064258,0,0.185844892,0.138386054,0,0,0,0.073198795,0.199644552,0.07660611,0,0,0,0,0.169973044,0,0,0,0.05219489,0,0,0.364920012,0,0,0.132438389,0.059443712,0,0,0,0.060800169,0.433396742,0,0,0,0,0,0,0.06299274,0,0,0,0,0,0,0,0.304343944,0,0.068540808,0,0,0,0,0,0,0,0,0,0.064632862,0,0.127354236,0.089074163,0,0,0.10982283,0,0.136481473,0,0,0,0.074258878,0,0.056436956,0,0,0,0,0.091940414,0,0,0.053760402,0,0,0,0,0,0.145850277,0.051477965,0.080292648,0,0.132247244,0,0,0,0,0,0.042857134,0.04594081,0.068423315,0,0,0,0,0,0,0
0,0.283941973,0.247636802,0.384499389,0,0,0.547438002,0.406343458,0.238109022,0.163465792,0.452915614,0,0.434325253,0.236491403,0.289943008,0.431954549,0.418940533,0.397195478,0.454403961,0.216774812,0.171805638,0.254267622,0.303057094,0.166672165,0.300984425,0.354583911,0.28986973,0.199742288,0.451213109,0.326524299,0.248225787,0.356854117,0,1,0,0.380175648,0.076111863,0,0,0,0,0.467409611,0,0,0.439634282,0.464938979,0,0.318696912,0.624673703,0,0.29925752,0.327341779,0.422501986,0.330504399,0.20161124,0,0.282045898,0,0.291975792,0.217724297,0.280291181,0.460606592,0.66177329,0,0.436721442,0,0.22761145,0.268147743,0,0.384948557,0.129170438,0,0.31546761,0.215201359,0.225374342,0.33118828,0.253137618,0,0.28717542,0.297158792,0.306593154,0,0.275208608,0,0.433396037,0.289767986,0.320000209,0,0.460095169,0,0.482548425,0,0.41369545,0.309276129,0.248379179,0.254144568,0.244859245,0.680574853,0.307477636,0,0.518893526,0.298929681,0.222921254,0.269629966,0,0,0.408232054,0,0,0.109041533,0.244068292,0.255855199,0.230677479,0.156177355,0.325318294,0.27530733,0.263157622,0.380198078,0.294405513,0.541701389,0.301978101,0.169081751,0.426473151,0.294912936,0.222764689,0,0,0.303380527,0,0.128067539,0.39347424,0.308452949,0.493034126,0,0.167077766,0.288442799,0.254091941,0.35149004,0.344987473,0,0.293037083,0.249052516,0.302955748,0,0.249393048,0,0,0,0,0,0.362400857,0.360504052,0.273291721,0.243371365,0,0,0.243424614,0,0,0.298119821,0.389023078,0.265672651,0,0,0.256047026,0,0.36517923,0.466136479,0,0,0.370346092,0,0.465098102,0.255374897,0.282962101,0.3992395,0.26621384,0.24324058,0.129797369,0,0.293784817,0,0.334608135,0.167005925,0.329993553,0.305720738,0,0.248901813,0.265321568,0.345631621,0.221253573,0,0.276453191,0,0,0,0.110648917,0.349613293,0.399873272,0.304766923,0.301184919,0.406508015,0.31512741,0.19981067,0.401810459,0.350657944,0.746884926,0.364585193,0.259375033,0.27584198,0.317858955,0,0.256046808,0,0.361702327,0,0.266890721,0.470098723
0,0,0,0,0,0,0,0,0,0,0,0,0,0,0,0,0,0,0,0.355865634,0.05921763,0,0,0,0.021038106,0,0,0,0,0,0,0,0,0,1,0,0,0,0,0,0.369623926,0,0,0,0,0,0,0,0,0,0,0,0,0,0,0,0,0,0,0.037315703,0,0.175641343,0,0,0,0,0,0,0.139338111,0,0.051103245,0,0,0,0,0,0,0,0,0,0,0.472793794,0,0,0,0,0,0,0,0,0,0,0,0,0,0,0,0,0,0,0,0,0,0,0,0,0,0,0.067842397,0,0,0.017240781,0,0,0,0,0,0,0,0,0,0,0,0,0,0,0,0,0,0,0,0,0,0,0,0,0,0,0,0.220251798,0,0,0,0,0,0,0,0,0,0,0,0,0,0,0,0,0,0,0,0,0,0,0,0,0,0.389158379,0,0,0,0,0,0,0,0,0,0,0,0,0,0,0,0,0,0,0,0,0,0,0,0,0,0,0,0,0,0.816861487,0,0,0,0,0,0,0,0,0,0.032475569,0,0,0,0.012635828,0,0,0,0,0,0,0,0
0,0.382114268,0.238469346,0.266467906,0.155918799,0,0.271475818,0.418306847,0.259298729,0.161676402,0.263603884,0,0.343394366,0.232604794,0.462201674,0.251881249,0.210608045,0.232343614,0.229176628,0,0.384121342,0.145334848,0.122113504,0.26919153,0.400354573,0.170067158,0.275277054,0.259077793,0.313157767,0.310771498,0.367828264,0.226651376,0,0.380175648,0,1,0.167195226,0,0,0,0,0.112180585,0.150457523,0,0.220657406,0,0.156529771,0.30367293,0.341577297,0.03807761,0.220232145,0.389290627,0.485359336,0.374624242,0.37933058,0,0.27021467,0.14343744,0.27931552,0.486831733,0.291560038,0.267893994,0.535887283,0,0,0,0.428026648,0.216219233,0,0.254155779,0.146093579,0.10593208,0.300982942,0.317653001,0,0.311638244,0.27936971,0.100127815,0.280936507,0.282488562,0.291374643,0,0.306167282,0.238522249,0.238093238,0.292287606,0.222374805,0.280930477,0.242203387,0.090240013,0.224547128,0.127554183,0.235527426,0.201917752,0.239223494,0.24956185,0.235892561,0.369999652,0.30322261,0,0.412771152,0.255293824,0.39224994,0.327468378,0,0,0.329189179,0.081627782,0.521169543,0.204598651,0.350674982,0.296666263,0,0.201407369,0.309678856,0.261711046,0.427849442,0.418427251,0.07882871,0.282358298,0.286634531,0.214267385,0.295185823,0.182139561,0,0,0.082043976,0.58606953,0,0.408307441,0.271901616,0.311162978,0,0,0,0.320022628,0.638704081,0.243450384,0.347637346,0,0.255863703,0.399444022,0.245191494,0.232154757,0.625633946,0,0,0.245029029,0,0,0.186352406,0.24956994,0.303491089,0,0,0,0.291381837,0,0,0.28089944,0.318846711,0.255149573,0,0,0,0,0.301426583,0.165382789,0,0,0.351290921,0,0.438554702,0.332810779,0,0.323259677,0.102940753,0.123516107,0.293228272,0,0.227376845,0.072359909,0.198187883,0.305065017,0.271516814,0.28190024,0,0,0.22284207,0.343710991,0,0,0.300658756,0.176989656,0.255767257,0,0.262604227,0.340925482,0.695322489,0.289654937,0.44521152,0.323529799,0.487286814,0.193842523,0.20226488,0.186908352,0.286076275,0.228052931,0.262039803,0.278538081,0.390941007,0,0,0,0.200067228,0.147604,0.152379311,0.133401511
0.035659431,0.274536741,0.084021089,0.480631616,0.155661212,0,0,0.226270643,0.402862998,0.08262188,0,0.408412579,0.456320308,0.207044942,0,0.086360657,0,0.082908963,0.273143665,0,0.352389048,0.551113947,0.235937809,0.280421306,0.444549157,0.193963282,0.484293814,0.569023747,0.474708029,0,0.500200817,0.324752118,0.105436777,0.076111863,0,0.167195226,1,0.097361714,0,0,0.051653867,0.332785913,0.173156813,0.097361714,0.188121987,0.078449642,0.79381695,0,0.16959343,0.510322126,0.434776846,0.341104368,0,0.462827742,0.371145537,0,0,0.351441675,0,0.431795766,0.311886051,0,0.280208063,0,0.232212007,0.16512882,0.309601335,0.569909441,0,0.373524437,0.285104449,0.375989523,0.439829729,0.45869954,0.249551619,0.423850624,0.409171238,0.727629871,0.07251718,0.375281374,0.385843198,0,0.548217329,0.245578796,0.129852057,0.45838812,0.274803761,0.667649482,0.032632188,0.369178492,0.430721299,0.32481936,0.354031979,0.477999743,0.214942276,0.374073493,0.123348089,0.077687584,0.506187808,0,0.214159381,0.520285687,0.527299112,0.324482338,0,0,0.317732716,0.434712806,0.317061619,0.639914627,0.310186794,0.35847689,0,0.392260979,0,0.380375338,0.248088251,0.307904219,0.240212587,0.079271072,0.435294229,0.400785086,0.558130618,0.257351613,0,0.188230019,0.449940226,0.31867806,0.336577052,0.526924197,0.319473622,0.462991229,0,0,0.294009092,0.290454224,0.116340092,0.306116631,0.545090948,0.091772207,0.298906462,0.124380011,0.315136769,0.334952375,0.39567696,0.44058002,0.096437779,0.685812839,0.103164957,0.354332105,0.30962995,0.239608088,0.280596132,0.099704779,0,0,0.355276403,0.095513657,0.236422083,0.391138188,0.395552318,0.036490119,0.134706297,0.184338485,0.050013062,0,0.280268567,0.050689398,0,0,0.433913063,0,0.299776859,0.500903853,0,0.246774694,0.327826319,0.190458446,0.528591823,0,0.160415773,0.173595164,0.405633498,0.263301182,0.473660595,0.376959601,0,0.179769125,0.230136054,0.259821723,0,0,0.470687889,0.05054138,0.254059725,0,0.560498445,0.304601621,0.290915849,0.450411003,0.461908029,0.270386768,0.440576646,0.250169824,0.097958987,0.210935377,0.217457119,0.326301033,0.397494253,0.477257868,0.491199539,0,0,0,0.339922973,0.252328371,0.543634143,0.169385304
0,0,0.38011307,0,0,0,0,0,0,0,0,0.261071425,0,0.145742861,0,0.433206288,0,0.358365857,0,0,0.189851868,0.153581347,0,0.183036037,0.069898561,0.093395614,0,0.062693344,0,0,0,0,0,0,0,0,0.097361714,1,0,0,0,0,0,1,0,0,0.089252669,0,0,0.20789115,0,0,0,0,0.249038901,0,0,0,0,0,0,0,0,0,0.248264103,0.310426857,0.318084033,0.064411773,0,0,0,0.180839295,0,0.046981516,0.159822076,0,0.045485385,0.09773057,0,0,0,0,0,0,0,0,0,0.122715527,0,0.141106285,0,0.249258348,0,0,0,0,0,0,0.076161976,0,0,0.066677897,0.102006405,0,0,0,0,0.122012652,0,0.128745635,0,0.057489775,0,0,0,0,0,0,0.11616437,0,0,0,0,0.102349123,0,0.592345887,0.122896575,0,0,0.123838928,0,0,0,0,0,0,0,0,0.054789243,0.615169821,0.069085889,0,0,0,0.118722066,0.208145248,0.910413068,0.10157791,0,0.372553858,0,0,0,0,0,0,0,0.834216803,0.283313266,0,0,0,0,0.520952722,0,0,0,0,0,0,0,0,0,0,0,0,0,0.120972766,0.126187158,0,0,0.382832095,0,0.183617954,0,0,0,0.453720442,0,0,0,0,0,0,0,0,0.111649516,0,0,0,0,0,0,0.245070339,0,0,0,0,0,0,0,0,0,0,0,0.323664927,0.165237889,0
0,0,0,0,0,0,0,0,0.005623626,0,0,0,0,0,0,0,0,0,0,0,0,0,0,0,0,0,0,0,0,0,0,0,0,0,0,0,0,0,1,0,0,0,0,0,0,0,0,0,0,0,0.010061668,0,0,0,0,0,0,0,0,0,0,0,0,0,0,0,0,0,0,0,0,0,0,0,0,0,0,0,0,0,0.006450188,0,0,0,0,0,0,0,0,0,0,0,0,0,0,0,0,0,0,0,0,0,0,0,0,0,0,0,0,0,0,0,0,0,0,0,0,0,0,0,0,0,0,0,0,0,0,0,0,0,0,0,0,0,0,0,0,0,0,0.110981899,0,0,0,0,0,0,0,0,0,0,0,0,0,0,0,0,0,0,0,0,0,0,0,0,0,0,0,0,0,0,0,0,0,0,0,0,0,0,0,0,0,0,0,0,0,0,0,0,0,0,0,0,0,0,0,0,0,0,0,0,0,0,0,0,0,0,0,0,0,0,0,0,0,0,0,0,0,0
0,0,0,0,0,0,0,0,0,0.140011699,0,0,0,0,0,0,0.097989516,0,0,0,0,0,0,0,0.022359779,0,0,0,0,0,0,0,0,0,0,0,0,0,0,1,0,0,0,0,0,0,0,0,0,0,0,0,0,0,0,0,0,0,0,0,0,0,0,0.085930151,0,0,0,0,0,0,0,0,0,0,0,0,0,0,0,0.014637616,0.015180715,0,0,0,0,0,0,0,0,0.008836107,0,0,0,0,0,0,0,0,0,0,0,0,0,0,0,0,0,0,0.072066807,0,0.022550245,0,0,0,0,0,0,0,0,0,0,0,0,0,0,0.223157542,0,0,0,0,0,0,0,0,0,0,0,0,0,0,0,0,0,0,0,0,0,0,0,0,0.018512285,0,0,0,0,0,0,0,0,0.021238348,0,0,0.223217251,0,0,0,0.01868367,0,0,0,0,0,0,0.026387935,0,0,0,0,0,0,0,0,0,0,0,0,0,0,0,0,0,0,0,0,0,0,0,0,0,0,0,0,0,0,0,0,0,0,0,0,0,0,0,0,0,0,0,0
0,0.018945687,0,0,0,0,0,0,0,0,0,0.136635598,0,0,0,0,0,0,0,0.245875051,0.055114882,0,0,0,0.020496065,0,0.034177171,0.033357847,0,0,0.039977261,0,0,0,0.369623926,0,0.051653867,0,0,0,1,0,0,0,0,0,0.047383887,0,0,0.109282742,0.039149519,0,0,0,0,0,0,0,0,0.035643728,0,0.239873691,0,0,0,0,0,0.041270673,0,0,0.048018548,0,0.03129257,0.025030916,0.031035244,0,0,0.019076549,0,0.024548907,0,0,0.035355413,0,0,0,0,0,0,0,0,0,0,0.030069973,0,0,0,0,0.040478469,0,0,0.035466084,0,0.042371502,0,0,0,0,0.062511321,0,0,0.028134709,0,0,0,0,0,0,0,0,0,0,0,0,0,0,0,0,0,0,0.027957786,0,0,0,0,0,0,0,0,0.172493642,0.036739476,0,0,0,0,0,0,0.053871699,0,0,0,0.013719654,0,0,0,0,0,0,0,0.035350213,0.033624533,0,0,0,0,0,0,0,0,0,0,0,0,0,0,0,0.019792501,0,0,0,0,0,0,0,0,0,0,0,0,0,0,0,0.026388132,0,0,0.403021888,0,0.04473951,0,0,0,0,0,0,0,0,0.016093515,0,0,0.012438259,0,0,0,0,0.049683033,0,0.087169407,0.070704872
0.074710928,0.300455561,0.067921265,0.577427806,0,0,0.128867146,0.225684777,0.44256796,0.084536608,0.088279537,0,0.591289235,0.143639999,0,0.086205608,0.266292841,0.11958209,0.527147502,0.09685428,0.272213165,0.152947187,0.296023208,0.091187911,0.310619836,0.322513114,0.513384055,0.342047075,0.566960233,0,0.339607087,0.352925182,0.113434679,0.467409611,0,0.112180585,0.332785913,0,0,0,0,1,0.16324513,0,0.348118627,0.271166187,0.219821944,0,0.375234778,0.110545749,0.573350057,0.435576314,0.085237576,0.394837617,0.3199705,0,0,0.293708349,0,0.393266176,0.20610265,0.08901643,0.393896856,0.081150345,0.251101056,0.121604735,0.12630714,0.438170476,0,0.487228928,0.265102633,0.090757895,0.514687794,0.35268317,0.278694728,0.514913692,0.484535237,0.289123801,0.170451545,0.499454465,0.540358655,0,0.410855605,0.207268575,0.375961195,0.503463273,0.418267377,0.183537931,0.167269604,0.130274638,0.611967321,0.162179762,0.557640848,0.592427989,0.358784689,0.237945981,0.131328583,0.343652928,0.429847598,0,0.408928287,0.393721865,0.296242198,0.418300481,0.208003588,0,0.437687053,0.076302965,0.112023525,0.281296906,0.377913839,0.328798166,0.156411683,0.366307331,0,0.405309839,0.285851019,0.211310995,0.280662873,0.389280519,0.399990122,0.24168426,0.571949671,0.320823297,0.150839151,0,0.141638456,0.269732098,0.108770324,0.221347774,0.480752694,0.360784562,0.242069175,0,0.373755028,0.114474387,0,0.399176895,0.444457438,0,0.352651899,0.132498986,0.427310283,0.232873201,0.211509018,0.095690364,0,0.125337131,0,0.113759562,0.481481314,0.375214341,0.309626848,0.107292504,0,0,0.440386769,0,0.207411515,0.511187627,0.556922771,0,0.144281231,0,0.180383789,0,0.527850671,0.379311608,0.039730939,0,0.490127773,0,0.508006506,0.541978059,0.133220562,0.439885156,0.459368886,0.198606803,0.25207515,0,0.314606911,0,0.602099027,0.09130077,0.533854421,0.484504104,0,0.125157149,0.258496477,0.449842843,0.09773826,0.043416872,0.443985182,0.054049188,0.141055336,0,0.277574462,0.320099371,0.368666472,0.484856499,0.374500692,0.549130083,0.444119742,0.216415257,0.331166998,0.304433765,0.474293209,0.478252037,0.458524572,0.496108609,0.38046083,0.078305058,0.126938308,0,0.570403796,0.126895699,0.157760468,0.517778014
0,0.19868163,0.10228104,0.081951366,0,0.174063332,0,0.280516015,0.118853427,0.214207786,0.10018599,0,0.108137431,0.080135302,0.256675055,0,0.147803258,0,0,0,0.402014425,0.027983002,0,0,0.232774863,0,0.162011036,0.171931005,0.170700298,0,0.209004927,0,0,0,0,0.150457523,0.173156813,0,0,0,0,0.16324513,1,0,0.038329888,0,0.169188418,0,0,0.312697866,0.094967062,0.229791227,0.218640626,0.193733256,0.246797331,0.160328042,0,0.296891837,0,0.303288921,0,0,0.227020923,0,0,0,0.288894473,0.176113929,0,0.122585805,0,0.031646836,0.149693079,0.152707731,0,0.097177096,0.118592599,0.173707087,0.053067642,0.119998128,0.106431443,0,0.181087848,0.345360927,0,0.134762136,0.130180332,0.304541905,0,0.021739381,0.169119839,0,0.112814079,0.125999884,0.3193327,0.18160884,0.316580789,0,0.161482219,0,0.052706687,0.110762055,0.180037429,0.267885033,0.141805849,0,0.102638094,0.023343932,0.537961954,0.151666586,0.150905157,0.171362621,0.087599311,0.276919247,0,0.313565378,0.249227918,0.280619143,0,0,0.183579871,0,0.091582603,0.07437188,0.04760331,0,0,0.292972513,0,0.242776046,0.165475998,0.135352168,0,0,0.34125626,0,0.216132052,0.039736945,0.17561793,0,0.157480143,0.534154751,0.106823509,0.33310716,0.234643195,0.09492903,0,0.270073119,0,0,0.076938341,0,0,0,0,0,0.128139602,0,0,0.110440208,0.105619149,0,0.404012463,0,0,0,0.128088132,0.064073462,0.300643136,0,0.130019738,0,0.233010612,0.132956357,0,0.03430413,0.124837823,0.039355111,0.246464482,0,0.244409955,0,0.089102071,0,0.115027821,0.097184777,0,0,0.159108067,0.133397957,0,0.149286471,0.139059575,0,0.379696985,0,0.282022703,0,0.259915485,0.15111951,0.157606833,0.16020773,0.240266831,0,0,0,0,0.120098915,0.138755721,0.136085356,0.17289534,0,0,0,0.116717294,0.648229813,0,0
0,0,0.38011307,0,0,0,0,0,0,0,0,0.261071425,0,0.145742861,0,0.433206288,0,0.358365857,0,0,0.189851868,0.153581347,0,0.183036037,0.069898561,0.093395614,0,0.062693344,0,0,0,0,0,0,0,0,0.097361714,1,0,0,0,0,0,1,0,0,0.089252669,0,0,0.20789115,0,0,0,0,0.249038901,0,0,0,0,0,0,0,0,0,0.248264103,0.310426857,0.318084033,0.064411773,0,0,0,0.180839295,0,0.046981516,0.159822076,0,0.045485385,0.09773057,0,0,0,0,0,0,0,0,0,0.122715527,0,0.141106285,0,0.249258348,0,0,0,0,0,0,0.076161976,0,0,0.066677897,0.102006405,0,0,0,0,0.122012652,0,0.128745635,0,0.057489775,0,0,0,0,0,0,0.11616437,0,0,0,0,0.102349123,0,0.592345887,0.122896575,0,0,0.123838928,0,0,0,0,0,0,0,0,0.054789243,0.615169821,0.069085889,0,0,0,0.118722066,0.208145248,0.910413068,0.10157791,0,0.372553858,0,0,0,0,0,0,0,0.834216803,0.283313266,0,0,0,0,0.520952722,0,0,0,0,0,0,0,0,0,0,0,0,0,0.120972766,0.126187158,0,0,0.382832095,0,0.183617954,0,0,0,0.453720442,0,0,0,0,0,0,0,0,0.111649516,0,0,0,0,0,0,0.245070339,0,0,0,0,0,0,0,0,0,0,0,0.323664927,0.165237889,0
0,0.304276792,0,0.153709919,0,0,0.331072733,0,0.196783985,0,0,0.177176422,0.294305475,0.259155028,0,0,0.495436342,0,0.159574551,0,0.195648669,0.269610995,0,0.306626842,0.311994094,0.399210539,0.229900817,0.154529744,0.265273191,0,0.094075467,0.150093606,0,0.439634282,0,0.220657406,0.188121987,0,0,0,0,0.348118627,0.038329888,0,1,0.373588386,0.174994409,0,0.399638207,0,0.258921802,0.187007811,0,0.220037038,0.23525466,0,0,0,0,0.263734445,0,0,0.216972157,0,0.171526386,0.197195733,0,0.158246313,0,0.18029542,0,0.303983398,0.212605543,0.119383048,0.27774693,0.26486811,0.212808152,0.188710063,0.160532713,0.170788013,0.176452439,0,0.162663061,0,0.470747501,0.191601142,0.339191552,0,0,0.274106118,0.247511912,0.37864069,0.304915376,0.215073637,0.301497757,0.127578341,0,0.587183727,0.183022302,0,0.446920964,0.16311042,0.121518227,0.277211513,0,0,0.352418134,0.225787134,0,0,0.249273067,0.262746494,0.28027549,0,0,0.182381438,0.145718871,0,0.341960283,0.452507689,0.164874858,0.192124039,0.249808693,0.4305304,0.045381945,0.275588923,0.227078668,0.170688239,0.435970378,0,0.563392597,0.1682319,0.326331961,0,0.038552084,0,0,0.270880492,0.137116168,0,0.168233481,0,0.256848944,0,0.237703709,0.33560926,0,0.088474013,0.332154275,0.482240817,0.265096447,0.27854039,0.180874854,0,0,0,0.267344121,0,0,0.236836328,0.285687551,0,0,0.259992166,0.318634331,0,0.267237866,0.371325733,0.052337327,0,0.271224858,0,0.262553477,0.1905977,0.36141486,0.34143592,0.306405406,0.353173569,0,0,0.208734981,0.222327458,0.243124225,0.307324073,0.190569552,0.333939802,0,0.550722937,0.388723789,0.292199105,0,0,0.229936171,0,0,0,0.331260173,0.366106692,0.292229255,0.221066109,0.242183985,0.341751269,0.264010903,0.607293123,0.686818225,0.581388422,0.459309249,0.32633242,0.186905125,0.199245823,0.21060426,0,0.318633994,0,0.31728859,0.037429277,0.284676049,0.422543744
0,0.263129726,0,0.269275117,0,0,0.260096782,0.181928215,0.217296025,0.161300982,0.175498665,0.149538087,0.238357554,0.238516035,0,0.167488225,0.198981742,0.154181177,0.329776007,0.212984176,0,0.108582609,0.161474107,0.121599282,0.186618885,0.524636821,0.196160721,0.069958732,0.273197592,0,0.114501426,0.354132479,0,0.464938979,0,0,0.078449642,0,0,0,0,0.271166187,0,0,0.373588386,1,0.073394382,0,0.439488119,0,0.211585378,0.120727323,0.163872353,0.165123094,0,0,0.197308697,0,0,0,0.24785936,0.178435155,0.153055558,0,0.673675619,0.163551786,0,0.135147409,0.227207738,0.312745155,0.128107669,0.120682944,0.221921137,0.083332842,0.379073715,0.2161181,0.247278248,0.078674751,0.0193497,0.208296242,0.185911777,0,0.138691191,0,0.363232368,0.15929674,0.233486164,0,0.205676052,0.1025516,0.336385591,0.203414149,0.334983792,0.200980514,0,0.259748545,0,0.434944004,0.197643826,0,0.131470069,0.19515611,0.0536432,0.149872116,0,0,0.354582238,0.168767879,0,0.10828321,0.101058656,0.192685585,0.519988938,0,0,0,0,0,0.52722741,0.251119475,0.19713782,0,0.258284211,0.184554465,0.407916338,0.214052065,0.129900796,0.072850316,0.322430541,0,0.371450036,0.260344578,0.485794498,0,0,0.118703461,0,0.31160824,0.209110241,0,0.128474408,0,0.338050358,0,0.090840076,0.131516023,0,0.080998408,0.246681097,0.178289955,0.327835688,0.227676677,0.133540594,0,0,0,0.330463758,0,0,0.194629609,0.298263351,0.127297874,0,0.204522506,0.252357514,0,0.273549928,0.374923705,0,0,0.283882617,0,0.30293134,0.111831562,0.423718766,0.174762024,0.45814983,0.336718874,0,0.228867974,0.106176706,0.180471611,0.316417558,0.12184064,0.231233519,0.323068769,0,0.439322927,0.333314562,0.219488043,0.217306108,0,0.227205479,0.080555254,0,0,0.231151518,0.226644356,0.125832492,0.245674037,0.215405693,0.181798025,0.186037341,0.144455163,0.336471753,0.321576664,0.450842041,0.330955375,0.252546282,0.206819857,0.225629344,0,0.252357303,0,0.255493073,0,0.113928804,0.331513596
0,0.301775625,0.137046748,0.439252877,0.144368689,0,0,0.21063068,0.42705915,0.086955775,0,0.381256818,0.390025588,0.244273092,0,0.079919979,0,0.076955095,0.157804658,0,0.383798935,0.5064271,0.20588856,0.337783621,0.45170641,0.262567175,0.477700062,0.603225669,0.369195662,0,0.503857959,0.227272261,0,0,0,0.156529771,0.79381695,0.089252669,0,0,0.047383887,0.219821944,0.169188418,0.089252669,0.174994409,0.073394382,1,0,0.090907362,0.545980135,0.432217133,0.269724743,0,0.424664163,0.270306014,0,0,0.244289959,0,0.364849812,0.317764923,0,0.192911383,0,0.14494309,0.153651192,0.287956817,0.562375743,0,0.375180495,0.296938673,0.38297517,0.498358452,0.409460998,0.353712507,0.416389356,0.424084357,0.774430207,0.11621384,0.372507827,0.387495036,0,0.502697577,0.227263794,0.208694024,0.511660416,0.275360881,0.712123744,0.056289327,0.5045087,0.339971517,0.356887049,0.341720926,0.421412679,0.114783532,0.286295682,0.177582987,0.072726956,0.497764684,0,0.142756485,0.534138496,0.562801972,0.311168888,0,0,0.376046094,0.480483547,0.297121723,0.584024662,0.324566099,0.367743629,0.061321609,0.209569649,0,0.226254153,0.220103181,0.210660858,0.314175488,0.121104748,0.467118538,0.359346834,0.487312291,0.274879624,0,0.173459984,0.51317828,0.235040474,0.313143842,0.539202948,0.34958418,0.463357337,0,0,0.112340175,0.207165107,0.107782778,0.311664628,0.500610947,0.084532896,0.35934906,0.115313505,0.303285889,0.224443295,0.419596863,0.496328978,0.088475615,0.743732575,0.094596603,0.338938706,0.290020711,0.186211268,0.200541944,0,0,0,0.407871798,0.116802189,0.255761564,0.406741066,0.361185521,0.033752662,0.140685227,0.229220429,0,0,0.292323315,0,0,0,0.380523221,0,0.19637279,0.385556459,0,0.23524737,0.338897564,0.268305211,0.522762542,0,0.200598601,0.224530484,0.373562301,0.321747773,0.445414208,0.379632312,0,0.166249381,0.264392281,0.173581126,0,0,0.466682495,0,0.234508238,0,0.65342951,0.318464184,0.260023317,0.469117505,0.497380428,0.245816338,0.398010728,0.288926147,0.091416499,0.251464783,0.191371012,0.324239465,0.39599096,0.50033957,0.485793069,0.066852712,0.066473961,0.018146667,0.286211127,0.249420241,0.477905092,0.146975058
0,0.135790412,0.487607202,0.088167973,0,0,0.648933764,0.39812011,0.059466936,0,0.605696895,0,0.120174923,0.230983705,0.684175755,0.547182206,0,0.462665183,0,0,0,0.211055857,0,0.286715943,0.098654175,0,0.090835967,0,0.106710024,0.930043703,0.105972857,0,0,0.318696912,0,0.30367293,0,0,0,0,0,0,0,0,0,0,0,1,0,0,0,0.11306442,0.522767961,0.086509596,0,0,0.641773841,0,0.695603515,0,0.22049957,0.628835993,0.296686151,0,0,0,0.415608396,0,0,0.105464287,0,0,0.083278159,0.066804001,0,0.106524982,0.06470814,0,0.199878785,0.065531964,0.067893231,0,0,0,0.159011916,0.074272947,0.10844108,0,0.503478684,0,0,0,0.096141961,0.080068918,0,0.222390468,0.476954054,0.304599295,0,0,0.198214043,0.094206606,0.142492428,0.112198151,0.053715635,0,0.113279327,0,0,0,0.099459014,0.093722856,0,0,0.92032586,0,0.177272663,0.398332504,0,0.201326698,0.095349349,0,0.099699844,0,0,0,0,0.215999488,0,0.171790637,0,0.068361022,0,0,0,0.253727059,0.513283156,0,0.077708445,0,0.097532791,0.493126678,0.079453701,0,0.164960566,0,0,0,0,0,0.082272128,0,0,0,0,0,0,0,0,0.093903752,0.089389557,0.647516877,0,0,0,0,0.083006923,0,0.11299415,0,0.084378317,0,0.163600149,0.115554058,0,0.142920498,0,0.167967574,0.174917665,0,0.124741191,0,0,0.249970592,0.073835479,0,0,0,0.188940803,0.119184354,0,0,0.070382748,0,0,0,0,0.118342009,0.186480146,0.067434626,0.104398231,0.16460048,0,0,0,0,0.205142886,0,0.056267815,0.060267952,0.08923904,0,0,0,0,0,0.260280318,0
0,0.102875479,0,0.397310224,0,0,0.234660968,0.359303921,0.266787695,0,0,0,0.477609619,0.060070974,0,0,0.448932275,0,0.340816961,0,0.159778447,0.099075529,0.278810904,0.069099843,0.32161219,0.389408261,0.276400877,0.262410535,0.354859386,0,0.234521151,0.56052328,0,0.624673703,0,0.341577297,0.16959343,0,0,0,0,0.375234778,0,0,0.399638207,0.439488119,0.090907362,0,1,0,0.453630526,0.309819836,0,0.316283408,0.35937059,0,0.178096363,0,0,0.319868925,0.356871269,0,0.602257709,0,0.412750861,0,0.195861202,0.329941478,0.202102021,0.371451594,0.170021735,0,0.337286895,0.22606149,0.182138348,0.37441955,0.232584511,0.142866579,0.135561536,0.309311746,0.318879309,0,0.338336225,0.222485466,0.354931987,0.323061041,0.166433317,0.114078245,0.187590475,0.058831257,0.529609282,0,0.426441115,0.374002595,0.224002394,0,0,0.339476694,0.376516908,0,0.354446674,0.339184257,0.206890446,0.31706636,0,0,0.462514136,0.053409385,0.161408368,0.220882676,0.231189154,0.2748377,0.366453513,0.332208524,0,0.257115284,0.124844056,0.335482337,0.338183684,0.479902788,0.342524979,0.157419963,0.412098914,0.328328953,0.369842105,0,0.053672306,0.142732798,0.145706518,0.11478614,0.496934738,0.301007796,0.438771077,0,0.151357266,0.371598056,0.216349882,0.572659303,0.335631724,0,0.227569215,0,0.324302919,0.216935452,0.23018138,0,0,0.099939934,0,0,0.340752768,0.499072449,0.56789175,0.211389914,0,0,0.359782437,0,0,0.364062907,0.409773379,0,0,0,0.228343004,0,0.377955097,0.433875682,0,0,0.309816608,0,0.557438073,0.304486958,0.249508084,0.306182431,0.407141983,0.248940228,0,0.203414567,0.185633454,0,0.435631312,0.069228715,0.342544838,0.463061805,0,0.222643141,0.178287201,0.332377055,0,0,0.334370312,0,0.237416949,0,0.212013376,0.436735111,0.370411332,0.297502742,0.231741305,0.457217594,0.334353196,0.200429335,0.587450866,0.323389823,0.573338427,0.485421104,0.280727947,0.293321814,0.256162927,0,0.228342831,0,0.554884472,0,0.10367712,0.590997643
0,0.245381601,0.155255257,0.226891041,0.287055949,0,0,0.207723597,0.214788793,0.153866315,0,0.443937647,0.233800771,0.093706581,0,0.16343665,0,0.15150014,0,0,0.362547315,0.276807566,0.102627379,0.107832819,0.236862265,0.068883093,0.260129265,0.430704764,0.250743379,0,0.40926108,0.083237222,0,0,0,0.03807761,0.510322126,0.20789115,0,0,0.109282742,0.110545749,0.312697866,0.20789115,0,0,0.545980135,0,0,1,0.262746921,0.213107399,0,0.292331858,0.316423698,0,0,0.216569249,0,0.176563729,0.088013826,0,0.176862462,0,0.127580668,0.142215541,0.356084022,0.445837897,0,0.262381848,0.188181908,0.305894225,0.223860893,0.339152794,0.099332807,0.264481708,0.21079997,0.354353,0.185633078,0.1593578,0.142679208,0,0.328081487,0.241268945,0,0.2540468,0.224867582,0.565288842,0,0.247537347,0.279668176,0.252413859,0.143165893,0.234282307,0.228270846,0.36327676,0.352076313,0,0.434798682,0,0.108895352,0.391224531,0.446641079,0.216300589,0,0,0.163213093,0.237966603,0.25093123,0.417718017,0.192421229,0.202368858,0,0.205744732,0,0.376659408,0.341160589,0.207780142,0.080523719,0,0.299785769,0.3759842,0.250818636,0.073633967,0,0.18187068,0.157580654,0.241089144,0.264936447,0.431267077,0.212816822,0.24236998,0,0,0.218806658,0.202496113,0,0.171549923,0.315610667,0.183966341,0.325644896,0.230376475,0.122308547,0.235223958,0.390476702,0.190690031,0.203723575,0.514491646,0,0.153979162,0.16467149,0.10024186,0.191748143,0,0,0,0.188632293,0.199643089,0.262145439,0.215620176,0.162136542,0,0.268499489,0.174527089,0,0,0.126866571,0,0,0,0.168174814,0,0.119959033,0.208642473,0,0.151280002,0.107995752,0.082805223,0.412112238,0,0.272718508,0.282576019,0.208812993,0.141909712,0.252776479,0.155480161,0,0.16627288,0.205985007,0.075165018,0,0,0.23018239,0,0.25753882,0,0.320623384,0.108861389,0.204134095,0.204087418,0.200056303,0.108768372,0.220886288,0.126731939,0,0,0.111442709,0.209538493,0.191581497,0.235640902,0.283974495,0,0.138962662,0,0.13877444,0.480553272,0.343937294,0.047373525
0.052579429,0.31132554,0.049902922,0.675981224,0.057925121,0,0.092941924,0.25446195,0.593866762,0,0,0.144195281,0.65839424,0.065704138,0,0,0.211427995,0.027318253,0.300940708,0,0.215928706,0.1668569,0.230154676,0.070795293,0.465203459,0.376396203,0.57609782,0.582655188,0.473490015,0,0.458561867,0.449976065,0,0.29925752,0,0.220232145,0.434776846,0,0.010061668,0,0.039149519,0.573350057,0.094967062,0,0.258921802,0.211585378,0.432217133,0,0.453630526,0.262746921,1,0.424446784,0,0.489099518,0.259036158,0,0.070722616,0.153909281,0,0.410999681,0.337640762,0,0.380933958,0.057006317,0.195501277,0.108964407,0.180866596,0.525337142,0.074223585,0.593418554,0.280492462,0.15962046,0.611283731,0.522643091,0.21111428,0.727072096,0.506499044,0.345338836,0.273146401,0.703817829,0.715559933,0,0.529925849,0.242947104,0.437905898,0.689486712,0.38138638,0.370524586,0.079116915,0.148428934,0.519985857,0.122737855,0.658832407,0.651794479,0.192383305,0.141318354,0.09664023,0.206968563,0.543814261,0,0.409749781,0.559199247,0.319547282,0.567754847,0.091408804,0,0.592932488,0.205772566,0.218796592,0.341335835,0.451194076,0.466264913,0.207604723,0.291159837,0,0.320973747,0.308193302,0.243745348,0.3105354,0.373987732,0.5227587,0.174053528,0.626557475,0.43341374,0.179098306,0,0.218755336,0.203527637,0.201883135,0.298122564,0.503298336,0.459387745,0.174859907,0,0.206460576,0.296596062,0.090791234,0.492035278,0.499708039,0.009311197,0.454315155,0.097272514,0.49999935,0.18902054,0.339193707,0.118758095,0,0.300460957,0,0.083686654,0.565966249,0.461267179,0.419424984,0.075440923,0,0.013358603,0.583584216,0,0.047118242,0.781385459,0.641418319,0,0.103475993,0,0.114616813,0,0.682633194,0.328716402,0,0,0.441093918,0,0.502258392,0.543891176,0.09518528,0.535262311,0.506011098,0.295694026,0.243702123,0.074399894,0.374129957,0.024209284,0.680692097,0.0708633,0.636245671,0.729097683,0,0.09099651,0.206060857,0.488760432,0,0,0.70990243,0,0.19610902,0,0.359633634,0.577245562,0.328441083,0.524508399,0.376340485,0.680079008,0.427117652,0.255098152,0.356841047,0.278382071,0.481316236,0.604091403,0.545320227,0.601532259,0.506247862,0.055289722,0.091934412,0,0.722538405,0.094218236,0.199681614,0.577936241
0,0.59834958,0.136030231,0.489103811,0.11806391,0.038614629,0.108282904,0.372086065,0.613851671,0.068858754,0.107008299,0.080189354,0.480618158,0.306799709,0.181948454,0.105024105,0.145473566,0.101466505,0.31909963,0,0.309876931,0.208700308,0.260197064,0.261993301,0.594353657,0.37375503,0.563796883,0.347398102,0.560729811,0.114034225,0.573006637,0.347741688,0.087110947,0.327341779,0,0.389290627,0.341104368,0,0,0,0,0.435576314,0.229791227,0,0.187007811,0.120727323,0.269724743,0.11306442,0.309819836,0.213107399,0.424446784,1,0.173401534,0.712671126,0.348463446,0.070350572,0.1080817,0.20533326,0.155962003,0.531316233,0.288514332,0.107708497,0.498433369,0,0.188955382,0.064692917,0.293981464,0.478023966,0,0.478328056,0.184696968,0.173356535,0.549492737,0.524816462,0.223097089,0.482744253,0.557646881,0.268581958,0.405570151,0.594718467,0.546662811,0,0.544703685,0.206820865,0.296851026,0.539867782,0.413905204,0.288805865,0.188858397,0.260652942,0.48015114,0.144040104,0.493908039,0.494869097,0.285050994,0.431943995,0.264185587,0.228058142,0.553768557,0,0.451813538,0.415708005,0.503735263,0.425417011,0.02657292,0,0.44561694,0.188471084,0.324969088,0.307949495,0.573293278,0.616594435,0.078480932,0.334770592,0.113886779,0.486905397,0.588798655,0.360557599,0.334250039,0.357505056,0.512562481,0.305254877,0.494842459,0.35828839,0.087876659,0,0.189038563,0.502571501,0.087245201,0.360419549,0.46657416,0.584724453,0.089284542,0,0.298439168,0.228357962,0.270974687,0.320155545,0.525378286,0,0.407603584,0.29884075,0.589107466,0.282686976,0.50106154,0.12534529,0,0.23177674,0,0.090426262,0.578919506,0.33851004,0.262724147,0.082331926,0,0,0.470349185,0,0.12707237,0.471809959,0.603126501,0.156895837,0.112441734,0,0,0,0.568648592,0.227359073,0.066974747,0,0.726385433,0,0.485991951,0.500191969,0.053998492,0.454318882,0.377118785,0.257045425,0.302488152,0,0.392846016,0.0579799,0.473428989,0.304670507,0.577642001,0.552343611,0,0,0.46660431,0.543207673,0,0.033082966,0.574287587,0.127659018,0.212803462,0,0.316408931,0.483279477,0.571313901,0.573303315,0.688535508,0.498257923,0.596329194,0.22215921,0.179636179,0.296647521,0.433321772,0.404890909,0.60845676,0.582680592,0.659474777,0,0.060381399,0,0.434609713,0.167766102,0.214180366,0.357847787
0,0.329203332,0.355455829,0.136136539,0,0,0.434131917,0.30541226,0.094766989,0.479744641,0.682781109,0,0.110087765,0.286930467,0.749015711,0.636237629,0,0.563591926,0.111638455,0.367321043,0.143533354,0.181800325,0,0.20942763,0.152847308,0.077068099,0.141518955,0.055315706,0.192463328,0.54416548,0.163338623,0,0,0.422501986,0,0.485359336,0,0,0,0,0,0.085237576,0.218640626,0,0,0.163872353,0,0.522767961,0,0,0,0.173401534,1,0.135195715,0,0,0.430915739,0,0.454533356,0.099925121,0.188764217,0.700411788,0.241953642,0,0.171352054,0,0.315599865,0.056703904,0,0.160855373,0.058320967,0,0.181178324,0.125121398,0.121675487,0.098522873,0.14267729,0,0.173445789,0.144407327,0.149354557,0,0.058357319,0,0.233695694,0.138360713,0.195347048,0.100360974,0.363816366,0,0.088460044,0,0.147607944,0.075462022,0,0.313337223,0.349760902,0.407334981,0.066031032,0,0.224278341,0.114480962,0.128528513,0.172177675,0,0,0.171827311,0,0.158517289,0,0.154006369,0.127776409,0,0,0.540824206,0.132809554,0.260149551,0.305537238,0.093177382,0.174535022,0.148074074,0.063905129,0.152684502,0,0,0,0,0.308945375,0,0.253036331,0,0.169987306,0,0,0,0.212598547,0.614551109,0,0.191930588,0,0.149595499,0.597012268,0.123449757,0,0.24410005,0,0,0.085268638,0,0,0.127570356,0,0,0,0,0,0.102599583,0,0,0.087629672,0.137902384,0.393832935,0,0,0,0,0.180623351,0,0,0,0.183427128,0,0.242310234,0.106197514,0,0.21237039,0.082857152,0.148898418,0.257100245,0,0.148364301,0.108021709,0.085592004,0.209954859,0.161729893,0,0,0,0.174915229,0.252787764,0.380367977,0,0.111276549,0,0,0,0.092558026,0.108547665,0.321367441,0.148395032,0.252990825,0.129003557,0.197370512,0,0,0,0.292323105,0.079568874,0.141153231,0.150747106,0.218595477,0,0,0,0,0.212666168,0.192958978,0
0,0.519288351,0.10639029,0.612162832,0.187310198,0.029209878,0.161635806,0.293903869,0.718608759,0.108249549,0.082918977,0.161266795,0.611225145,0.218522988,0.140335425,0.081722585,0.16522239,0.079552186,0.322982723,0,0.339134999,0.256806575,0.203097521,0.17622541,0.597039699,0.372943817,0.590349288,0.604774251,0.647606169,0.08707621,0.721710966,0.346924333,0.066293943,0.330504399,0,0.374624242,0.462827742,0,0,0,0,0.394837617,0.193733256,0,0.220037038,0.165123094,0.424664163,0.086509596,0.316283408,0.292331858,0.489099518,0.712671126,0.135195715,1,0.27796165,0.028795896,0.083562043,0.189802075,0.120219977,0.513195817,0.31080641,0.083338789,0.400230185,0,0.150750274,0.12340889,0.231701034,0.621269274,0,0.597872466,0.223550382,0.187467587,0.691635391,0.710116516,0.14753112,0.572173196,0.661059954,0.373892282,0.412008128,0.626816803,0.628513533,0,0.70466094,0.160933837,0.346374405,0.664839144,0.500561244,0.438625048,0.184233989,0.207266538,0.535681088,0.195224597,0.473280076,0.571339722,0.223030066,0.363278426,0.206832431,0.250873545,0.658436484,0,0.454844796,0.58210212,0.650900055,0.539061397,0.07049714,0,0.490535666,0.228985427,0.339528762,0.411796313,0.658629005,0.618350981,0.113762049,0.264685825,0.086990211,0.430550795,0.580497089,0.29958685,0.297595323,0.341681165,0.692992976,0.369349757,0.640378649,0.389171059,0.068223713,0,0.188092432,0.52308706,0.121316531,0.49936814,0.445607005,0.749076522,0.146757065,0,0.211236592,0.25406764,0.211441213,0.369291521,0.661425419,0,0.500054511,0.21614567,0.569162213,0.220520861,0.526975701,0.139641601,0,0.429615194,0,0.120432009,0.536799297,0.351522902,0.227065877,0.062619585,0.00968729,0,0.535876301,0,0.181507949,0.564984818,0.595709148,0.160988475,0.086586462,0.041442162,0.11669922,0,0.538752264,0.298092346,0.027733636,0,0.683005867,0,0.475551576,0.550971161,0.121008823,0.45949157,0.381894023,0.282065341,0.465610132,0,0.474818791,0.045333393,0.512805235,0.225860018,0.688167746,0.549848766,0,0.07658036,0.444252233,0.53516012,0,0,0.646106372,0.054841751,0.164533132,0,0.460228416,0.49764997,0.532066457,0.744845221,0.669178613,0.486429667,0.549250021,0.177361862,0.213140996,0.199186623,0.403934567,0.447095436,0.72949456,0.68363146,0.720968177,0,0.12403192,0,0.486106633,0.166953657,0.262315254,0.355320532
0,0.220063434,0.177109231,0.282539666,0,0,0,0.450521523,0.199722213,0,0,0.14607483,0.292395878,0.136677389,0,0.187835544,0.223866031,0.172239139,0.255161491,0,0.510215198,0.104968756,0,0.117940635,0.305880355,0.178886563,0.289854086,0.279362947,0.247800883,0,0.330204868,0.250275071,0.267922429,0.20161124,0,0.37933058,0.371145537,0.249038901,0,0,0,0.3199705,0.246797331,0.249038901,0.23525466,0,0.270306014,0,0.35937059,0.316423698,0.259036158,0.348463446,0,0.27796165,1,0,0,0.42576193,0,0.409897938,0.265873421,0,0.56918146,0,0.141976775,0.160338438,0.624042309,0.344433074,0,0.350248129,0.119859412,0.117024646,0.268970911,0.262793094,0.107847004,0.264674832,0.26943113,0.372231572,0.182125579,0.217879534,0.224850295,0,0.314556793,0.534137731,0.123643675,0.243415088,0.223481554,0.34427744,0,0.098987423,0.44294987,0.142301381,0.242789086,0.259948856,0.760466666,0.279341084,0.258424746,0.195917499,0.395530536,0,0.175502101,0.354522288,0.498175083,0.276337593,0,0,0.278537194,0.089195656,0.371742488,0.457324958,0.333416998,0.259601506,0,0.616151847,0,0.455432715,0.371040824,0.450659606,0.086029435,0.147584851,0.30208738,0.30197232,0.313715234,0.191991306,0,0.212601315,0.089667118,0.466219258,0,0.346572203,0.431117673,0.226224832,0,0,0.430747897,0.163254369,0.248707812,0.349602577,0.316728115,0.215470603,0.339809068,0.262996126,0.272349021,0.717235788,0.463210844,0.127880928,0.243081922,0.298881024,0,0.175450521,0.198580551,0.258937177,0.317456541,0,0,0,0.214135265,0.237294872,0.318949282,0.237977046,0.285896413,0,0.313871395,0.202634372,0,0,0.214053748,0.173449135,0,0,0.286940341,0,0.467887737,0.3547795,0,0.248048735,0.305348017,0.08863865,0.325751185,0,0.230066639,0.177697281,0.305724326,0.118181972,0.242154436,0.2646944,0,0.191591536,0.142941202,0.264162759,0,0,0.232141056,0,0.575955297,0,0.321051395,0.189577542,0.550033369,0.238022079,0.326095988,0.336409085,0.512350325,0.345944199,0.214462832,0.197276935,0.149609944,0.322194874,0.212744719,0.213211362,0.301117615,0,0,0,0.313817868,0.405601795,0.110286199,0.138600762
0,0,0.181024164,0,0,0.670161916,0,0,0.016836281,0,0,0,0,0.068860517,0,0,0,0,0.058237766,0,0.089834539,0,0,0,0.032941515,0,0,0,0.035705818,0,0,0,0,0,0,0,0,0,0,0,0,0,0.160328042,0,0,0,0,0,0,0,0,0.070350572,0,0.028795896,0,1,0,0.135466322,0,0.049366997,0,0,0,0,0,0,0,0,0,0,0,0,0,0.041073377,0,0,0,0,0.068535323,0.018582264,0.019263488,0,0.026826475,0,0,0,0.036301324,0,0,0,0,0,0,0,0,0,0,0,0,0.117202403,0.067934478,0,0,0,0,0,0,0,0.102199297,0.052070096,0,0,0,0,0,0,0,0,0,0,0.027245589,0,0,0.048287312,0,0,0,0,0,0,0,0.019398544,0,0,0,0,0,0,0.02580776,0,0.060442861,0,0,0,0,0,0,0,0,0,0,0.051297407,0,0,0,0,0,0,0,0,0,0,0,0,0,0,0,0.088072928,0.301706338,0,0.02404252,0,0,0,0,0,0,0,0,0,0.041935098,0,0,0,0.020981482,0,0,0,0,0.040009136,0,0,0,0,0,0,0,0,0.054570666,0,0,0,0,0,0,0,0,0,0.018584623,0.017066565,0,0,0,0,0,0,0,0
0,0.128666432,0.473558182,0.145540119,0,0,0.513153657,0.342518595,0.099284486,0,0.53022352,0,0.195906459,0.185585879,0.534943166,0.520862585,0,0.389236075,0,0,0,0.194332226,0,0.226233807,0.0948392,0.108591821,0.087591754,0.014061576,0.174871522,0.674325652,0.101583449,0.132933863,0,0.282045898,0,0.27021467,0,0,0,0,0,0,0,0,0,0.197308697,0,0.641773841,0.178096363,0,0.070722616,0.1080817,0.430915739,0.083562043,0,0,1,0,0.541904007,0,0.345962293,0.500504387,0.264668605,0,0.207246937,0,0.355384227,0,0.475795226,0.172914234,0,0,0.137733517,0.06503258,0,0.174580907,0.063044742,0,0.184816342,0.114992844,0.112973851,0,0,0,0.255362729,0.12327761,0.103849253,0,0.417723834,0,0,0,0.15820636,0.132593569,0,0.203901021,0.399299989,0.270947903,0,0,0.183392155,0.155139445,0.134668137,0.183471768,0,0.150071588,0.185161703,0,0,0,0.095582761,0.078848047,0.288794793,0,0.669202325,0,0.165322801,0.342675795,0.107613272,0.186053578,0.156950888,0,0.163832326,0,0.408908138,0,0,0.198515685,0.248950708,0.160544986,0,0.113731144,0,0,0,0.393208132,0.42445054,0.112829586,0.128804693,0,0.102393774,0.410572872,0.131606744,0,0.154564293,0,0,0,0,0,0.13612365,0,0.150916354,0,0,0,0.057034374,0,0,0.154659097,0.16165408,0.457784394,0,0,0,0,0.137299606,0,0.094461309,0,0.081571852,0,0.262270344,0.188712579,0,0.135050424,0.095127722,0.268823059,0.163272765,0.483134444,0.118703621,0,0.066060382,0.226849174,0.122572726,0.072496387,0,0,0.175426048,0.194366492,0,0,0.117000824,0,0,0,0,0.193056025,0.17330284,0.112231157,0.100135673,0.231182211,0,0,0.218743317,0,0.323727603,0.091180511,0.094063109,0.100589768,0.093992367,0,0,0,0.088381514,0.059171472,0.207136456,0.122060065
0,0.119923799,0,0.238995782,0,0,0,0.278394242,0.149813596,0,0,0,0.235705645,0,0,0,0,0,0.361965635,0,0.443689443,0,0.285385683,0,0.147040908,0,0.209831912,0.179717071,0.283719705,0,0.28197435,0.123587952,0.356580448,0,0,0.14343744,0.351441675,0,0,0,0,0.293708349,0.296891837,0,0,0,0.244289959,0,0,0.216569249,0.153909281,0.20533326,0,0.189802075,0.42576193,0.135466322,0,1,0,0.384901702,0.13223578,0,0.225629234,0,0,0,0.28664457,0.193499799,0,0.166831271,0.237599666,0,0.226908998,0.166967945,0,0.157481562,0.179844824,0.277185221,0,0.164013323,0.169491525,0,0.276666438,0.342150438,0,0.204319239,0.11814439,0.317785916,0,0,0.304240024,0,0.088422379,0.172109632,0.54981984,0.349962401,0.313880996,0,0.230322211,0,0,0.19950427,0.295201516,0.101488313,0,0,0.102352672,0,0.361226049,0.482676025,0.158314573,0.076091556,0,0.477338643,0,0.328085515,0.261043717,0.278495816,0,0,0.225624846,0.258585511,0.26701376,0,0,0,0.081683757,0.416967235,0,0.32011616,0.197650227,0.206914285,0,0,0.518703859,0,0,0.188327859,0.227548335,0,0.131902411,0.320650563,0.129158961,0.573323677,0.229990823,0,0,0.272314046,0,0,0.133341296,0.12449272,0,0,0,0,0.125818548,0,0.196456999,0.140656238,0.195526909,0,0.39962585,0,0,0,0.077403326,0,0,0,0.266770083,0,0.323014674,0.304454019,0,0,0.216074936,0,0.434471979,0,0.133657595,0,0.204258915,0,0.222176692,0.157493977,0,0,0.19007689,0.078857973,0,0,0.157091224,0,0.375819966,0,0.218797021,0,0.412873277,0.186872692,0.278237265,0.125442375,0.342250298,0,0,0,0,0.119708304,0.168613113,0.195525176,0.241626684,0,0,0,0.116348336,0.289693856,0,0
0,0.1861339,0.427716903,0.085990801,0,0,0.547000081,0.35727444,0.083270522,0,0.515954667,0,0.135249649,0.189834,0.571828291,0.47287835,0,0.408404275,0,0,0,0.198995226,0,0.232578416,0.111696597,0,0.088526763,0,0.117648488,0.73400838,0.116859759,0,0,0.291975792,0,0.27931552,0,0,0,0,0,0,0,0,0,0,0,0.695603515,0,0,0,0.155962003,0.454533356,0.120219977,0,0,0.541904007,0,1,0.068547519,0.207369058,0.532650479,0.273393674,0,0,0,0.371295151,0,0,0.145786488,0,0,0.115834222,0.102284502,0,0.103363091,0.100912046,0.055799668,0.269214023,0.110939501,0.077534981,0,0.038793032,0,0.152068107,0.072721897,0.149777129,0,0.439880367,0,0,0,0.093558939,0.078269279,0,0.209040606,0.41949793,0.280099047,0,0,0.187539318,0.091725188,0.155548019,0.108696044,0,0,0.109710474,0,0,0,0.150894673,0.113372894,0,0,0.727942096,0.093468357,0.168685504,0.357445479,0,0.190323384,0.147423348,0.099616926,0.096924866,0,0,0,0,0.203384125,0,0.233161047,0,0.095484978,0,0,0,0.236495683,0.447345958,0,0.076012227,0,0.094875527,0.431957891,0.110633327,0,0.15749969,0,0,0,0,0,0.093576876,0,0,0,0,0,0,0,0,0.091438054,0.087152402,0.484530469,0,0,0,0,0.081074386,0,0,0,0.117328265,0,0.156259086,0.111842783,0,0.137286056,0,0.160238588,0.264563091,0,0.171512019,0,0,0.233228832,0.072302458,0,0,0,0.255239993,0.164124525,0,0,0.08032172,0,0,0,0.063136263,0.114452505,0.177001641,0.066153575,0.101359532,0.137430027,0,0,0,0,0.193730302,0,0.086408925,0.08437309,0.123918237,0,0,0,0,0,0.212442563,0
0,0.472301378,0,0.32177359,0.096301228,0,0,0.27115429,0.436954832,0.098988903,0,0,0.517448971,0.158398014,0.107183955,0,0.136295681,0,0.327729227,0.035511334,0.500350575,0.168050023,0.245255757,0.175897416,0.506583404,0.205645401,0.354326455,0.436201261,0.439439928,0,0.392404146,0.238930433,0,0.217724297,0.037315703,0.486831733,0.431795766,0,0,0,0.035643728,0.393266176,0.303288921,0,0.263734445,0,0.364849812,0,0.319868925,0.176563729,0.410999681,0.531316233,0.099925121,0.513195817,0.409897938,0.049366997,0,0.384901702,0.068547519,1,0.101978484,0.032212972,0.453965446,0,0.091394692,0,0.275158748,0.359185513,0,0.307821895,0.156392947,0.174979707,0.425572696,0.380214131,0.094981506,0.367893982,0.390079378,0.356122381,0.255526702,0.396654277,0.385684796,0,0.532570784,0.299359634,0.234910524,0.415393205,0.344088387,0.429222738,0,0.155896752,0.438637394,0.198688131,0.371700756,0.339119183,0.327592664,0.20367546,0.190026493,0.125404089,0.37365983,0,0.461820564,0.294857031,0.345035156,0.435641585,0,0,0.384392712,0.144660225,0.559314703,0.386770217,0.459651211,0.471543065,0,0.366535171,0,0.425450787,0.322613222,0.368992186,0.140882205,0.194694753,0.421643694,0.229931862,0.438756264,0.337159998,0,0,0.199270988,0.425494695,0.122934692,0.404083237,0.486604181,0.455859199,0,0,0.247012977,0.222721811,0.240756915,0.23769763,0.466021718,0.033455746,0.338408383,0.249043879,0.358044409,0.294484962,0.456705548,0.160065025,0,0.38751633,0,0.12934626,0.294729867,0.268893655,0.294484172,0.124988503,0,0,0.409911339,0,0,0.337752054,0.412122995,0,0.18843463,0,0,0.0076908,0.392631078,0.196413836,0,0,0.574972255,0,0.452691216,0.483799699,0,0.301360537,0.301096282,0.148151059,0.317635416,0,0.326145142,0,0.387394714,0.176138424,0.42577631,0.464605604,0,0,0.317839428,0.352355003,0,0,0.405050336,0.103944308,0.312057921,0.037630524,0.44961554,0.37173563,0.551407628,0.454101952,0.465015982,0.449117307,0.547029712,0.242393941,0.249306309,0.236550481,0.270332985,0.376128673,0.443586406,0.490738583,0.573325989,0,0,0.025128923,0.42600312,0.299644121,0.173878929,0.256101439
0,0.112034656,0.280672868,0.507167437,0.11204881,0,0.20301646,0.470643256,0.374267399,0,0.198581712,0.196562382,0.297731051,0.119541212,0.206341604,0.191855192,0,0.180306562,0.292725556,0,0.085448691,0.274746832,0.215016602,0.135186638,0.143993872,0.139479325,0.455382849,0.246515175,0.286203461,0.224218367,0.409947166,0.662098094,0.173676434,0.280291181,0,0.291560038,0.311886051,0,0,0,0,0.20610265,0,0,0,0.24785936,0.317764923,0.22049957,0.356871269,0.088013826,0.337640762,0.288514332,0.188764217,0.31080641,0.265873421,0,0.345962293,0.13223578,0.207369058,0.101978484,1,0.201006665,0.410813097,0,0.240235481,0,0.336214457,0.361655167,0.158873188,0.564612493,0.493092454,0.08212141,0.405373498,0.2944902,0.104218774,0.369312646,0.192152038,0.408144564,0.119221457,0.354720976,0.381217183,0,0.370229936,0.181679694,0.176776488,0.452502694,0.079325309,0.390394043,0.340389519,0.206223817,0.343183671,0.08222973,0.278876772,0.400345738,0.138103249,0.222443851,0.182436553,0.149976274,0.363231481,0,0.118627186,0.544585358,0.417408114,0.316220804,0,0,0.285382146,0.177118662,0.138792843,0.519268872,0.310728336,0.124330212,0.130629305,0.28602815,0.223649038,0.098632317,0.194238775,0.330262917,0.160649871,0.218899498,0.453706093,0.186739662,0.541538492,0,0.300722739,0,0.177900446,0.218751098,0.22666989,0.332768134,0.210573369,0.362498972,0.166754104,0,0.13336605,0.495175802,0.365080611,0.603002462,0.437419563,0,0.181304471,0.184754224,0.287886982,0.319500861,0.244140566,0.089395454,0,0.296056533,0,0.113379797,0.234935791,0.235254788,0.342053802,0,0,0,0.239840435,0,0.211085388,0.417590117,0.333218884,0.193745531,0,0.100333499,0,0,0.225844848,0.112928259,0,0,0.231575552,0,0.521957546,0.385580759,0,0.281033504,0.310151934,0.183123969,0.440184492,0.159683162,0.087709159,0,0.40726339,0.135406126,0.425936613,0.194593004,0,0,0.115242123,0.350649611,0,0,0.38690519,0,0.191515259,0,0.305881472,0.224508855,0.308682175,0.334067024,0.310431733,0.256123193,0.325946914,0,0.11410117,0.124873753,0.307318299,0.264260746,0.239312416,0.381634635,0.266452059,0.119203432,0,0,0.225703552,0,0.285944511,0.174916024
0,0.228616959,0.401504155,0.13986476,0,0,0.504848438,0.33879838,0.057951292,0.268183792,0.808061671,0,0.114142134,0.304010297,0.525923859,0.726777387,0,0.633500473,0.118210951,0.591305364,0.047321849,0.193129033,0,0.224604814,0.113865014,0.080144236,0.08734648,0,0.167960274,0.660056652,0.101253705,0,0,0.460606592,0.175641343,0.267893994,0,0,0,0,0.239873691,0.08901643,0,0,0,0.178435155,0,0.628835993,0,0,0,0.107708497,0.700411788,0.083338789,0,0,0.500504387,0,0.532650479,0.032212972,0.201006665,1,0.262441821,0,0.187339436,0,0.35138092,0,0,0.166086416,0.041993422,0,0.132381899,0.064897279,0.156772764,0.101757634,0.103679188,0.017575154,0.183727768,0.104962189,0.108634561,0,0,0,0.244901977,0.071923531,0.170560905,0,0.412203773,0,0.092536857,0,0.152001084,0.077345239,0,0.333817692,0.394253177,0.442638629,0,0,0.182320245,0.090458689,0.13408924,0.10692207,0,0,0.177809579,0,0.052672969,0,0.095290768,0.105433435,0,0,0.655147065,0,0.164451211,0.338952182,0.097711743,0.184950425,0.091511806,0,0.157389833,0,0,0,0,0.197260299,0,0.159722921,0.024846984,0.109361218,0,0,0,0.228255981,0.418752479,0,0.123820676,0.113826727,0.154109552,0.405238981,0.126507674,0,0.153802189,0,0,0,0,0,0.130838521,0,0,0,0,0,0.05190458,0,0,0.090179417,0.14172931,0.451163186,0,0,0,0,0.131965918,0,0,0,0.134068171,0,0.152618932,0.109965497,0,0.221584468,0.104604529,0.156412932,0.162422601,0,0.118253612,0,0.060094343,0.225211339,0.117843586,0,0,0,0.174444989,0.186616786,0.469263416,0,0.068269496,0,0,0.182841342,0,0.112487358,0.17234532,0.107921893,0.164481277,0.134606361,0.102291172,0,0,0,0.310070828,0.082852137,0.090482185,0.108741116,0.141499675,0,0,0,0,0,0.205770045,0
0,0.316114209,0.234139417,0.40664657,0,0,0.265878399,0.818518081,0.2897106,0,0.258323215,0,0.523177498,0.138874908,0.27161061,0.247055508,0.207248269,0.228231362,0.350609287,0,0.332926221,0.245761073,0.289767682,0.160446948,0.379296038,0.186097729,0.363212363,0.273192828,0.394090316,0.303458193,0.412210136,0.347397313,0,0.66177329,0,0.535887283,0.280208063,0,0,0,0,0.393896856,0.227020923,0,0.216972157,0.153055558,0.192911383,0.296686151,0.602257709,0.176862462,0.380933958,0.498433369,0.241953642,0.400230185,0.56918146,0,0.264668605,0.225629234,0.273393674,0.453965446,0.410813097,0.262441821,1,0,0.293642896,0,0.641831988,0.342031728,0,0.410607229,0.124644971,0,0.337707603,0.272657499,0.122114641,0.413947009,0.271862271,0.206529001,0.277920346,0.315505306,0.325384567,0,0.350875174,0.486519704,0.235923317,0.351631882,0.264800164,0.243349104,0.43463236,0,0.514153646,0,0.43695482,0.374930263,0.473257216,0.301085403,0.468477405,0.364785723,0.391186551,0,0.374047274,0.380257117,0.430473313,0.35720439,0,0,0.43491938,0,0.348035139,0.357364747,0.32398265,0.32333821,0,0.560614248,0.302416286,0.423378464,0.385410345,0.777772508,0.098470604,0.394544439,0.378106458,0.162724345,0.450194465,0.186376828,0.209638379,0,0,0.442317233,0,0.369258396,0.523696034,0.327331079,0.217832656,0,0.40334875,0.431238134,0.467079601,0.343297701,0.365503464,0,0.318824912,0.476060545,0.324524259,0.473774089,0.480155025,0,0,0.21251061,0,0,0.317777691,0.351842482,0.408828588,0.225388161,0,0,0.266787576,0,0,0.373362895,0.411347755,0.250199016,0.28256642,0,0,0,0.386546957,0.297550009,0,0,0.39192567,0,0.576642918,0.431005325,0,0.320539893,0.301560492,0.122344234,0.254791621,0,0.295970678,0,0.359445076,0.160756219,0.34985246,0.388996177,0,0,0.269181912,0.278443685,0,0,0.335703402,0,0.520973135,0,0.227616732,0.343430973,0.524452878,0.323472868,0.407237701,0.508913934,0.468946283,0.190992749,0.199164065,0.335728648,0.499764514,0.39635664,0.275855898,0.293152458,0.410769653,0,0,0,0.458542597,0.222788091,0.257534133,0.333660801
0,0,0,0.048226647,0,0,0,0,0.032299392,0,0,0,0,0,0,0,0,0,0,0,0,0,0,0,0.009255726,0,0,0.048519154,0,0,0,0,0,0,0,0,0,0,0,0.085930151,0,0.081150345,0,0,0,0,0,0,0,0,0.057006317,0,0,0,0,0,0,0,0,0,0,0,0,1,0,0.241276882,0,0,0,0,0,0,0,0.036349698,0,0.058532158,0.035191229,0,0,0.035646449,0.036952231,0,0,0.337427641,0.088520954,0.040487783,0.059613239,0,0,0,0,0,0.052691731,0.043709438,0,0,0,0,0,0,0,0,0,0.061735991,0.209153296,0,0.06234759,0,0,0,0.054554312,0.052099008,0,0.230939186,0,0.133498223,0,0,0,0,0,0,0,0.07926361,0,0,0.016288471,0,0,0,0,0,0,0,0,0,0,0,0,0,0.053472335,0,0,0,0,0,0,0,0,0,0.044936488,0.098274583,0,0,0,0,0.04536636,0,0,0.05143666,0,0,0,0,0,0,0.045346018,0,0,0,0,0,0,0.063635428,0,0,0,0,0,0,0.068851526,0,0,0,0.040244991,0.05853748,0,0,0,0,0,0,0.038330572,0,0,0,0,0,0,0.036698504,0,0.079333117,0,0,0,0,0,0.074994905,0.035762307,0.032740874,0,0,0,0,0.072490562,0,0,0
0,0.202531439,0.176717014,0.256026346,0,0,0,0.189096542,0.185734944,0.168542605,0.184105216,0.300779399,0.220657275,0.303190009,0,0.362703966,0,0.332652707,0.3867655,0.225794182,0.120551164,0.323736038,0.310356554,0.242934404,0.178152828,0.431106058,0.102053384,0.106716279,0.257685864,0,0.116249397,0.330554135,0,0.436721442,0,0,0.232212007,0.248264103,0,0,0,0.251101056,0,0.248264103,0.171526386,0.673675619,0.14494309,0,0.412750861,0.127580668,0.195501277,0.188955382,0.171352054,0.150750274,0.141976775,0,0.207246937,0,0,0.091394692,0.240235481,0.187339436,0.293642896,0,1,0.330090378,0.162027499,0.173623625,0.240487515,0.235425035,0.131621128,0.24105041,0.157547355,0.112162781,0.451730285,0.136667887,0.195736235,0.155567009,0,0.197463563,0.174499954,0,0.122906869,0,0.256712792,0.14664366,0.124792786,0.089470274,0.214885309,0.203942901,0.316996605,0.293023406,0.296041824,0.156598288,0,0.217438081,0,0.268667644,0.242787501,0,0.102713173,0.178705913,0.132619577,0.065863366,0,0,0.273208261,0.183791535,0,0.203416366,0,0.185573659,0.305182399,0.160388815,0,0.116038044,0,0.162171837,0.518251153,0.121170014,0.124497574,0,0.243415217,0.241292931,0.427478902,0.437398603,0.184761913,0.074785165,0.335333344,0.09006596,0.226262932,0.249641693,0.24006965,0,0.171906707,0.244459459,0,0.198397588,0.2435225,0.214890357,0.110583529,0,0.235789319,0,0.180145517,0.263376684,0.242343692,0.160250623,0.261824132,0.361133524,0.29367532,0.109600083,0.230344087,0.253754381,0,0,0.245011679,0.236591322,0.15249411,0.122891737,0.278224743,0.133325327,0,0.416944896,0,0,0.261025602,0.225907353,0,0,0.253932121,0,0.192753637,0.181149363,0.153156561,0.07308152,0.327431565,0.273427944,0.091301644,0.242348291,0,0.385130499,0.277020441,0.243430775,0.219451445,0.308343027,0,0.39427734,0.170650469,0.132371982,0.230657572,0,0.215867104,0,0,0,0.17212525,0.208969263,0,0.217534891,0.193252351,0.160334016,0.190173682,0.290197252,0.150874079,0.305782406,0.429532446,0.236397974,0.209679793,0.196755488,0.260679529,0,0,0,0.236808656,0.163463236,0.340113025,0.30894058
0,0.084859093,0.206093488,0.130235965,0,0,0,0,0.169743391,0,0,0.497607893,0.09669593,0.227116475,0,0.220763231,0,0.262092443,0,0,0.13353568,0.27213105,0,0.268432917,0.182201538,0.232926554,0.091954127,0.187580581,0,0,0.147790711,0,0,0,0,0,0.16512882,0.310426857,0,0,0,0.121604735,0,0.310426857,0.197195733,0.163551786,0.153651192,0,0,0.142215541,0.108964407,0.064692917,0,0.12340889,0.160338438,0,0,0,0,0,0,0,0,0.241276882,0.330090378,1,0.186386547,0.146855201,0,0.080994232,0,0.306587796,0.083522429,0.18632825,0.243308187,0.11145827,0.224846705,0.165642825,0.21060744,0.128159599,0.132400478,0,0.094731849,0.170666823,0.253782207,0.112912303,0.209158662,0.096429237,0.138189189,0.221615428,0,0.330941215,0.108568289,0.153891496,0,0.126772818,0,0.160274128,0.171688934,0,0,0.097979767,0.137851225,0.207733571,0.356839243,0,0.125420975,0.19802235,0,0.100113886,0.186864919,0.226454768,0,0.138390767,0,0.096278752,0.228493576,0,0.278063893,0,0.096015955,0,0,0.315586652,0,0.527639839,0.199149278,0,0.196076784,0.160990275,0.115824534,0.117254312,0,0,0,0,0,0,0.082405499,0.341455679,0.221177094,0,0.134487828,0,0.320127019,0.293614071,0.301225391,0.17096316,0.326748859,0.420513149,0.143216606,0.238366305,0,0,0,0,0.095227384,0.292389119,0.288229359,0.177570428,0.111466362,0.154185681,0,0.498160173,0.16074139,0,0.178466705,0,0,0,0.055926814,0,0,0.099442368,0,0.133910283,0.087981072,0.196692118,0.098559965,0,0.19995844,0.426782761,0,0.269039086,0.080270106,0.180281306,0,0.466140972,0.111486679,0.137059382,0,0,0.154930482,0,0,0,0.184545738,0.191481032,0,0.190641268,0.171632761,0.1436683,0,0.327340811,0,0.161520444,0,0.061614255,0.149858533,0.134293739,0.111298308,0,0,0,0.186677195,0.188288964,0.249339304,0.097766581
0,0.234607409,0.511874856,0.235699985,0,0,0.357568887,0.788131359,0.164304506,0,0.34403685,0.167386632,0.31004557,0.271398909,0.368014082,0.548944752,0,0.495313143,0,0,0.334123691,0.28238001,0,0.321274392,0.321432219,0.077815172,0.24210212,0.212420529,0.190301422,0.429020146,0.277707993,0.15299814,0,0.22761145,0,0.428026648,0.309601335,0.318084033,0,0,0,0.12630714,0.288894473,0.318084033,0,0,0.287956817,0.415608396,0.195861202,0.356084022,0.180866596,0.293981464,0.315599865,0.231701034,0.624042309,0,0.355384227,0.28664457,0.371295151,0.275158748,0.336214457,0.35138092,0.641831988,0,0.162027499,0.186386547,1,0.217536535,0,0.27653111,0,0.130317017,0.223865546,0.225690128,0.119036548,0.278984168,0.219141573,0.310571084,0.159777416,0.179787836,0.185757112,0,0.165438393,0.638707117,0.132546687,0.201723101,0.193018524,0.373431637,0.308465276,0.108334382,0.251923086,0.1624504,0.254720664,0.216026693,0.307508635,0.351566867,0.603257466,0.220328558,0.251650238,0,0.158711874,0.308474128,0.442587213,0.292007201,0,0,0.294470666,0.096714654,0.419547432,0.387812445,0.262533238,0.270630917,0,0.516216098,0.426940593,0.185641502,0.293228201,0.788411635,0.093003229,0.160701282,0.252845239,0,0.263098209,0.083932734,0,0.260958553,0.0972692,0.343619252,0,0.517441563,0.312528834,0.186935819,0,0,0.290577294,0.374637658,0.60768149,0.132606909,0.259254522,0.265294865,0.318177199,0.615890404,0.214517411,0.616919036,0.500399171,0.14392298,0.308430088,0.320610942,0,0.207125147,0.150800772,0.136365941,0.170534419,0,0,0,0.148092385,0.299172566,0.176258505,0.249416169,0.238636092,0.32977568,0.385270025,0.246100337,0,0,0.223205242,0,0,0,0.226539629,0,0.402987629,0.299634576,0,0.235921739,0.236913547,0.234771683,0.389353358,0,0.218102688,0.210263618,0.169815177,0.322007299,0.200635763,0.185041424,0,0.230000129,0.308827633,0.201840497,0,0,0.192015385,0,0.699431583,0,0.346260593,0.200598529,0.44865364,0.184600313,0.274059833,0.360132196,0.275447869,0.160661037,0,0,0.16312347,0.228048387,0.156048777,0.166361976,0.23827476,0,0,0,0.221716228,0.47315357,0.298205942,0
0.023623801,0.267374182,0.102529529,0.626064439,0.108067167,0,0.081923205,0.22666727,0.597094761,0.113558905,0,0.289932108,0.501152928,0.082247504,0.058970152,0.059405419,0.202279095,0.057751537,0.295767273,0,0.37548828,0.272613736,0.223977579,0.117451506,0.457281459,0.265667818,0.633388038,0.807212469,0.448592772,0,0.685324724,0.399511318,0.069854342,0.268147743,0,0.216219233,0.569909441,0.064411773,0,0,0.041270673,0.438170476,0.176113929,0.064411773,0.158246313,0.135147409,0.562375743,0,0.329941478,0.445837897,0.525337142,0.478023966,0.056703904,0.621269274,0.344433074,0,0,0.193499799,0,0.359185513,0.361655167,0,0.342031728,0,0.173623625,0.146855201,0.217536535,1,0,0.564057514,0.307303799,0.160798718,0.573034419,0.636529128,0.158155224,0.487267451,0.500264273,0.499705531,0.235678005,0.50485622,0.538036381,0,0.71914131,0.168927691,0.161047713,0.6405581,0.312839909,0.599180517,0.128082947,0.251015155,0.535997462,0.147456139,0.368230699,0.580518739,0.233883707,0.26438021,0.156410545,0.147869723,0.713269448,0,0.266003522,0.665378979,0.569348377,0.494319245,0.056219772,0,0.31036023,0.24105597,0.251347804,0.5664391,0.496347165,0.422682347,0.078406851,0.277056829,0,0.436508532,0.420303715,0.217118345,0.226882629,0.218481118,0.671133801,0.387936731,0.583928746,0.282548455,0.071640951,0.061677702,0.254714407,0.310034123,0.104773996,0.528380672,0.356343708,0.58851242,0.154203665,0,0.205542731,0.290585191,0.136933394,0.534376864,0.712509339,0.0619169,0.551210794,0.160680359,0.354639788,0.231373132,0.415357661,0.18962859,0.064006085,0.624587351,0,0.110171181,0.389710372,0.41368448,0.335327346,0.065989382,0,0,0.450449699,0.084704548,0.274011693,0.511625414,0.478262457,0,0.091051968,0.104359302,0.111767781,0,0.445252323,0.279454095,0,0,0.478898527,0,0.422098208,0.414760317,0.083661196,0.322181283,0.296555805,0.136197699,0.492535434,0,0.38695629,0.105897776,0.541866657,0.1203947,0.615341117,0.413016584,0,0.140183998,0.201269727,0.341874937,0,0,0.515879918,0.056796864,0.172897843,0,0.502082189,0.394588866,0.387794892,0.603454156,0.474612595,0.343129713,0.448834615,0.131938143,0.153060124,0.180560067,0.296829439,0.366704953,0.546542291,0.612038411,0.487906055,0.053870783,0.130287618,0,0.399273191,0.242822148,0.286821829,0.347208683
0,0,0,0.062969756,0,0,0,0,0.042390863,0,0,0,0.086011453,0,0,0,0.084321835,0.103621014,0.043648155,0,0,0,0,0,0,0.093699639,0,0.019371954,0.076306203,0,0,0.145866239,0,0,0.139338111,0,0,0,0,0,0,0,0,0,0,0.227207738,0,0,0.202102021,0,0.074223585,0,0,0,0,0,0.475795226,0,0,0,0.158873188,0,0,0,0.240487515,0,0,0,1,0.075409174,0,0,0.059458192,0,0,0.076172949,0,0,0.043981294,0.046733033,0.04842449,0.164970211,0,0,0.114101827,0.052997145,0.023716712,0,0,0,0,0,0.068701065,0.057154746,0,0,0,0,0,0,0,0.067309471,0,0.08025985,0.079400979,0,0.08103907,0,0,0,0,0,0.35768903,0,0,0,0,0,0.115934067,0,0.088966492,0,0.07126025,0,0.426549444,0,0,0,0.298514799,0,0,0.048759649,0,0,0,0.183220707,0,0.122011007,0.055461133,0.168476847,0.021315589,0,0.056713284,0,0,0,0,0,0,0,0.058736004,0.038618867,0.167806482,0,0,0,0.05928967,0,0,0.06709174,0.063847378,0,0,0,0,0.153462231,0.059263473,0,0,0,0,0,0.117430035,0.082678865,0,0,0.101571916,0.120599962,0,0.712821643,0.027311156,0,0.069105041,0,0.052683467,0.076179744,0,0,0,0.085296878,0,0,0.05020839,0,0,0,0,0.084689302,0,0.048095935,0,0.1025584,0,0,0.256106444,0.028786098,0.147657019,0.097084417,0.040101899,0.04296414,0,0,0,0,0.093917513,0.094298123,0,0.132877193
0.053431424,0.388694225,0.146943833,0.758165919,0.123635227,0,0.195650007,0.350214811,0.628087229,0.140138225,0.165075648,0.228609082,0.588582294,0.141991498,0.102113141,0.162206784,0.202131515,0.205450349,0.350167388,0.06941781,0.217089382,0.239002816,0.103991998,0.081011626,0.345299483,0.329754858,0.695385452,0.510694372,0.510505354,0.106307609,0.575717385,0.458326626,0.081130096,0.384948557,0,0.254155779,0.373524437,0,0,0,0,0.487228928,0.122585805,0,0.18029542,0.312745155,0.375180495,0.105464287,0.371451594,0.262381848,0.593418554,0.478328056,0.160855373,0.597872466,0.350248129,0,0.172914234,0.166831271,0.145786488,0.307821895,0.564612493,0.166086416,0.410607229,0,0.235425035,0.080994232,0.27653111,0.564057514,0.075409174,1,0.326597049,0.121323431,0.68204151,0.551368538,0.152946183,0.660420444,0.52682511,0.414683977,0.379551592,0.627724439,0.62421089,0,0.588020099,0.193845071,0.420721255,0.667664631,0.386759111,0.431067682,0.177191745,0.130479865,0.684381884,0.105867955,0.495313112,0.640141957,0.267581983,0.382747053,0.220671613,0.356620033,0.590446064,0,0.332830038,0.701852591,0.543632997,0.537103029,0.069602931,0,0.537626694,0.162974252,0.16731874,0.476748717,0.522922043,0.387666086,0.231776826,0.249979087,0.106179455,0.373028847,0.375852635,0.273869475,0.293381332,0.320574046,0.69764799,0.348859663,0.742451598,0.21512883,0.199757725,0,0.115906628,0.40011922,0.185236807,0.423704098,0.406506926,0.61937888,0.177512882,0,0.167591402,0.435663749,0.189398836,0.561398584,0.638566637,0.022418105,0.468737395,0.195216201,0.563309467,0.265139483,0.357654259,0.05219544,0,0.349742249,0,0.059550664,0.485628196,0.369673462,0.372335934,0,0,0,0.483017265,0,0.116200814,0.647000344,0.607916497,0.147002788,0.105075631,0.050147885,0.093319633,0,0.518439331,0.322007601,0.034980233,0,0.484463159,0,0.571892887,0.571120786,0.147097833,0.569169101,0.476222337,0.268733963,0.458545123,0.075591168,0.429101612,0,0.601476079,0.081090395,0.682580858,0.507424743,0,0.092353375,0.283612586,0.594586041,0.069870733,0.030757368,0.578505787,0,0.199091008,0,0.410177845,0.432734817,0.431122131,0.596750218,0.456196956,0.51333687,0.474935808,0.088481125,0.237163441,0.158533537,0.449557762,0.484211191,0.530556168,0.614739298,0.509836553,0.056178537,0.093319604,0,0.475721834,0.095542614,0.227935819,0.365498448
0,0.128061887,0.098711501,0.347344204,0.438949957,0,0,0.143145789,0.260122274,0.128537004,0,0.208926447,0.179106936,0.097803922,0,0,0.056970227,0,0.36563462,0.047778576,0.108807472,0.160514245,0.27683915,0.090152749,0.134908728,0.2228581,0.331852633,0.192387652,0.328086041,0,0.270737995,0.549183478,0.178231382,0.129170438,0.051103245,0.146093579,0.285104449,0,0,0,0.048018548,0.265102633,0,0,0,0.128107669,0.296938673,0,0.170021735,0.188181908,0.280492462,0.184696968,0.058320967,0.223550382,0.119859412,0,0,0.237599666,0,0.156392947,0.493092454,0.041993422,0.124644971,0,0.131621128,0,0,0.307303799,0,0.326597049,1,0.285497526,0.278759751,0.247300028,0.175251964,0.210032194,0.244835546,0.386940427,0.048685038,0.252014508,0.281827011,0,0.361832651,0,0.056998275,0.355287103,0.056457243,0.306035538,0.157449913,0.213270496,0.411978676,0.359846359,0.18080739,0.3090251,0.140967973,0.268301003,0,0,0.256183075,0,0.115325134,0.388919317,0.189816628,0.050156431,0.024765242,0,0.228901284,0.360028008,0.128299318,0.434007996,0.174277006,0.116354414,0.102361586,0.129118074,0,0.189757364,0.203366623,0,0.214503458,0.20752853,0.273887861,0.318042102,0.35626638,0.156285365,0.165495026,0,0.350580566,0.263784528,0.224896403,0.137281272,0.099551483,0.288394981,0.170560021,0,0.136035715,0.24890071,0,0.474674672,0.330789457,0.044130449,0.07976803,0,0.223560573,0.144549636,0.108855007,0.079804391,0,0.259328864,0,0,0.225531052,0.234122706,0.21732791,0,0,0,0.245542114,0,0.215018943,0.195046251,0.191125609,0,0,0,0,0,0.154500589,0.11466096,0,0,0.185914069,0,0.342076315,0.219063351,0,0.094503048,0.205839783,0.059069483,0.349083802,0,0.075806933,0.056948559,0.381590356,0.09030135,0.298646835,0.186968147,0,0,0.12371918,0.126189758,0,0,0.278223993,0.135643091,0,0.051695533,0.166301315,0.102520155,0.198292638,0.243901796,0.242324571,0.053108317,0.244147323,0.086125758,0,0.210575169,0.168527947,0.143102981,0.225093029,0.342680672,0.351987901,0.122276752,0,0,0.125985175,0,0.167150454,0.158146953
0.066003481,0.270959194,0.139653731,0.090248344,0.489890582,0,0,0,0.289215315,0.138167195,0,0.468878823,0.138864322,0.596133181,0,0.146238583,0,0.179442639,0,0,0.102071687,0.628950741,0,0.562388674,0.361065292,0.430788377,0.215495701,0.157457625,0.267602388,0,0.104180046,0.224961612,0,0,0,0.10593208,0.375989523,0.180839295,0,0,0,0.090757895,0.031646836,0.180839295,0.303983398,0.120682944,0.38297517,0,0,0.305894225,0.15962046,0.173356535,0,0.187467587,0.117024646,0,0,0,0,0.174979707,0.08212141,0,0,0,0.24105041,0.306587796,0.130317017,0.160798718,0,0.121323431,0.285497526,1,0.166354559,0.249331916,0.452853506,0.176534745,0.304323161,0.482589791,0.135416281,0.205214986,0.183270341,0,0.143329311,0,0.238598406,0.188896029,0.204022993,0.254347817,0,0.578136106,0.071261697,0.61616537,0.229049563,0.140971815,0,0.346227444,0,0.19899718,0.161783555,0,0.19381573,0.165143599,0.137751944,0.169335926,0.087353869,0,0.315734125,0.709269,0.158383234,0.262242251,0.196414247,0.310210364,0,0,0,0.094255639,0.194026915,0,0.443997437,0.112321839,0.076369572,0.09809376,0.167766241,0.459004868,0,0.331755429,0.616915082,0.176671037,0.543044698,0.156639766,0.203759455,0.21376799,0,0,0,0.209727723,0,0.069511174,0.183189916,0.213401549,0.145448061,0,0.281761645,0,0.288889021,0.486003222,0.177677517,0.298282841,0.191118415,0.463009639,0.278920606,0.040508152,0.178486935,0,0,0,0.292989844,0.174565745,0.124078202,0.110331132,0.237473385,0,0,0.319854352,0,0,0.224479937,0,0,0,0.22678346,0,0,0.187734436,0,0.18617194,0.27098733,0.381742108,0.229398562,0,0.126869445,0.288837948,0.151083593,0.584746971,0.153103938,0.231908861,0,0.306343428,0.338194297,0.172225531,0,0,0.260827505,0.146729737,0,0,0.381352629,0.295572784,0.079425196,0.267518869,0.268059899,0.08937214,0.17512905,0.555944469,0.241971187,0.263271008,0.113655389,0.190929636,0.22689211,0.237594182,0.320811327,0,0,0,0.131992664,0.131244162,0.538670323,0.106346447
0.042000963,0.426262758,0.118188012,0.70287998,0.052196696,0,0.155788328,0.284043428,0.657117051,0.164439231,0.131738949,0.182963244,0.653232987,0.246208818,0.135225816,0.129905372,0.164305324,0.126574192,0.349180681,0.054630967,0.307357963,0.24068175,0.181175762,0.218670517,0.482522322,0.401139595,0.704710361,0.533927311,0.607364607,0.083803105,0.650683932,0.32010865,0.063775978,0.31546761,0,0.300982942,0.439829729,0,0,0,0.03129257,0.514687794,0.149693079,0,0.212605543,0.221921137,0.498358452,0.083278159,0.337286895,0.223860893,0.611283731,0.549492737,0.181178324,0.691635391,0.268970911,0,0.137733517,0.226908998,0.115834222,0.425572696,0.405373498,0.132381899,0.337707603,0,0.157547355,0.083522429,0.223865546,0.573034419,0.059458192,0.68204151,0.278759751,0.166354559,1,0.577822804,0.286679273,0.692993487,0.660028133,0.486728061,0.340800369,0.672358334,0.674631589,0,0.639504283,0.155243271,0.536643223,0.778259822,0.463280133,0.453765262,0.177800003,0.190660996,0.569544353,0.150377041,0.618608365,0.725131962,0.215290998,0.31977727,0.156112699,0.288731475,0.571420558,0,0.335583512,0.638858622,0.55461727,0.597647084,0.115569726,0,0.610706939,0.223342326,0.253374168,0.443702737,0.60018927,0.523939611,0.191001327,0.202913396,0.083723447,0.354732659,0.40737522,0.222117987,0.365027721,0.455333224,0.674911296,0.351608206,0.761917115,0.321836681,0.131876424,0,0.217845858,0.434146635,0.170605633,0.556431273,0.428112939,0.624400231,0.141465299,0,0.172360973,0.256607392,0.204035196,0.50227244,0.586494909,0,0.498220676,0.208621662,0.65211716,0.212789684,0.387041284,0.182039657,0,0.382774667,0,0.116259188,0.609883995,0.418821999,0.281778962,0,0,0,0.655458705,0,0.154724655,0.670297996,0.713209866,0.079150221,0.083417438,0.039945003,0.074473672,0,0.646809252,0.265703116,0.022879424,0,0.642534758,0,0.588446641,0.607423106,0.076592705,0.594478741,0.563119879,0.409806041,0.500387897,0.059571278,0.414577731,0.019749316,0.62733455,0.195409669,0.765299034,0.573560055,0,0.073856989,0.291493379,0.66605026,0.054911096,0.024055455,0.632998552,0,0.15858988,0,0.486132849,0.577412159,0.429473589,0.678999416,0.623180988,0.559762214,0.519537032,0.175173591,0.290503272,0.23149528,0.468244595,0.549818651,0.698193626,0.722422309,0.658209334,0.044235357,0.074473653,0,0.549007924,0.127639552,0.255176575,0.459650664
0.050823454,0.441748943,0.12716923,0.592065051,0.178853788,0.022367797,0.125753761,0.181823147,0.760460391,0.090679408,0.064642421,0.217142115,0.501194051,0.187197429,0.109020086,0.108173829,0.155940113,0.119502379,0.257814426,0,0.312921956,0.257636104,0.175230959,0.151287361,0.527794769,0.27191683,0.568381674,0.691050721,0.507189791,0.067141378,0.648657526,0.313495007,0.050990087,0.215201359,0,0.317653001,0.45869954,0.046981516,0,0,0.025030916,0.35268317,0.152707731,0.046981516,0.119383048,0.083332842,0.409460998,0.066804001,0.22606149,0.339152794,0.522643091,0.524816462,0.125121398,0.710116516,0.262793094,0.041073377,0.06503258,0.166967945,0.102284502,0.380214131,0.2944902,0.064897279,0.272657499,0.036349698,0.112162781,0.18632825,0.225690128,0.636529128,0,0.551368538,0.247300028,0.249331916,0.577822804,1,0.091640264,0.576885224,0.639891173,0.371959937,0.416610362,0.685195644,0.660951777,0,0.649157146,0.160078847,0.310558999,0.646766809,0.553918179,0.43889631,0.09208599,0.208671454,0.428932808,0.144250568,0.502672549,0.615284811,0.175163788,0.295647109,0.162520075,0.229854187,0.656731699,0,0.368064793,0.579464105,0.556493075,0.595853949,0.194281997,0,0.453055026,0.270187044,0.307379075,0.399017908,0.639193463,0.569897283,0.089319178,0.242268622,0.067090237,0.378934454,0.504779439,0.225321984,0.195894873,0.257617294,0.578404927,0.309550543,0.576745013,0.392352527,0,0.045510048,0.236463661,0.406926265,0.079076547,0.496893654,0.300027955,0.707568938,0.060487419,0,0.184776664,0.268474074,0.165715106,0.353348731,0.664751031,0.05995102,0.621492027,0.169637082,0.570501132,0.172795434,0.50402891,0.11584335,0.046765315,0.445929243,0,0.082544116,0.554258224,0.384568089,0.308155219,0.048142831,0,0,0.580781307,0.046546926,0.164180809,0.583869203,0.547711272,0.125790262,0.078871781,0.077288497,0.131187621,0,0.551456624,0.307101237,0.021491772,0,0.577401545,0,0.431639375,0.54964223,0.093726102,0.461725811,0.296471551,0.248794226,0.406819439,0,0.570422136,0.109551857,0.555337319,0.17186499,0.665213,0.489119996,0,0.104280194,0.313112977,0.535636337,0,0,0.705851445,0.068178129,0.128052702,0,0.39367807,0.499591537,0.457144076,0.636882888,0.484619813,0.472006355,0.367357103,0.160123144,0.146779206,0.059032348,0.251596446,0.429882648,0.692213454,0.680830937,0.582741084,0.021161797,0.108189809,0,0.459320167,0.182987054,0.275662938,0.28920872
0.113694956,0.29891734,0.126778801,0.133662984,0.090468876,0,0,0.139818594,0.224448093,0.120252116,0.127970176,0.227002583,0.188249222,0.630602509,0,0.255839679,0,0.24051374,0.174633852,0.146811486,0.095018897,0.427885646,0.127414596,0.600457697,0.410374375,0.636412712,0.229401409,0.062802013,0.268354495,0,0.064461513,0.158670593,0,0.225374342,0,0,0.249551619,0.159822076,0,0,0.031035244,0.278694728,0,0.159822076,0.27774693,0.379073715,0.353712507,0,0.182138348,0.099332807,0.21111428,0.223097089,0.121675487,0.14753112,0.107847004,0,0,0,0,0.094981506,0.104218774,0.156772764,0.122114641,0,0.451730285,0.243308187,0.119036548,0.158155224,0,0.152946183,0.175251964,0.452853506,0.286679273,0.091640264,1,0.215152442,0.399232558,0.408681076,0,0.267626339,0.248116788,0,0.058907791,0,0.446197517,0.167792207,0.179561829,0.099350455,0.196013273,0.552616703,0.148007513,0.405657153,0.332001161,0.201174083,0,0.304173777,0,0.354883651,0.137478855,0,0.104597108,0.113814343,0.066399899,0.112012785,0.079834921,0,0.451571302,0.596775561,0,0.194085126,0.087278789,0.363118436,0.099781626,0,0,0,0.054785274,0,0.710342881,0.381784827,0.059585527,0,0.212513876,0.506305067,0.161063863,0.2970193,0.624180588,0,0.276736669,0.075007708,0.305672733,0.181920794,0.181018411,0,0,0,0,0.089082208,0.165488533,0.145295507,0.098091468,0,0.427518559,0,0.150792982,0.621153117,0.157347489,0.193993914,0.169017546,0.420610873,0.388821361,0.091009191,0.057737436,0,0,0,0.359568707,0.206311251,0.11380941,0.157081392,0.385859846,0,0,0.287443968,0,0,0.338773753,0.112516265,0,0,0.307408498,0,0.086958754,0.114415821,0,0.194874451,0.55582295,0.576023499,0.07586278,0,0,0.262146227,0.211282752,0.66834033,0.139225397,0.358578652,0,0.276485502,0.388084594,0.213888135,0.148852161,0,0.279797857,0.163915007,0,0,0.376224819,0.35459236,0,0.273164101,0.383572814,0.185133791,0.310170201,0.518703423,0.212743242,0.584140132,0.3506607,0.306248019,0.30536715,0.284046657,0.342205525,0,0,0,0.323365616,0.119809653,0.324702483,0.362633827
0.053980497,0.386464677,0.097201909,0.677390996,0.124767692,0,0.197539139,0.353290955,0.623561797,0.066072493,0.101132445,0.230550314,0.738728053,0.142577651,0.103107182,0.099358368,0.223755412,0.124129857,0.229293462,0,0.271513554,0.29217835,0.172434307,0.153846233,0.459648087,0.35034249,0.611168804,0.533580368,0.58440528,0.107385421,0.587461673,0.305829881,0,0.33118828,0,0.311638244,0.423850624,0,0,0,0,0.514913692,0.097177096,0,0.26486811,0.2161181,0.416389356,0.106524982,0.37441955,0.264481708,0.727072096,0.482744253,0.098522873,0.572173196,0.264674832,0,0.174580907,0.157481562,0.103363091,0.367893982,0.369312646,0.101757634,0.413947009,0.058532158,0.136667887,0.11145827,0.278984168,0.487267451,0.076172949,0.660420444,0.210032194,0.176534745,0.692993487,0.576885224,0.215152442,1,0.604434479,0.341138377,0.315515296,0.656217012,0.688459345,0,0.53529063,0.248856733,0.555569313,0.735019342,0.478510483,0.377506769,0.178828146,0.15823914,0.467915998,0.138677656,0.68453055,0.777206589,0.196953425,0.275560721,0.195700797,0.298172255,0.554273137,0,0.454510714,0.573979448,0.48014063,0.722277189,0.093436279,0,0.610646336,0.235904416,0.223384574,0.38589932,0.535144218,0.480181319,0.212544994,0.231992931,0.107254658,0.324442445,0.324140468,0.276275333,0.315804824,0.540929084,0.555776522,0.255118199,0.730559171,0.345462834,0.183497251,0,0.188732784,0.384349703,0.269684524,0.474937666,0.512574992,0.545105112,0.197332545,0,0.143647232,0.394220252,0.191154487,0.459604599,0.539811655,0,0.479501581,0.197011738,0.608253631,0.193569205,0.379555478,0.17383676,0,0.295385989,0,0.145766211,0.601379834,0.472228125,0.448000692,0,0,0,0.648380688,0,0,0.812209148,0.683778909,0.099862964,0.106105285,0,0.133876636,0,0.690888637,0.395721981,0,0,0.533572813,0,0.559321009,0.700038904,0.09762749,0.625430653,0.520391844,0.413684227,0.327332238,0.098324684,0.45670235,0,0.662237146,0.153996975,0.706510657,0.704199595,0,0.093225986,0.283700995,0.542756471,0,0,0.699919248,0.039997549,0.201009665,0,0.38990774,0.644217251,0.407885596,0.575414429,0.471430061,0.749589954,0.434517585,0.215826084,0.319050585,0.284316366,0.51241656,0.618854921,0.601996276,0.654518305,0.499827058,0,0.094210658,0,0.696356753,0.096393155,0.299521266,0.57454486
0.03251252,0.581926838,0.103490011,0.557145036,0.136227801,0,0.1219057,0.225833036,0.730040317,0.122148579,0.126504381,0.160617779,0.568423639,0.396402054,0.105667279,0.14508448,0.143705205,0.172990036,0.304162477,0.0423302,0.284098053,0.270419161,0.160007459,0.321296169,0.649018494,0.569140111,0.591237084,0.484711828,0.591771843,0.06502463,0.563071195,0.239778756,0.049369531,0.253137618,0,0.27936971,0.409171238,0.045485385,0,0,0,0.484535237,0.118592599,0.045485385,0.212808152,0.247278248,0.424084357,0.06470814,0.232584511,0.21079997,0.506499044,0.557646881,0.14267729,0.661059954,0.26943113,0,0.063044742,0.179844824,0.100912046,0.390079378,0.192152038,0.103679188,0.271862271,0.035191229,0.195736235,0.224846705,0.219141573,0.500264273,0,0.52682511,0.244835546,0.304323161,0.660028133,0.639891173,0.399232558,0.604434479,1,0.4398034,0.380648982,0.706606127,0.698285475,0,0.512740008,0.155267454,0.504041776,0.618708008,0.573106436,0.298713224,0.14018686,0.30885386,0.449802784,0.250622873,0.638441953,0.645807108,0.169976581,0.406299247,0.157715458,0.302207895,0.493210616,0,0.369605214,0.498350873,0.49124967,0.522379901,0.158205646,0,0.620955909,0.416507186,0.221557133,0.307886533,0.62323037,0.719377359,0.119998985,0.193194684,0.064976661,0.317703859,0.475048579,0.187964222,0.462391891,0.38022924,0.547817596,0.26317393,0.559741583,0.537033654,0.069786078,0.090981375,0.390584936,0.428286832,0.13705336,0.440654057,0.393954691,0.664891342,0.110776978,0,0.118713956,0.198964002,0.160771301,0.326781786,0.600518771,0.058094695,0.534365899,0.164600949,0.767999726,0.16763665,0.510524409,0.242332114,0.045282705,0.358220743,0.048274995,0.141116673,0.715850436,0.397144655,0.213026696,0,0,0,0.674527411,0.045077914,0.180660747,0.567969102,0.682166468,0.121997505,0.065109417,0.090062382,0.112795288,0,0.707665213,0.317773071,0,0.020126266,0.729939684,0,0.432149385,0.52115155,0.093482053,0.473713619,0.550096647,0.470196284,0.348094228,0,0.480875558,0.137533037,0.539994782,0.348601712,0.624787044,0.634999916,0,0.146965729,0.452436709,0.53912435,0.042498188,0,0.683580312,0.117528552,0.124138954,0,0.434416185,0.591736962,0.44690834,0.780687551,0.675738662,0.492953303,0.488882967,0.280411446,0.220193473,0.279032317,0.347083492,0.51641395,0.815403914,0.712071173,0.692811024,0.020492433,0.104901997,0,0.553296364,0.142794419,0.212987819,0.384888025
0.035793976,0.274176346,0.14827496,0.416303549,0.156168658,0,0,0.226970745,0.419208179,0.082894349,0,0.368676003,0.30801053,0.298960971,0,0.086650743,0,0.083176287,0.165327457,0,0.289714871,0.539970387,0.062009225,0.381274865,0.439710808,0.344236613,0.486268433,0.448075137,0.340299861,0,0.393806684,0.308918221,0.105834524,0,0,0.100127815,0.727629871,0.09773057,0,0,0.019076549,0.289123801,0.173707087,0.09773057,0.188710063,0.078674751,0.774430207,0,0.142866579,0.354353,0.345338836,0.268581958,0,0.373892282,0.372231572,0,0,0.277185221,0.055799668,0.356122381,0.408144564,0.017575154,0.206529001,0,0.155567009,0.165642825,0.310571084,0.499705531,0,0.414683977,0.386940427,0.482589791,0.486728061,0.371959937,0.408681076,0.341138377,0.4398034,1,0.083285976,0.365326146,0.378040143,0,0.463825809,0.246403697,0.255713882,0.440242985,0.232221565,0.604566589,0,0.483106474,0.353345423,0.383077597,0.337140704,0.423172218,0.215643111,0.298870851,0.12374892,0.077908336,0.375651335,0,0.078909318,0.490790612,0.495829276,0.334045824,0,0,0.402213966,0.607175005,0.251426607,0.599660946,0.348573525,0.419112628,0.066345605,0.312073519,0,0.275972005,0.193245145,0.227005787,0.367316104,0.168411674,0.453155178,0.329248925,0.464501347,0.361204376,0,0.188898191,0.600836703,0.260292255,0.337626601,0.454795089,0.332396762,0.418690595,0,0,0.210686154,0.220963082,0.116725065,0.324207465,0.465406707,0.092099856,0.273962345,0.124787588,0.384387223,0.33606236,0.31928273,0.556896013,0.096799654,0.621997023,0.103554602,0.355484773,0.318586471,0.128298133,0.255988527,0,0,0,0.39551111,0.095868618,0.296613244,0.298848758,0.339305854,0.036613475,0.135184488,0.249198159,0,0,0.286331363,0,0,0,0.348254172,0,0.268485446,0.410787201,0,0.185598817,0.495355852,0.319937138,0.56839619,0,0.169062534,0.174163317,0.415894393,0.364228494,0.378938843,0.3027864,0,0.180378481,0.306547562,0.206724273,0,0,0.413722535,0,0.254942687,0,0.671310171,0.317310151,0.236177423,0.44815809,0.42155428,0.258394804,0.340259624,0.364894864,0.203883433,0.269447659,0.129502433,0.317768664,0.397320083,0.482593241,0.465481024,0.073111764,0,0,0.342278395,0.253122204,0.442931495,0.161973197
0,0.515050113,0.224547946,0.258746431,0.068033399,0.070927825,0.185405441,0.157123992,0.36068758,0,0.181699699,0.097545315,0.346507133,0.216928745,0.188174781,0.176051985,0.188586677,0.238492375,0.13769993,0,0.245474039,0.141682054,0.081292984,0.171420416,0.362425993,0.235682298,0.233902696,0.261695934,0.237817723,0.20292974,0.338310737,0,0,0.28717542,0,0.280936507,0.07251718,0,0,0,0,0.170451545,0.053067642,0,0.160532713,0.0193497,0.11621384,0.199878785,0.135561536,0.185633078,0.273146401,0.405570151,0.173445789,0.412008128,0.182125579,0.068535323,0.184816342,0,0.269214023,0.255526702,0.119221457,0.183727768,0.277920346,0,0,0.21060744,0.159777416,0.235678005,0.043981294,0.379551592,0.048685038,0.135416281,0.340800369,0.416610362,0,0.315515296,0.380648982,0.083285976,1,0.291066265,0.298236913,0,0.224803492,0,0.331872042,0.293936317,0.600060522,0.083475527,0.249266345,0.089132301,0.242038672,0.058742033,0.377397247,0.291836505,0.170139232,0.21700127,0.262934481,0.281330806,0.230783045,0,0.47265758,0.28234312,0.353149656,0.357945143,0.18985228,0,0.376776905,0.093147014,0.092423551,0,0.568082156,0.392206214,0,0,0.202463277,0.276838024,0.569294698,0.157157064,0.065406703,0.22761267,0.424721514,0.358871668,0.253593152,0.331876861,0,0,0.093538358,0.265237004,0,0.278219182,0.270771258,0.330401381,0,0,0,0.128306479,0.172388885,0.186818846,0.299747358,0.083400365,0.558406092,0.170054373,0.378264447,0,0.438222408,0,0,0.088742797,0,0,0.34957858,0.318776934,0.140340972,0,0,0,0.250175575,0,0.156249446,0.319467546,0.277763188,0.177642442,0.033873135,0,0,0,0.323196721,0.260759787,0.062809558,0,0.310010014,0,0.271827073,0.253002033,0,0.503780618,0.110661145,0.173494575,0.148825374,0,0.741119839,0.125983865,0.230303356,0.127338796,0.313246947,0.240002037,0,0,0.261492455,0.485832494,0,0,0.290555094,0,0,0,0.041247439,0.380676987,0.344374183,0.370673784,0.300819091,0.310431727,0.211526187,0.219095432,0.226182073,0.161088467,0.350808005,0.291019812,0.344859366,0.282101755,0.403412173,0,0.134844435,0,0.250161055,0.034904207,0.162975792,0.179693922
0.032931944,0.484908087,0.094405939,0.706592658,0.109030126,0,0.123418997,0.228472709,0.793928541,0.113248182,0.128063803,0.132955252,0.595743075,0.266481857,0.106985684,0.103399265,0.177683923,0.119147553,0.318175424,0.042874441,0.21988795,0.233458448,0.182237379,0.200907928,0.544039266,0.452796106,0.635281886,0.516717714,0.56205364,0.065856584,0.563481208,0.398218965,0.050006363,0.297158792,0,0.282488562,0.375281374,0,0,0.014637616,0.024548907,0.499454465,0.119998128,0,0.170788013,0.208296242,0.372507827,0.065531964,0.309311746,0.1593578,0.703817829,0.594718467,0.144407327,0.626816803,0.217879534,0.018582264,0.114992844,0.164013323,0.110939501,0.396654277,0.354720976,0.104962189,0.315505306,0.035646449,0.197463563,0.128159599,0.179787836,0.50485622,0.046733033,0.627724439,0.252014508,0.205214986,0.672358334,0.685195644,0.267626339,0.656217012,0.706606127,0.365326146,0.291066265,1,0.912869794,0,0.597278841,0.157160237,0.485748689,0.711188931,0.450139191,0.313121562,0.158458202,0.268155663,0.469708635,0.120762276,0.603698325,0.71540599,0.172017773,0.317831963,0.124788122,0.263263784,0.551103287,0,0.402325994,0.548046479,0.426280313,0.628497132,0.151126906,0,0.595556731,0.306562497,0.236384872,0.310064614,0.563389469,0.631133313,0.165380147,0.238045375,0.06580738,0.334111167,0.43538644,0.221382648,0.391249396,0.395482071,0.562426528,0.216135882,0.633166899,0.441770171,0.115469523,0.014002697,0.305404291,0.364606147,0.133253028,0.355324014,0.366098547,0.68840267,0.112148545,0,0.181497264,0.259529186,0.162716446,0.387194918,0.61728376,0,0.480733796,0.1665826,0.685527805,0.169666351,0.405882073,0.178284222,0,0.264881152,0,0.092918628,0.684841539,0.374522136,0.291193822,0.047212706,0,0.008260424,0.603254492,0,0.103331546,0.794972019,0.747124974,0.123489472,0.079928059,0,0.089299416,0,0.804680105,0.276565332,0.018830464,0.020389824,0.648225724,0,0.464339062,0.610318698,0.091959301,0.538808422,0.53534711,0.401095851,0.339953717,0.060266609,0.38691674,0.015772127,0.611120069,0.228426689,0.689701654,0.701093836,0,0.05871843,0.331252856,0.561947691,0.043046786,0,0.825300122,0.075423251,0.125678118,0,0.397903476,0.603205204,0.405808923,0.72245093,0.576870208,0.598725539,0.482741398,0.200355761,0.238352333,0.218407671,0.436201266,0.534317296,0.731763584,0.730759265,0.594680764,0.055486153,0.05910754,0,0.585055849,0.102450877,0.226491949,0.457649922
0.034134884,0.463226814,0.097611634,0.729179452,0.106785744,0,0.127751194,0.23600858,0.782522189,0.117112215,0.108201216,0.114737807,0.610180334,0.2473796,0.110760866,0.10696123,0.179692035,0.123164969,0.322211519,0.04443511,0.226573573,0.240222841,0.175784841,0.206969302,0.551758325,0.436841132,0.650288322,0.532802208,0.564592416,0.068241728,0.546018639,0.382845019,0.051832839,0.306593154,0,0.291374643,0.385843198,0,0.006450188,0.015180715,0,0.540358655,0.106431443,0,0.176452439,0.185911777,0.387495036,0.067893231,0.318879309,0.142679208,0.715559933,0.546662811,0.149354557,0.628513533,0.224850295,0.019263488,0.112973851,0.169491525,0.077534981,0.385684796,0.381217183,0.108634561,0.325384567,0.036952231,0.174499954,0.132400478,0.185757112,0.538036381,0.04842449,0.62421089,0.281827011,0.183270341,0.674631589,0.660951777,0.248116788,0.688459345,0.698285475,0.378040143,0.298236913,0.912869794,1,0,0.58854803,0.162574198,0.498724538,0.751039388,0.466807639,0.347162782,0.163861238,0.249260232,0.45795877,0.14892204,0.645139988,0.727944638,0.177852184,0.299725935,0.129013108,0.242137056,0.548137512,0,0.413791133,0.562173061,0.441676849,0.614458769,0.138997578,0,0.627647528,0.310140536,0.243757291,0.344490231,0.59036145,0.592186705,0.139905683,0.245873959,0.068188897,0.308808727,0.44257085,0.228685272,0.352085695,0.40023181,0.593688244,0.198500942,0.693672467,0.435091513,0.119472513,0.014498904,0.318105598,0.348546338,0.137666678,0.368743447,0.365563439,0.660743937,0.116074517,0,0.187577918,0.267390988,0.168278234,0.419399398,0.639116288,0.006133287,0.488429301,0.172247483,0.665426312,0.175470109,0.427905534,0.183806317,0,0.307224043,0,0.096066375,0.676051275,0.405194931,0.299839161,0.048939706,0,0.008568835,0.631450528,0,0.106705931,0.768724714,0.707611783,0.096112158,0.08276048,0.03276434,0.118164921,0,0.82779041,0.279592878,0.019500735,0.021146291,0.621885502,0,0.496772363,0.611030799,0.062589583,0.552706349,0.549115866,0.37232505,0.353022765,0.062451278,0.371885794,0.016308137,0.641495782,0.207110475,0.725559238,0.696136786,0,0.060750736,0.287413467,0.551492196,0.044620257,0,0.776773548,0.103958794,0.130084117,0,0.422250701,0.600922247,0.417179497,0.733579185,0.581270331,0.589441522,0.521368185,0.17693191,0.246057705,0.225296555,0.448746538,0.560749938,0.700045044,0.740080488,0.563246231,0.057502668,0.061167342,0,0.60072627,0.105860435,0.212589745,0.450933108
0,0,0,0,0,0,0,0,0,0,0,0,0,0,0,0,0,0,0,0,0,0,0,0,0,0,0,0,0,0,0,0,0,0,0.472793794,0,0,0,0,0,0,0,0,0,0,0,0,0,0,0,0,0,0,0,0,0,0,0,0,0,0,0,0,0,0,0,0,0,0.164970211,0,0,0,0,0,0,0,0,0,0,0,0,1,0,0,0,0,0,0,0,0,0,0,0,0,0,0,0,0,0,0,0,0,0,0,0,0,0,0,0,0,0,0,0,0,0,0,0,0,0,0,0,0,0,0,0,0,0,0,0,0,0,0,0,0,0,0,0,0,0,0,0,0,0,0,0,0,0,0,0,0,0,0,0,0,0,0,0,0,0,0,0,0,0,0,0,0.687492706,0,0,0,0,0,0,0,0,0,0,0,0,0,0,0,0,0,0,0,0,0,0,0,0,0,0,0,0,0,0,0,0,0,0,0,0,0,0,0,0.033695798,0,0,0,0,0,0,0,0,0,0,0,0
0,0.329142198,0.045515163,0.658382394,0.1679618,0,0.084392467,0.232946986,0.65851791,0.152810551,0,0.237003777,0.483852247,0.045371813,0.060760457,0,0.183697188,0,0.373012244,0,0.353893351,0.20423314,0.218566255,0.048623261,0.4749587,0.249234389,0.61854645,0.690878658,0.536017181,0,0.721199219,0.441917274,0.072078559,0.275208608,0,0.306167282,0.548217329,0,0,0,0.035355413,0.410855605,0.181087848,0,0.162663061,0.138691191,0.502697577,0,0.338336225,0.328081487,0.529925849,0.544703685,0.058357319,0.70466094,0.314556793,0.026826475,0,0.276666438,0.038793032,0.532570784,0.370229936,0,0.350875174,0,0.122906869,0.094731849,0.165438393,0.71914131,0,0.588020099,0.361832651,0.143329311,0.639504283,0.649157146,0.058907791,0.53529063,0.512740008,0.463825809,0.224803492,0.597278841,0.58854803,0,1,0.173890538,0.20257406,0.670046737,0.349071553,0.589567249,0.072121326,0.164973239,0.547102422,0.14852993,0.386225294,0.61221155,0.258272004,0.280046691,0.088176623,0.151719183,0.663618623,0,0.321914844,0.606964562,0.517362739,0.510764968,0.038691964,0,0.358488392,0.193288123,0.338288998,0.560948387,0.526520356,0.434969533,0.080665766,0.28470243,0,0.459103485,0.422664307,0.23905468,0.214452259,0.285224909,0.730003575,0.438235441,0.646955811,0.240282237,0.08461232,0,0.187225051,0.426223456,0.107693084,0.501934644,0.32569578,0.71255246,0.158834398,0,0.227614082,0.277027436,0.14091387,0.532655974,0.675600634,0,0.428061661,0.146477814,0.459465482,0.238105798,0.400138935,0.103906079,0,0.492125534,0,0.053558198,0.403502593,0.478585991,0.307462215,0.068094876,0.010559547,0,0.494013632,0,0.128960353,0.558056666,0.539420865,0.067996097,0.093832448,0.044859907,0.126243542,0,0.461741682,0.240426637,0.026850657,0,0.569027093,0,0.431094807,0.465628527,0.086237988,0.355192529,0.307128044,0.099250699,0.504034357,0,0.379408282,0,0.545352053,0.048666455,0.669443811,0.466685306,0,0.082785403,0.205203029,0.34648863,0,0,0.589736494,0.059360246,0.178100298,0,0.490005294,0.4416371,0.488650178,0.625086645,0.560569591,0.370424846,0.508570157,0.080263346,0.157188341,0.144032326,0.298433311,0.381644951,0.577706791,0.699105249,0.562019025,0.049954198,0.083560957,0,0.441009697,0.179782137,0.235517297,0.362069383
0,0.127130711,0,0.208388194,0,0,0,0.617537691,0.143177946,0,0,0,0.218848889,0,0,0,0,0,0,0,0.224498947,0,0,0,0.182111745,0,0.168515855,0.209555039,0.101739456,0,0.194717248,0.168775051,0,0,0,0.238522249,0.245578796,0,0,0,0,0.207268575,0.345360927,0,0,0,0.227263794,0,0.222485466,0.241268945,0.242947104,0.206820865,0,0.160933837,0.534137731,0,0,0.342150438,0,0.299359634,0.181679694,0,0.486519704,0.337427641,0,0.170666823,0.638707117,0.168927691,0,0.193845071,0,0,0.155243271,0.160078847,0,0.248856733,0.155267454,0.246403697,0,0.157160237,0.162574198,0,0.173890538,1,0.076855007,0.177119315,0.157361588,0.300682395,0,0,0.272059722,0,0.226083106,0.190230211,0.372302041,0.197597185,0.368566806,0,0.196951531,0,0,0.174394001,0.255914809,0.261174265,0.153942407,0,0.263511736,0,0.478533294,0.31332758,0.233391184,0.19337864,0,0.773933994,0,0.316066289,0.161805478,0.617797161,0,0,0.17638114,0,0.183919944,0.069779368,0,0,0,0.192643236,0,0.303051191,0.344127134,0.128665643,0,0,0.347768617,0.20504348,0.360700073,0.14429797,0.145379466,0,0.22915111,0.377935913,0.14847786,0.753490765,0.292213016,0,0,0.254965903,0,0,0.121390956,0.232862182,0.190369653,0,0,0,0.196920906,0,0,0.221134478,0.165985664,0,0.492700122,0,0,0,0.196838977,0,0,0,0.157183295,0,0.290043485,0.268419269,0,0.123398679,0.254637779,0,0.159883579,0,0.179172861,0,0.178732505,0,0.176125754,0.248877294,0,0,0.171247615,0.104435064,0,0,0.16826432,0,0.880335598,0,0.27702398,0.103751716,0.326059407,0.161523994,0.192015006,0.326704438,0.299701881,0,0,0,0,0.31087476,0.135758141,0.145030931,0.165722099,0,0,0,0.301641311,0.33565929,0,0
0.081450955,0.4462371,0.139096929,0.399691904,0,0,0.289179427,0.13071545,0.416725617,0.091063856,0.24271061,0.173682307,0.425782227,0.453581452,0.151514853,0.236559035,0.249248257,0.225740348,0.162619302,0.105519743,0.111753734,0.323429616,0,0.397714838,0.443892855,0.58211996,0.343720764,0.233501435,0.438136636,0.160936818,0.224106616,0.162985002,0,0.433396037,0,0.238093238,0.129852057,0,0,0,0,0.375961195,0,0,0.470747501,0.363232368,0.208694024,0.159011916,0.354931987,0,0.437905898,0.296851026,0.233695694,0.346374405,0.123643675,0,0.255362729,0,0.152068107,0.234910524,0.176776488,0.244901977,0.235923317,0.088520954,0.256712792,0.253782207,0.132546687,0.161047713,0.114101827,0.420721255,0.056998275,0.238598406,0.536643223,0.310558999,0.446197517,0.555569313,0.504041776,0.255713882,0.331872042,0.485748689,0.498724538,0,0.20257406,0.076855007,1,0.438008619,0.490673716,0,0.140359118,0.256875926,0.2810483,0.198949619,0.582560459,0.521394643,0.139785487,0.247420637,0.146389395,0.572214873,0.179521555,0,0.474038889,0.296094466,0.214655427,0.535546182,0.176918972,0,0.694966624,0.315760799,0,0,0.376303783,0.512339738,0.304152591,0.069550412,0.160643294,0.16431239,0.247169729,0.130738338,0.541168236,0.584990673,0.320440907,0.110594818,0.460208363,0.604204988,0.103373139,0.112605067,0.289438315,0.267138462,0.307355879,0.091245544,0.418398969,0.398114495,0.138616851,0,0,0.188339706,0.141110544,0.240303094,0.277571254,0,0.356071426,0.139542475,0.605493191,0,0.244945664,0.315075412,0,0.060405601,0.121026527,0.224264289,0.605376652,0.318220496,0.229195878,0,0,0,0.494630235,0,0,0.476644155,0.593857307,0.144611278,0,0.109910982,0.13720885,0,0.629728328,0.325107994,0,0.051578064,0.434789096,0,0.386670064,0.475136443,0.14457826,0.596739685,0.596409911,0.736101445,0.092120257,0.114519016,0.367355959,0.102565448,0.389539344,0.398236656,0.410928491,0.59855597,0,0.241900487,0.383202215,0.556411714,0.106569834,0,0.494033512,0,0,0,0.270172882,0.683641713,0.279881248,0.465218342,0.415061785,0.665431175,0.230225298,0.38728705,0.498786733,0.378382215,0.571905349,0.551841555,0.472141065,0.459111204,0.413167806,0.05096707,0.137208788,0,0.602684473,0,0.274165189,0.623917048
0,0.384291814,0.106208952,0.735370728,0.089408478,0,0.139417177,0.25614911,0.745457501,0.114170039,0.071610633,0.168700156,0.657649684,0.162283838,0.120933609,0.070716553,0.14830923,0.069085554,0.333718937,0,0.314570762,0.297620413,0.28166806,0.171907376,0.463032898,0.307532926,0.708494161,0.664075984,0.593969561,0.074690218,0.670057539,0.414516051,0.056776346,0.289767986,0,0.292287606,0.45838812,0,0,0,0,0.503463273,0.134762136,0,0.191601142,0.15929674,0.511660416,0.074272947,0.323061041,0.2540468,0.689486712,0.539867782,0.138360713,0.664839144,0.243415088,0,0.12327761,0.204319239,0.072721897,0.415393205,0.452502694,0.071923531,0.351631882,0.040487783,0.14664366,0.112912303,0.201723101,0.6405581,0.052997145,0.667664631,0.355287103,0.188896029,0.778259822,0.646766809,0.167792207,0.735019342,0.618708008,0.440242985,0.293936317,0.711188931,0.751039388,0,0.670046737,0.177119315,0.438008619,1,0.448234787,0.459119781,0.127849645,0.216610907,0.547948185,0.136086934,0.652196401,0.770133917,0.193497249,0.253541643,0.198850111,0.188441057,0.645893007,0,0.394340335,0.719581164,0.499887456,0.630642922,0.10839602,0,0.522717548,0.237318107,0.22995499,0.45790978,0.616589839,0.490225227,0.17164236,0.266789599,0.074626935,0.373131703,0.406906088,0.248202607,0.277241469,0.401452028,0.705651814,0.365204548,0.75701016,0.348230255,0.109532012,0,0.232293261,0.375629753,0.195192927,0.483087095,0.424712255,0.693337526,0.139442169,0,0.203859234,0.397630438,0.183206253,0.536421338,0.678041375,0,0.44372777,0.187442768,0.573823918,0.191049028,0.407751559,0.165338906,0,0.432516199,0,0.104505873,0.62618544,0.457272461,0.384936308,0.053614877,0,0,0.635804528,0,0.122976846,0.720158229,0.662351141,0.104742109,0.084499997,0.035752583,0.100783799,0,0.64540904,0.283348523,0.041747043,0,0.586277953,0,0.56145521,0.636870293,0.06840428,0.533862807,0.438765217,0.325628141,0.457243778,0.053086971,0.410590232,0.078141497,0.693017066,0.150688027,0.846747846,0.619958563,0,0.066213876,0.250064018,0.547429955,0,0.021371518,0.756105525,0,0.141946986,0,0.458708299,0.564600294,0.443135437,0.722070496,0.584866119,0.602382032,0.442410293,0.158578532,0.233214117,0.209836334,0.444085011,0.503458529,0.686789707,0.819237517,0.619451963,0.039406893,0.10711647,0.010494934,0.55434603,0.114982499,0.289799708,0.438071433
0,0.683713029,0.144427419,0.361285515,0.039733718,0.036961707,0.200947967,0.19109082,0.513439296,0.06448215,0.169495117,0.067201551,0.459514171,0.320616486,0.104901263,0.16647199,0.20128035,0.182261696,0.207070304,0.071409383,0.261462011,0.204584926,0.074474739,0.245688697,0.482554323,0.345556493,0.388373541,0.398070819,0.461495421,0.109332882,0.365823287,0.082110363,0,0.320000209,0,0.222374805,0.274803761,0,0,0,0,0.418267377,0.130180332,0,0.339191552,0.233486164,0.275360881,0.10844108,0.166433317,0.224867582,0.38138638,0.413905204,0.195347048,0.500561244,0.223481554,0.036301324,0.103849253,0.11814439,0.149777129,0.344088387,0.079325309,0.170560905,0.264800164,0.059613239,0.124792786,0.209158662,0.193018524,0.312839909,0.023716712,0.386759111,0.056457243,0.204022993,0.463280133,0.553918179,0.179561829,0.478510483,0.573106436,0.232221565,0.600060522,0.450139191,0.466807639,0,0.349071553,0.157361588,0.490673716,0.448234787,1,0.131538481,0.171244184,0.224203087,0.350062488,0.182655872,0.6572382,0.479870913,0.220319433,0.376866275,0.254388022,0.380732808,0.297054944,0,0.497733709,0.364815674,0.362061983,0.519879995,0.232620439,0,0.564256246,0.203461451,0.16949947,0.074735132,0.651750679,0.549432864,0.092030442,0.146531572,0.109197335,0.308472779,0.455501278,0.191115006,0.224376404,0.375140153,0.436085857,0.258273847,0.467736751,0.415532933,0,0.077729611,0.210446341,0.305025364,0.154111555,0.300841855,0.461380029,0.491133361,0.096502592,0,0.098929661,0.122011955,0.099806342,0.230460667,0.452399932,0.037496415,0.676225021,0.200247559,0.592413141,0.10215324,0.480863063,0.139378109,0.015041839,0.180289686,0.081651541,0.159522071,0.567120142,0.395597566,0.081454694,0,0,0,0.544670116,0,0.107586501,0.489307563,0.469426666,0.149862891,0.126746129,0.076436314,0.208744751,0,0.523749302,0.328244153,0.034629238,0,0.56584816,0,0.356385199,0.371199317,0.099354641,0.522613668,0.419467629,0.368599797,0.177435335,0,0.746213213,0.176143555,0.491451993,0.235073688,0.48162197,0.421250834,0,0.169703734,0.461702092,0.481738291,0.071888757,0,0.472623087,0.040685771,0.106147457,0,0.275715382,0.4916108,0.404192809,0.519042516,0.47146999,0.459105002,0.349674556,0.281679947,0.3051882,0.232185242,0.426819561,0.566728188,0.574275477,0.516746299,0.49126149,0,0.186169606,0,0.449655271,0.118724552,0.237672991,0.25410412
0.044897885,0.206845852,0.179860613,0.456635632,0.18933992,0,0,0.272239084,0.37790786,0.200166685,0,0.341826413,0.357923645,0.071375919,0.107685589,0.105738457,0,0.100609974,0.178044419,0,0.490056025,0.325959288,0.155250969,0.105601467,0.365290397,0.056003368,0.48421741,0.636110209,0.329074012,0,0.573668153,0.258654738,0,0,0,0.280930477,0.667649482,0.122715527,0,0,0,0.183537931,0.304541905,0.122715527,0,0,0.712123744,0,0.114078245,0.565288842,0.370524586,0.288805865,0.100360974,0.438625048,0.34427744,0,0,0.317785916,0,0.429222738,0.390394043,0,0.243349104,0,0.089470274,0.096429237,0.373431637,0.599180517,0,0.431067682,0.306035538,0.254347817,0.453765262,0.43889631,0.099350455,0.377506769,0.298713224,0.604566589,0.083475527,0.313121562,0.347162782,0,0.589567249,0.300682395,0,0.459119781,0.131538481,1,0.034262669,0.24849995,0.403722704,0.244909791,0.183894655,0.336234459,0.150547356,0.272161146,0.14993292,0,0.546686235,0,0.083116398,0.521096906,0.585556617,0.316249372,0,0,0.205250919,0.307468439,0.455764521,0.754135954,0.308830649,0.281748251,0,0.270469193,0,0.353811151,0.274846724,0.272289499,0.063462167,0,0.496034328,0.348451666,0.497244067,0.059103725,0,0.113158899,0.320822155,0.320993122,0.179457337,0.710570985,0.201620614,0.412305836,0,0,0.146371906,0.257761458,0.241801481,0.373831377,0.545621174,0.113966667,0.319659648,0.25011165,0.16068265,0.295764903,0.443089869,0.243149378,0.121251354,0.733671724,0,0.192814763,0.108676801,0.224056573,0.247587492,0,0,0,0.313561168,0.159551458,0.174958228,0.363722804,0.248004197,0,0.167054536,0.18924373,0,0,0.205553172,0,0,0,0.314139136,0,0.296180978,0.380414206,0,0.202239919,0.167194596,0.06487082,0.65807929,0,0.184865157,0.102448108,0.331125059,0.105746638,0.434469505,0.242396421,0,0.106918386,0.102083166,0.184913117,0,0,0.326264069,0,0.31349555,0,0.640342632,0.133522788,0.344909947,0.379591442,0.379166175,0.168154582,0.431601592,0.089052039,0,0,0.084592262,0.22981197,0.320938135,0.434711091,0.40146719,0.091467314,0,0,0.159480087,0.398537257,0.309442762,0
0,0.154493337,0.346431217,0.187523349,0,0,0.420745418,0.546130345,0.129369665,0,0.402133621,0,0.249385379,0.171929394,0.435282699,0.375475498,0,0.333651967,0.14093493,0,0,0.220644303,0.27905036,0.253667684,0.09113973,0.097669714,0.154348685,0.041011631,0.179113349,0.523296338,0.222311293,0.143549355,0,0.460095169,0,0.242203387,0.032632188,0,0,0,0,0.167269604,0,0,0,0.205676052,0.056289327,0.503478684,0.187590475,0,0.079116915,0.188858397,0.363816366,0.184233989,0,0,0.417723834,0,0.439880367,0,0.340389519,0.412203773,0.43463236,0,0.214885309,0.138189189,0.308465276,0.128082947,0,0.177191745,0.157449913,0,0.177800003,0.09208599,0.196013273,0.178828146,0.14018686,0,0.249266345,0.158458202,0.163861238,0,0.072121326,0,0.140359118,0.127849645,0.171244184,0.034262669,1,0.044680107,0.111963883,0,0.162694089,0.191404319,0,0.187534914,0.341019593,0.242792315,0.104163699,0,0.170045006,0.159658062,0.185316186,0.149295122,0.125238199,0,0.189186325,0,0,0.164197291,0.133644831,0.111010032,0,0,0.520205703,0,0.224712325,0.298845533,0.11787234,0.31505475,0.161451803,0,0.168251752,0,0.322730718,0,0.074135661,0.182969712,0,0.218635703,0.140822567,0.135479444,0.342569056,0,0,0.209336936,0.359197053,0.123222101,0.133402695,0,0.155316704,0.349208184,0.136212228,0,0.210996359,0,0,0.029158136,0,0,0.140733173,0.126939922,0,0,0,0,0.06431291,0.121293921,0.129781529,0.222069803,0.152061789,0.38278471,0,0,0,0.027785284,0.177258478,0.173086891,0,0,0.144098651,0,0.26311795,0.15336735,0,0.185813503,0.104938153,0.147291135,0.152608376,0,0.164409651,0,0.074101033,0.254296609,0.127140377,0.08101814,0,0,0.163174519,0.157749143,0,0,0.139263558,0,0,0,0,0.107690971,0.161335965,0.145778515,0.201167509,0.127795347,0.162726041,0,0,0.202825213,0.320152655,0.100810717,0.122722595,0.104898197,0.151823514,0,0,0,0.097872622,0,0.233998302,0.132611935
0,0.32017599,0.224348489,0.114645984,0.291259851,0,0,0,0.308211279,0,0,0.387351397,0.071869898,0.558766411,0,0.119115322,0,0.112646851,0.073324683,0,0.238746917,0.523213146,0.148168456,0.610703958,0.381004735,0.470537262,0.249497021,0.219944967,0.19548155,0,0.133801441,0.256691916,0,0,0,0.090240013,0.369178492,0.141106285,0,0.008836107,0,0.130274638,0.021739381,0.141106285,0.274106118,0.1025516,0.5045087,0,0.058831257,0.247537347,0.148428934,0.260652942,0,0.207266538,0.098987423,0,0,0,0,0.155896752,0.206223817,0,0,0,0.203942901,0.221615428,0.108334382,0.251015155,0,0.130479865,0.213270496,0.578136106,0.190660996,0.208671454,0.552616703,0.15823914,0.30885386,0.483106474,0.089132301,0.268155663,0.249260232,0,0.164973239,0,0.256875926,0.216610907,0.224203087,0.24849995,0.044680107,1,0.049832522,0.499829886,0.178262832,0.211834855,0,0.284630109,0.092760991,0.169478462,0.213551118,0,0.170674872,0.2064275,0.218358282,0.164062091,0,0,0.286150589,0.668538219,0.088476377,0.200561748,0.222293102,0.330899913,0,0,0,0.026360502,0.200911333,0,0.537734903,0.148505964,0.118166248,0.14888442,0.18848381,0.48999056,0.023840537,0.265315887,0.712236073,0.076240721,0.347054363,0.133878411,0.252048637,0.252669206,0,0,0.021810677,0.077103561,0,0.115162451,0.261866943,0.129660922,0.190797376,0.036105551,0.282900987,0,0.263695132,0.583820553,0.139173827,0.345522558,0.149312303,0.482964214,0.325415787,0,0.127521582,0,0,0,0.261561308,0.137257324,0.28810698,0.198743883,0.319211815,0,0.033032005,0.257649195,0,0,0.210612007,0,0.02562986,0,0.293868592,0,0,0.167421723,0,0.1361881,0.286616153,0.437986824,0.252476052,0,0.09084428,0.36032482,0.141088079,0.673717211,0.182894355,0.252513354,0,0.24880984,0.464316155,0.111539641,0,0,0.317705099,0.212865157,0,0,0.437572037,0.307318591,0.130620447,0.296731148,0.346767604,0.080591659,0.236224426,0.398952972,0.194827589,0.3478936,0.099824412,0.160895861,0.25710484,0.322635164,0.257464526,0.104892832,0.155823678,0,0.146397502,0.130421047,0.421685679,0.141512299
0,0.366074524,0.070441609,0.612219067,0.090198217,0,0.133999698,0.353097948,0.445171216,0.179057397,0.091740786,0.081375237,0.597740081,0.075461045,0,0.089503102,0.317300332,0.085557074,0.550078919,0.101036507,0.280328412,0.136453252,0.290777855,0,0.349265372,0.298819121,0.546701794,0.47378949,0.562866443,0,0.478497515,0.488654845,0.118370952,0.482548425,0,0.224547128,0.430721299,0,0,0,0,0.611967321,0.169119839,0,0.247511912,0.336385591,0.339971517,0,0.529609282,0.279668176,0.519985857,0.48015114,0.088460044,0.535681088,0.44294987,0,0,0.304240024,0,0.438637394,0.343183671,0.092536857,0.514153646,0,0.316996605,0,0.251923086,0.535997462,0,0.684381884,0.411978676,0.071261697,0.569544353,0.428932808,0.148007513,0.467915998,0.449802784,0.353345423,0.242038672,0.469708635,0.45795877,0,0.547102422,0.272059722,0.2810483,0.547948185,0.350062488,0.403722704,0.111963883,0.049832522,1,0.142598244,0.520065039,0.565651561,0.372066057,0.394642789,0.136172039,0.297551404,0.593838143,0,0.398068443,0.570097777,0.501096111,0.341286131,0.033961696,0,0.508084638,0.059634193,0.222542613,0.435546846,0.399251779,0.374163668,0.227337288,0.430676019,0,0.515372906,0.325258011,0.338243291,0.249413157,0.299114685,0.552055098,0.407268235,0.670422476,0.28104615,0.115972912,0,0.050889716,0.392774341,0.085903286,0.358766357,0.52005156,0.521706318,0.251654005,0,0.323915109,0.287764277,0.128679354,0.626298128,0.554437312,0,0.421024261,0.137430778,0.479650799,0.370535218,0.361539052,0,0,0.258307167,0,0,0.468902883,0.489817632,0.380988203,0.111977357,0,0,0.514053889,0,0.158181469,0.442847893,0.548468856,0.067606627,0.150148542,0,0.131915456,0,0.455060488,0.422484506,0.041362551,0,0.545719241,0,0.647475699,0.508689515,0.211070648,0.429231862,0.467728141,0.143681761,0.318987642,0,0.333228876,0,0.675628067,0,0.615713799,0.525935988,0,0.129992884,0.227941774,0.476380004,0.101998855,0.045372716,0.453392925,0,0.282507175,0,0.346316674,0.368598868,0.432681673,0.51145985,0.439739453,0.428999881,0.532330255,0.119006984,0.235054787,0.212009377,0.479987482,0.565608518,0.435453903,0.486803521,0.551468291,0.08167404,0.131915398,0,0.471565277,0.131412077,0.140868409,0.321362616
0,0.322214543,0.311728046,0.090948028,0.441694208,0,0,0,0.20783231,0.176060222,0,0.443895894,0.153205726,0.476894808,0,0.187960356,0,0.172344078,0.076202669,0,0.12078511,0.453059644,0,0.506019917,0.305479888,0.385625085,0.162054689,0.144147031,0.197382766,0,0.059752273,0.174139267,0,0,0,0.127554183,0.32481936,0.249258348,0,0,0,0.162179762,0,0.249258348,0.37864069,0.203414149,0.356887049,0,0,0.252413859,0.122737855,0.144040104,0,0.195224597,0.142301381,0,0,0,0,0.198688131,0.08222973,0,0,0,0.293023406,0.330941215,0.1624504,0.147456139,0,0.105867955,0.359846359,0.61616537,0.150377041,0.144250568,0.405657153,0.138677656,0.250622873,0.383077597,0.058742033,0.120762276,0.14892204,0,0.14852993,0,0.198949619,0.136086934,0.182655872,0.244909791,0,0.499829886,0.142598244,1,0.165077568,0.145332104,0,0.325449378,0,0.143202945,0.122316451,0,0.223333691,0.151776307,0.213293187,0.082132622,0,0,0.250868827,0.558970656,0.124058722,0.183169203,0.187649915,0.259253622,0,0,0,0.110476345,0.141353295,0,0.369064446,0.129623888,0.097241582,0.115786371,0.17539798,0.381036588,0,0.438893804,0.47452597,0.20530106,0.533647672,0.178084771,0.234790252,0.14987408,0,0,0,0.116382576,0,0.06788854,0.173156618,0.215634858,0.133866105,0,0.205720801,0,0.263350292,0.427331746,0.243290992,0.28150115,0.262864533,0.586390753,0.162541039,0,0.109650361,0,0,0,0.212412113,0.237494101,0.268894002,0.112757564,0.21489671,0,0,0.418303312,0,0,0.163798868,0,0,0,0.166138496,0,0,0.14835548,0,0.099905736,0.18181487,0.29615716,0.249930223,0,0.040812807,0.366792679,0.115607868,0.507055798,0.135382025,0.202558702,0,0.395491853,0.415578933,0.086320045,0,0,0.141766743,0.276627798,0,0,0.4589861,0.220964493,0.090989677,0.25000505,0.224582113,0.099991916,0.198880708,0.470947012,0.188393498,0.317486497,0.131403176,0.095765862,0.185744485,0.188508553,0.279113636,0.182410261,0,0,0.093275325,0.163893676,0.476019412,0.121730498
0,0.541410816,0.088482419,0.55009624,0.03559342,0,0.178981745,0.322841012,0.610312187,0.057706484,0.15115405,0.060667243,0.63570517,0.294449045,0.093349225,0.14874514,0.214840486,0.144393857,0.298027566,0.063192473,0.154620005,0.305586445,0.178456394,0.295024521,0.573691219,0.500626453,0.51625195,0.391509057,0.570168067,0.096842289,0.384234508,0.316273693,0,0.41369545,0,0.235527426,0.354031979,0,0,0,0,0.557640848,0.112814079,0,0.304915376,0.334983792,0.341720926,0.096141961,0.426441115,0.143165893,0.658832407,0.493908039,0.147607944,0.473280076,0.242789086,0,0.15820636,0.088422379,0.093558939,0.371700756,0.278876772,0.152001084,0.43695482,0.052691731,0.296041824,0.108568289,0.254720664,0.368230699,0.068701065,0.495313112,0.18080739,0.229049563,0.618608365,0.502672549,0.332001161,0.68453055,0.638441953,0.337140704,0.377397247,0.603698325,0.645139988,0,0.386225294,0.226083106,0.582560459,0.652196401,0.6572382,0.183894655,0.162694089,0.178262832,0.520065039,0.165077568,1,0.646802414,0.179313795,0.329668683,0.178216339,0.344898173,0.389833866,0,0.482797509,0.443220082,0.331338789,0.568730741,0.116567832,0,0.775757493,0.285888496,0.182638975,0.1882705,0.545195372,0.607772341,0.2181541,0.272201193,0.096735929,0.302692974,0.318994233,0.312832888,0.403299592,0.472868102,0.45074473,0.137593078,0.623479582,0.511639777,0.140079245,0.069118718,0.26587881,0.261642573,0.199279577,0.314669261,0.527710614,0.532576414,0.162446865,0,0.192670712,0.320263377,0.17384991,0.422693963,0.477637246,0,0.516085645,0.179302847,0.722244163,0.176027526,0.393815633,0.242824642,0,0.213450811,0.072202598,0.142925179,0.774283614,0.466133335,0.35050168,0.069742722,0,0,0.77812323,0,0,0.610963339,0.682732863,0.090682066,0.096003423,0.068094204,0.142508966,0,0.753812928,0.37880212,0.026353135,0,0.636002274,0,0.56773747,0.518130568,0.088250839,0.593336067,0.610130279,0.471984503,0.135110323,0.068852088,0.482656707,0.065201213,0.731929561,0.269012485,0.63521402,0.685261132,0,0.151514079,0.342241281,0.559022287,0.063567584,0.027925654,0.668021122,0.036249741,0.182159189,0,0.324896401,0.656917234,0.360468599,0.605948378,0.481204976,0.67553116,0.406029124,0.29897002,0.334142229,0.349782145,0.588927685,0.753564784,0.623402409,0.642993718,0.5711375,0,0.085449411,0,0.673524997,0.087982671,0.2691032,0.484778133
0.040356068,0.353434746,0.113939743,0.711478116,0.095906883,0,0.149966848,0.27417329,0.663713781,0.072517462,0.098452249,0.20631106,0.691965964,0.161287999,0.078122455,0.075951199,0.199395244,0.074073007,0.311643673,0,0.211890934,0.298058941,0.223478312,0.151754585,0.431930233,0.356206052,0.67363899,0.561382562,0.567704638,0.080554066,0.595530367,0.391839104,0.061278559,0.309276129,0,0.201917752,0.477999743,0,0,0,0.030069973,0.592427989,0.125999884,0,0.215073637,0.200980514,0.421412679,0.080068918,0.374002595,0.234282307,0.651794479,0.494869097,0.075462022,0.571339722,0.259948856,0,0.132593569,0.172109632,0.078269279,0.339119183,0.400345738,0.077345239,0.374930263,0.043709438,0.156598288,0.153891496,0.216026693,0.580518739,0.057154746,0.640141957,0.3090251,0.140971815,0.725131962,0.615284811,0.201174083,0.777206589,0.645807108,0.423172218,0.291836505,0.71540599,0.727944638,0,0.61221155,0.190230211,0.521394643,0.770133917,0.479870913,0.336234459,0.191404319,0.211834855,0.565651561,0.145332104,0.646802414,1,0.207562738,0.288982305,0.150520359,0.234919998,0.575914502,0,0.4177981,0.660397818,0.458682867,0.697652142,0.200462032,0,0.554370617,0.255040609,0.133266494,0.363916207,0.526741142,0.502773772,0.184135842,0.285498569,0.080480462,0.353747159,0.364127813,0.265669313,0.301901624,0.459724724,0.596791743,0.328084705,0.724103154,0.382366097,0.128128445,0,0.229441462,0.316854413,0.208994979,0.419782281,0.423855433,0.60245513,0.136195765,0,0.228487306,0.384184682,0.146530759,0.522980994,0.58178299,0,0.485568343,0.151294673,0.657513508,0.205075042,0.349358319,0.157156688,0,0.280686523,0,0.112091756,0.629948305,0.483370152,0.46470689,0.057873859,0,0,0.577059275,0,0.144512592,0.75399172,0.702501203,0.134694288,0.080265263,0,0.138539788,0,0.666721972,0.335980294,0.055715126,0.025071837,0.549087407,0,0.556536845,0.71871917,0.073677125,0.592664486,0.499052582,0.420424258,0.338967052,0.057259233,0.428492636,0,0.708553542,0.151873211,0.728422213,0.607548433,0,0.071142274,0.257552416,0.566955209,0,0.023096584,0.696852634,0.030385946,0.152672379,0,0.326976471,0.634055906,0.338980935,0.64704391,0.483826545,0.676689486,0.378428484,0.169316149,0.280641161,0.233200594,0.45818125,0.533087403,0.647326815,0.724254456,0.4930781,0.067919876,0.071714263,0,0.672665837,0.084523727,0.327581092,0.577288946
0,0.245062595,0,0.226985265,0,0,0,0.298033411,0.156921841,0,0,0,0.219682247,0,0,0,0.28304407,0,0.295450159,0,0.465908431,0,0,0,0.183610061,0.117663924,0.233325046,0.166464241,0.270460545,0,0.268757875,0.128698256,0.402718235,0.248379179,0,0.239223494,0.214942276,0,0,0,0,0.358784689,0.3193327,0,0.301497757,0,0.114783532,0,0.224002394,0.228270846,0.192383305,0.285050994,0,0.223030066,0.760466666,0,0,0.54981984,0,0.327592664,0.138103249,0,0.473257216,0,0,0,0.307508635,0.233883707,0,0.267581983,0.140967973,0,0.215290998,0.175163788,0,0.196953425,0.169976581,0.215643111,0.170139232,0.172017773,0.177852184,0,0.258272004,0.372302041,0.139785487,0.193497249,0.220319433,0.150547356,0,0,0.372066057,0,0.179313795,0.207562738,1,0.327879593,0.339072587,0.239793736,0.271769076,0,0.203192816,0.241293597,0.35065769,0.206462682,0,0,0.208264748,0,0.234663077,0.272047066,0.253620744,0.153849192,0,0.510553878,0,0.538325301,0.424264527,0.298149824,0,0.171179394,0.243984866,0.360082576,0.254183349,0.127308536,0,0,0,0.501606742,0,0.151690918,0.340349923,0.179005217,0,0,0.5581632,0,0,0.258768668,0.201851282,0,0.199979015,0.346986087,0.22120202,0.621920018,0.290780304,0,0,0.128351136,0,0,0.212872905,0.152485112,0.193163417,0,0,0,0.156614902,0,0.209692758,0.175470744,0.229891598,0,0.441376228,0,0,0,0.156550955,0.206977611,0,0,0.233926316,0,0.395816472,0.290725526,0,0.127280982,0.222631249,0,0.267575653,0,0.227171516,0,0.247167768,0,0.192429923,0.196969316,0,0,0.164595342,0.189135607,0,0,0.183977749,0,0.412515946,0,0.139090773,0.107537801,0.443078616,0.17672089,0.265113842,0.256684818,0.408530249,0.253569702,0.268177467,0.241833422,0.173909743,0.244609393,0.159823392,0.170589516,0.246381211,0,0,0,0.237549273,0.311020694,0,0.159209583
0,0.533553581,0.185288463,0.334276033,0.337414326,0,0.204618303,0.345223642,0.346719434,0.24852184,0.329759425,0.226541301,0.300743873,0.487866219,0.207996563,0.318506297,0,0.299199731,0.20450049,0.149020512,0.141539166,0.298214095,0,0.396614592,0.412583612,0.307229845,0.369628588,0.17159222,0.47672899,0.226173866,0.333426589,0.23019558,0.175234634,0.254144568,0,0.24956185,0.374073493,0,0,0,0,0.237945981,0.18160884,0,0.127578341,0.259748545,0.286295682,0.222390468,0,0.36327676,0.141318354,0.431943995,0.313337223,0.363278426,0.279341084,0,0.203901021,0.349962401,0.209040606,0.20367546,0.222443851,0.333817692,0.301085403,0,0.217438081,0.126772818,0.351566867,0.26438021,0,0.382747053,0.268301003,0.346227444,0.31977727,0.295647109,0.304173777,0.275560721,0.406299247,0.298870851,0.21700127,0.317831963,0.299725935,0,0.280046691,0.197597185,0.247420637,0.253541643,0.376866275,0.272161146,0.187534914,0.284630109,0.394642789,0.325449378,0.329668683,0.288982305,0.327879593,1,0.371556682,0.434420914,0.257506127,0,0.29419714,0.305278956,0.411231836,0.164965649,0,0,0.400436709,0.36789858,0.247512379,0.273646679,0.316712908,0.356102522,0,0.300655012,0.225594576,0.429363765,0.527426118,0.345302589,0.321113155,0.120290475,0.308086337,0.306088771,0.367060251,0.233478901,0,0.155144221,0.262156906,0.514949969,0.243641602,0.382765573,0.233878822,0.378247801,0,0,0.316555388,0.2298206,0.188878765,0.169519422,0.388328178,0,0.271062488,0.3763108,0.43708586,0.336096276,0.449290086,0.182789595,0,0.234120001,0.171595111,0.135451875,0.449243481,0.089851438,0.088284826,0,0,0,0.350232329,0,0.125119009,0.202502297,0.457546112,0.19520389,0.21549632,0.150075959,0,0,0.35083248,0,0,0,0.471652462,0,0.29343148,0.287518258,0,0.237806152,0.384428206,0.33030275,0.3806909,0,0.267395869,0.136707406,0.25931219,0.464768956,0.29070208,0.294721488,0,0.144281123,0.537232342,0.316000061,0.151123499,0,0.311955024,0.240588827,0.208378553,0,0.302601708,0.316229582,0.394129819,0.402984601,0.514480052,0.195667576,0.4781043,0.192470947,0,0.191341182,0.299197074,0.231400092,0.371372295,0.377588938,0.467204581,0,0,0,0.093170682,0.178889923,0.310428562,0
0,0.311241065,0.333663382,0.187267812,0,0,0.402060035,0.584818959,0.161321779,0,0.385031184,0,0.248309225,0.168725178,0.415314442,0.360523247,0,0.321792601,0,0,0.328969846,0.175923663,0.139852986,0.201667281,0.18247559,0,0.192486095,0.152638947,0.196009568,0.494701812,0.249125579,0,0,0.244859245,0,0.235892561,0.123348089,0,0,0,0,0.131328583,0.316580789,0,0,0,0.177582987,0.476954054,0,0.352076313,0.09664023,0.264185587,0.349760902,0.206832431,0.258424746,0,0.399299989,0.313880996,0.41949793,0.190026493,0.182436553,0.394253177,0.468477405,0,0,0,0.603257466,0.156410545,0,0.220671613,0,0,0.156112699,0.162520075,0,0.195700797,0.157715458,0.12374892,0.262934481,0.124788122,0.129013108,0,0.088176623,0.368566806,0.146389395,0.198850111,0.254388022,0.14993292,0.341019593,0.092760991,0.136172039,0,0.178216339,0.150520359,0.339072587,0.371556682,1,0.236451164,0.154517874,0,0.166910003,0.247850456,0.324777483,0.233409184,0.015782184,0,0.206908179,0,0.233173611,0.198528973,0.235129684,0.152960859,0,0.291642813,0.491938821,0.196695271,0.392663776,0.585045553,0,0.169111667,0.226218084,0.114749698,0.184242982,0,0,0,0,0.362690978,0,0.298837853,0.274667491,0.166077852,0,0,0.318602743,0.261665285,0.345489518,0,0.207417955,0,0.230960669,0.679978013,0.14944469,0.354644169,0.369074155,0,0,0.233391417,0,0,0.197432945,0,0,0,0,0,0.078711125,0,0.155893562,0.174405976,0.166675665,0.367256693,0.436136155,0,0,0,0.155641269,0,0,0,0.202113585,0.037032549,0.286499999,0.210653537,0,0.125895456,0.127745187,0.144933176,0.303505015,0,0.288589101,0.189088843,0.090573356,0.202156116,0.178509134,0.098937724,0,0,0.414589272,0.107105778,0,0,0.170682807,0,0.407935178,0,0.138566132,0.106425026,0.409999715,0.181640068,0.245756667,0.254844161,0.14946323,0,0,0,0.17179614,0.122787361,0.156240993,0.163377544,0.212850038,0,0.217270632,0,0.119254875,0.308409594,0.197371405,0
0.160860797,0.357103489,0.239040233,0.303001678,0.117999457,0,0.525796499,0.21531446,0.246294472,0.157687702,0.435531359,0.146793335,0.328585293,0.404861622,0.278227745,0.416114017,0.406195317,0.383762084,0.230762024,0.206729335,0.167653612,0.258734398,0,0.282511335,0.33996249,0.390619272,0.261383822,0.144619578,0.354911205,0.311741746,0.173521749,0.202015294,0,0.680574853,0,0.369999652,0.077687584,0,0,0,0,0.343652928,0,0,0.587183727,0.434944004,0.072726956,0.304599295,0.339476694,0,0.206968563,0.228058142,0.407334981,0.250873545,0.195917499,0,0.270947903,0,0.280099047,0.125404089,0.149976274,0.442638629,0.364785723,0,0.268667644,0.160274128,0.220328558,0.147869723,0,0.356620033,0,0.19899718,0.288731475,0.229854187,0.354883651,0.298172255,0.302207895,0.077908336,0.281330806,0.263263784,0.242137056,0,0.151719183,0,0.572214873,0.188441057,0.380732808,0,0.242792315,0.169478462,0.297551404,0.143202945,0.344898173,0.234919998,0.239793736,0.434420914,0.236451164,1,0.169283161,0,0.409468168,0.230554858,0.219383347,0.310985985,0.100533461,0,0.439664148,0.153283801,0,0,0.241159886,0.289502745,0.222669865,0,0.310642284,0.157816064,0.322040612,0.215376569,0.337783297,0.48382258,0.23287895,0.165058796,0.335683821,0.347401558,0.015307336,0.20847234,0.154066325,0.296865169,0.16081193,0.125729164,0.372674367,0.287507521,0.250790013,0,0,0.164641355,0.24504954,0.241831422,0.239105377,0,0.289601131,0.2403591,0.361096351,0,0.334793185,0.129388283,0,0.080186286,0.239299957,0.174401982,0.337280989,0.247918067,0.156686741,0,0,0,0.234428856,0,0,0.268738641,0.399022415,0.255803226,0,0.19942262,0.24621875,0,0.339840296,0.318826678,0,0,0.344598707,0,0.356457863,0.232087068,0.27100721,0.447212754,0.305949044,0.45256456,0.127395991,0,0.289581055,0.176488968,0.207389816,0.36392888,0.2288096,0.27527896,0,0.428923189,0.426051673,0.43512234,0.21079872,0,0.285604302,0,0,0,0.194717146,0.394135143,0.392125339,0.28410121,0.331928895,0.376564147,0.206239025,0.431717099,0.39007161,0.324063264,0.511881256,0.271952057,0.267012156,0.257346735,0.291436958,0,0.246218549,0,0.249513139,0,0.26494083,0.322848427
0,0.293366955,0.06774743,0.598642849,0.125569555,0,0.095914622,0.261861165,0.598566359,0.141148199,0,0.328092918,0.547499609,0.052655659,0.069124477,0.069260325,0.179334537,0.06702253,0.361567948,0,0.432580664,0.274137139,0.337820263,0.075703798,0.441573402,0.291022173,0.617553341,0.687558996,0.48455501,0,0.713179102,0.392260154,0.08255505,0.307477636,0,0.30322261,0.506187808,0.076161976,0,0,0.040478469,0.429847598,0.161482219,0.076161976,0.183022302,0.197643826,0.497764684,0,0.376516908,0.434798682,0.543814261,0.553768557,0.066031032,0.658436484,0.395530536,0,0,0.230322211,0,0.37365983,0.363231481,0,0.391186551,0,0.242787501,0.171688934,0.251650238,0.713269448,0,0.590446064,0.256183075,0.161783555,0.571420558,0.656731699,0.137478855,0.554273137,0.493210616,0.375651335,0.230783045,0.551103287,0.548137512,0,0.663618623,0.196951531,0.179521555,0.645893007,0.297054944,0.546686235,0.104163699,0.213551118,0.593838143,0.122316451,0.389833866,0.575914502,0.271769076,0.257506127,0.154517874,0.169283161,1,0,0.299388503,0.62025371,0.573723795,0.456856157,0.043368127,0,0.326388301,0.184643017,0.282007029,0.574589912,0.509800079,0.407188802,0.13866604,0.319884783,0,0.471934093,0.447044532,0.250833836,0.250323221,0.210621749,0.560345261,0.364998528,0.564236538,0.26363976,0.083642147,0.072368775,0.153476627,0.409994911,0.132619048,0.514690045,0.43783187,0.6150874,0.180429267,0,0.284791601,0.272647841,0.159378658,0.479891727,0.62568316,0.072698305,0.471617388,0.186812432,0.433353234,0.269342695,0.520069581,0.111960535,0.075595424,0.527221248,0,0.13691186,0.417560304,0.408278773,0.424413278,0.078015777,0,0,0.520204389,0.099926235,0.185340195,0.534953161,0.510200918,0.096678839,0.106835139,0.122150823,0.143286901,0,0.443014747,0.328283796,0,0,0.527705997,0,0.490125291,0.472926991,0.149585193,0.359425297,0.309435203,0.114979744,0.444628026,0,0.324462424,0.135034307,0.54899174,0.093618546,0.627422419,0.486155968,0,0.163608783,0.223117981,0.399657323,0,0,0.608004312,0,0.202369303,0,0.458076729,0.385462956,0.482522933,0.550150799,0.514609735,0.412723786,0.50981336,0.151432965,0.176120437,0.160758168,0.328766785,0.370745228,0.502748905,0.575065215,0.517791435,0,0.164691229,0,0.471316929,0.238807538,0.317756023,0.368206525
0,0,0,0,0,0,0,0,0,0,0,0,0,0,0,0,0,0,0,0,0,0,0,0,0,0,0,0,0,0,0,0,0,0,0,0,0,0,0,0,0,0,0,0,0,0,0,0,0,0,0,0,0,0,0,0.117202403,0,0,0,0,0,0,0,0,0,0,0,0,0,0,0,0,0,0,0,0,0,0,0,0,0,0,0,0,0,0,0,0,0,0,0,0,0,0,0,0,0,0,0,1,0,0,0,0,0,0,0,0,0,0,0,0,0,0,0,0,0,0,0,0,0,0,0,0,0,0,0,0,0,0,0,0,0,0,0,0,0,0,0,0,0,0,0,0,0,0,0,0,0,0,0,0,0,0,0,0,0,0,0,0,0,0,0,0,0,0,0,0,0,0,0,0,0,0,0,0,0,0,0,0,0,0,0,0,0,0,0,0,0,0,0,0,0,0,0,0,0,0,0,0,0,0,0,0,0,0,0,0,0,0,0,0,0,0,0,0,0,0
0,0.508385136,0.22296097,0.292771838,0.110122684,0.070284494,0.355350036,0.156093433,0.374839011,0,0.180322962,0,0.55230904,0.357121013,0.186698571,0.174759199,0.327935874,0.165125363,0.192216829,0,0.197822523,0.300554494,0.101682705,0.321411291,0.476604497,0.327853959,0.311023478,0.307066969,0.537194776,0.201214007,0.248683472,0.260354037,0,0.518893526,0,0.412771152,0.214159381,0,0,0,0,0.408928287,0.052706687,0,0.446920964,0.131470069,0.142756485,0.198214043,0.354446674,0.108895352,0.409749781,0.451813538,0.224278341,0.454844796,0.175502101,0.067934478,0.183392155,0,0.187539318,0.461820564,0.118627186,0.182320245,0.374047274,0,0.102713173,0,0.158711874,0.266003522,0,0.332830038,0.115325134,0.19381573,0.335583512,0.368064793,0.104597108,0.454510714,0.369605214,0.078909318,0.47265758,0.402325994,0.413791133,0,0.321914844,0,0.474038889,0.394340335,0.497733709,0.083116398,0.170045006,0.170674872,0.398068443,0.223333691,0.482797509,0.4177981,0.203192816,0.29419714,0.166910003,0.409468168,0.299388503,0,1,0.327686823,0.258349629,0.407971736,0,0,0.471101899,0.188167678,0.133986515,0,0.455437663,0.455515805,0.156678566,0.110022367,0.20075539,0.310503082,0.364541084,0.266984537,0.245209765,0.454520135,0.334540289,0.2697463,0.434241816,0.479108787,0,0,0.157956473,0.31256083,0.13953757,0.23752744,0.394278108,0.39299433,0.170098688,0,0.115322684,0.218234866,0.171149148,0.281265372,0.43562445,0,0.387197997,0.168847868,0.416227557,0,0.349126121,0.118719478,0,0,0,0.1478565,0.417684225,0.287042894,0.270204153,0.147166366,0,0,0.367009662,0,0,0.415080149,0.497429106,0.17632628,0,0,0.167983387,0,0.483401439,0.441354032,0.062304543,0.065460539,0.480739273,0,0.363774004,0.367043117,0.179163974,0.489981445,0.229875078,0.387879018,0.104041058,0.04121037,0.456677328,0.050990008,0.41060388,0.321899431,0.367357952,0.48216776,0,0.164878136,0.378018999,0.46090771,0,0,0.397706049,0.120232277,0,0,0.175871603,0.583208219,0.459945496,0.419861995,0.346104009,0.526545646,0.343336536,0.272255413,0.419362355,0.264905339,0.609559167,0.384649832,0.401249169,0.393693506,0.415801493,0,0.175490939,0,0.410633825,0,0.312052796,0.46560405
0.024452611,0.321449913,0.192623458,0.703945757,0.111490469,0,0.175506668,0.323402193,0.595737565,0.058983276,0.115053046,0.256001626,0.607688981,0.117168729,0.091523606,0.149885393,0.183211919,0.170590524,0.291302895,0,0.335861966,0.291809447,0.223973027,0.125585678,0.327156422,0.26607535,0.675233271,0.62658563,0.521150706,0.094878924,0.604147997,0.451325073,0.072304792,0.298929681,0,0.255293824,0.520285687,0.066677897,0,0,0.035466084,0.393721865,0.110762055,0.066677897,0.16311042,0.19515611,0.534138496,0.094206606,0.339184257,0.391224531,0.559199247,0.415708005,0.114480962,0.58210212,0.354522288,0,0.155139445,0.19950427,0.091725188,0.294857031,0.544585358,0.090458689,0.380257117,0,0.178705913,0.097979767,0.308474128,0.665378979,0.067309471,0.701852591,0.388919317,0.165143599,0.638858622,0.579464105,0.113814343,0.573979448,0.498350873,0.490790612,0.28234312,0.548046479,0.562173061,0,0.606964562,0.174394001,0.296094466,0.719581164,0.364815674,0.521096906,0.159658062,0.2064275,0.570097777,0.151776307,0.443220082,0.660397818,0.241293597,0.305278956,0.247850456,0.230554858,0.62025371,0,0.327686823,1,0.574832828,0.487304387,0.087142446,0.005825065,0.452307925,0.212588121,0.152625151,0.564922616,0.496462166,0.336028208,0.142555917,0.226421611,0.094776831,0.31128463,0.396080935,0.263919679,0.225408602,0.273362385,0.754587702,0.442642383,0.676692688,0.238510773,0.163377351,0.06375243,0.206563517,0.341779311,0.167612395,0.470168178,0.447139522,0.595831274,0.182258012,0,0.215591819,0.365172636,0.170594921,0.623810482,0.72363903,0.064008025,0.453077875,0.175969025,0.490000329,0.238788598,0.443143166,0.142729491,0.066243256,0.529695829,0,0.113655881,0.438935682,0.412392883,0.348489047,0,0,0,0.442328315,0.065805913,0.262457883,0.613833861,0.502316961,0.157152172,0.094114868,0.107818739,0.126614864,0,0.420720271,0.281998123,0,0,0.468478518,0,0.62139346,0.519997224,0.086499792,0.443826016,0.382577156,0.279821235,0.53899171,0.067454431,0.378696347,0.135560524,0.585919882,0.125697512,0.668779794,0.385850731,0,0.144749414,0.238399557,0.469398767,0,0,0.566071093,0,0.17862847,0,0.410669647,0.388251123,0.44028917,0.583091514,0.495309862,0.430565658,0.38193402,0.135789005,0.21532087,0.144402757,0.368852736,0.453160859,0.505903911,0.647319096,0.487909367,0.080056239,0.134570602,0,0.426243943,0.144917607,0.306831224,0.258684161
0,0.415189712,0.280126486,0.604315435,0.085009336,0,0.134980646,0.354358235,0.487133321,0.086033515,0.133005767,0.22720046,0.4874929,0.15602002,0.136442532,0.219949526,0.14392773,0.210803888,0.338727165,0,0.470790296,0.281718683,0.13432865,0.171308416,0.423774581,0.161783223,0.494445033,0.513655889,0.488953032,0.144036213,0.712430169,0.206063142,0.110444332,0.222921254,0,0.39224994,0.527299112,0.102006405,0,0,0,0.296242198,0.180037429,0.102006405,0.121518227,0.0536432,0.562801972,0.142492428,0.206890446,0.446641079,0.319547282,0.503735263,0.128528513,0.650900055,0.498175083,0,0.134668137,0.295201516,0.155548019,0.345035156,0.417408114,0.13408924,0.430473313,0,0.132619577,0.137851225,0.442587213,0.569348377,0,0.543632997,0.189816628,0.137751944,0.55461727,0.556493075,0.066399899,0.48014063,0.49124967,0.495829276,0.353149656,0.426280313,0.441676849,0,0.517362739,0.255914809,0.214655427,0.499887456,0.362061983,0.585556617,0.185316186,0.218358282,0.501096111,0.213293187,0.331338789,0.458682867,0.35065769,0.411231836,0.324777483,0.219383347,0.573723795,0,0.258349629,0.574832828,1,0.412688847,0.052538745,0,0.325855503,0.168853869,0.328096587,0.509344778,0.490774507,0.423680122,0.061366247,0.323073631,0.143801056,0.4219418,0.487845643,0.354414883,0.097731334,0.240842852,0.564175596,0.450463973,0.587609435,0.132163947,0,0.095315176,0.11192101,0.623385811,0.081183867,0.629590324,0.324477992,0.520626745,0,0,0.218383464,0.267288217,0.249108258,0.386365315,0.576473267,0.095887635,0.499237313,0.256138852,0.359258346,0.348853266,0.616673513,0.186562487,0.100992673,0.500270255,0,0.165046406,0.346618203,0.239372873,0.258661577,0,0,0,0.373319667,0.099979653,0.427571682,0.462002491,0.428510245,0.194386594,0.14071121,0.160046251,0,0,0.338439352,0.152128694,0,0,0.476007064,0,0.394816709,0.565179604,0.067750605,0.374956059,0.257225153,0.194101277,0.590627345,0,0.382186821,0.158977443,0.410350819,0.171516573,0.553865145,0.361553336,0,0.090848749,0.275309229,0.348914637,0,0,0.443233896,0,0.265138063,0,0.49292317,0.305091374,0.528310823,0.549985051,0.546693548,0.356131163,0.503245134,0.190533154,0.115723088,0.110527506,0.262447773,0.3314286,0.464622604,0.450069286,0.489096595,0.076262613,0.075051261,0,0.265211015,0.262250817,0.290429505,0.142716811
0.056921279,0.422389663,0.101903586,0.532090389,0.062163621,0,0.207617782,0.289003231,0.610683365,0.098232775,0.135857435,0.212235907,0.612599803,0.147888568,0.180601443,0.104276253,0.287576811,0.100768293,0.078689132,0,0.284913537,0.249291261,0,0.160048077,0.450675967,0.304837609,0.545900795,0.552699984,0.414327308,0.113153089,0.572222283,0.25203118,0,0.269629966,0,0.327468378,0.324482338,0,0,0,0.042371502,0.418300481,0.267885033,0,0.277211513,0.149872116,0.311168888,0.112198151,0.31706636,0.216300589,0.567754847,0.425417011,0.172177675,0.539061397,0.276337593,0,0.183471768,0.101488313,0.108696044,0.435641585,0.316220804,0.10692207,0.35720439,0.061735991,0.065863366,0.207733571,0.292007201,0.494319245,0.08025985,0.537103029,0.050156431,0.169335926,0.597647084,0.595853949,0.112012785,0.722277189,0.522379901,0.334045824,0.357945143,0.628497132,0.614458769,0,0.510764968,0.261174265,0.535546182,0.630642922,0.519879995,0.316249372,0.149295122,0.164062091,0.341286131,0.082132622,0.568730741,0.697652142,0.206462682,0.164965649,0.233409184,0.310985985,0.456856157,0,0.407971736,0.487304387,0.412688847,1,0.261540189,0,0.526904532,0.191858952,0.275007662,0.260268052,0.635475354,0.527260995,0.195700872,0.242661845,0.113007912,0.268945736,0.431954929,0.28904091,0.228127014,0.462088899,0.53034148,0.163522968,0.562004855,0.372818274,0.074799232,0,0.192433736,0.346803467,0.21611399,0.417614143,0.428967896,0.508603923,0.09969167,0,0.101976972,0.342867823,0.269069123,0.3628273,0.480488874,0,0.559155007,0.274576595,0.525116415,0.203042631,0.439782478,0.172294295,0,0.335016368,0,0.152790493,0.467624237,0.394801514,0.336862651,0,0,0,0.505344366,0,0.043639776,0.731738584,0.568575306,0.154714195,0.1116035,0,0.14951031,0,0.634953117,0.307554411,0.06263977,0,0.419481134,0,0.503465977,0.631501004,0.10273831,0.616915991,0.458909742,0.408593593,0.290806901,0.103613644,0.541157299,0,0.520237559,0.160211223,0.560552766,0.536156364,0,0.097875382,0.29401605,0.540766515,0,0.032817116,0.658653513,0,0.211244625,0,0.388671397,0.662789346,0.424700515,0.594245063,0.418763184,0.696137232,0.331511869,0.221677044,0.381060364,0.171844998,0.377932598,0.553460575,0.552493139,0.56946694,0.413128801,0,0.098961291,0,0.67208354,0.210568669,0.286207018,0.489338602
0.190698017,0,0,0.114432613,0,0,0,0,0.142145767,0,0.084477618,0,0.167431911,0.097892768,0,0,0.180577964,0.056970017,0.032453817,0,0,0,0,0.088062865,0.021607215,0,0.098795187,0.114737924,0,0,0.083997074,0,0,0,0,0,0,0,0,0,0,0.208003588,0.141805849,0,0,0,0,0.053715635,0,0,0.091408804,0.02657292,0,0.07049714,0,0,0,0,0,0,0,0,0,0.209153296,0,0.356839243,0,0.056219772,0.079400979,0.069602931,0.024765242,0.087353869,0.115569726,0.194281997,0.079834921,0.093436279,0.158205646,0,0.18985228,0.151126906,0.138997578,0,0.038691964,0.153942407,0.176918972,0.10839602,0.232620439,0,0.125238199,0,0.033961696,0,0.116567832,0.200462032,0,0,0.015782184,0.100533461,0.043368127,0,0,0.087142446,0.052538745,0.261540189,1,0,0.16164102,0,0.118489018,0,0.210369848,0.100243055,0.07534867,0.127186304,0,0.090718797,0.127720781,0,0,0.074948218,0.089211047,0,0.042460389,0.130515601,0,0,0,0,0,0.060955377,0,0.04487561,0,0,0,0.026904911,0,0.037007544,0.057678903,0.07226439,0.185128145,0,0.134376142,0,0.120748229,0,0,0,0,0,0.086759466,0.257629669,0,0,0,0,0.082232865,0,0.105334149,0.182239237,0.060357866,0.182751339,0,0,0.144146387,0,0.131473447,0.075194651,0.143989716,0,0,0,0,0.201832999,0,0.246894899,0.05696191,0.101900832,0,0,0.256805475,0,0.020210055,0,0.0581552,0.121903751,0,0,0,0.199143043,0,0.116896854,0.111098296,0,0,0,0,0.096213041,0,0.105919196,0.042375317,0.169065055,0,0,0,0,0.037141161,0.149116598,0.114158832,0.084001008,0.028126906,0.11743308,0,0,0.162470188,0.054033009,0.082150634,0.070250678
0,0,0.103494464,0,0,0,0,0,0,0,0,0,0,0,0,0.120436066,0,0,0,0,0,0,0,0,0,0.022879002,0,0.01519474,0,0,0,0.013228311,0,0,0,0,0,0,0,0,0,0,0,0,0,0,0,0,0,0,0,0,0,0,0,0,0.150071588,0,0,0,0,0,0,0,0,0,0,0,0,0,0,0,0,0,0,0,0,0,0,0,0,0,0,0,0,0,0,0,0,0,0,0,0,0,0,0,0,0,0,0,0,0.005825065,0,0,0,1,0,0,0,0,0,0,0,0,0,0,0,0,0,0,0,0,0,0,0.129663269,0,0,0,0,0,0,0,0,0,0,0,0,0,0,0,0,0,0,0,0,0,0,0,0,0,0,0,0,0,0,0,0,0,0,0,0.015319536,0,0,0,0,0,0,0,0.189293087,0,0,0,0,0,0,0,0,0,0,0,0,0,0,0,0,0,0,0,0,0,0,0,0,0,0,0,0,0,0,0,0,0,0,0,0,0,0,0,0,0,0,0,0,0,0,0.086232884,0,0
0.057482499,0.556926021,0.102794673,0.487634601,0.1087278,0,0.20953369,0.372698814,0.557527387,0.079730992,0.176651584,0.069708272,0.583811639,0.418111114,0.109422213,0.173370252,0.220576657,0.167487471,0.195275691,0.074650168,0.17567797,0.28712532,0.076928977,0.429005631,0.622164701,0.603466043,0.455016796,0.327087227,0.532270207,0.114252839,0.328200372,0.323023371,0,0.408232054,0,0.329189179,0.317732716,0,0,0,0,0.437687053,0.102638094,0,0.352418134,0.354582238,0.376046094,0.113279327,0.462514136,0.163213093,0.592932488,0.44561694,0.171827311,0.490535666,0.278537194,0,0.185161703,0.102352672,0.109710474,0.384392712,0.285382146,0.177809579,0.43491938,0.06234759,0.273208261,0.125420975,0.294470666,0.31036023,0.08103907,0.537626694,0.228901284,0.315734125,0.610706939,0.453055026,0.451571302,0.610646336,0.620955909,0.402213966,0.376776905,0.595556731,0.627647528,0,0.358488392,0.263511736,0.694966624,0.522717548,0.564256246,0.205250919,0.189186325,0.286150589,0.508084638,0.250868827,0.775757493,0.554370617,0.208264748,0.400436709,0.206908179,0.439664148,0.326388301,0,0.471101899,0.452307925,0.325855503,0.526904532,0.16164102,0,1,0.377017563,0.26759093,0.210569948,0.561678986,0.605317584,0.224774177,0.244678413,0.114104827,0.303412648,0.406005026,0.291454373,0.528523849,0.528225819,0.470694898,0.156180144,0.575591449,0.586844239,0.176456067,0.081102995,0.378154155,0.299559101,0.230260004,0.28011253,0.55478463,0.502991101,0.190053912,0,0.102849711,0.228687754,0.20227028,0.428771848,0.450910428,0,0.494231007,0.208374131,0.743429286,0.204839249,0.48672927,0.276839142,0,0.236262462,0.085382097,0.16595617,0.710503148,0.45344045,0.259681908,0,0,0,0.708241258,0,0,0.568396254,0.657313383,0.105775454,0.112649632,0.079696022,0.099863791,0,0.745063327,0.325347278,0,0,0.550403475,0,0.542780388,0.466471495,0.103711319,0.551290827,0.67698587,0.528302291,0.150982985,0.081249291,0.463038122,0.07576172,0.561782874,0.399626111,0.514438203,0.717453389,0,0.176789798,0.468726228,0.558740569,0.075174201,0,0.629571642,0.071044153,0.213190021,0,0.361131837,0.679115063,0.426782522,0.573299314,0.528268519,0.598678326,0.501511838,0.342805469,0.426469153,0.400162586,0.603154288,0.739099279,0.574919406,0.544978948,0.596883245,0.036096805,0.099863758,0,0.66050101,0.101763965,0.245411107,0.446853305
0.044642034,0.356213635,0.101763899,0.144140777,0.416402981,0,0,0,0.343800466,0.100263422,0,0.436763601,0.119256064,0.592499966,0,0.105216193,0,0.10013703,0.03206859,0,0.152126045,0.588129323,0,0.557203289,0.51064624,0.638802083,0.309128308,0.203833661,0.23262453,0,0.134349362,0.224783214,0,0,0,0.081627782,0.434712806,0.122012652,0,0,0,0.076302965,0.023343932,0.122012652,0.225787134,0.168767879,0.480483547,0,0.053409385,0.237966603,0.205772566,0.188471084,0,0.228985427,0.089195656,0,0,0,0,0.144660225,0.177118662,0,0,0,0.183791535,0.19802235,0.096714654,0.24105597,0,0.162974252,0.360028008,0.709269,0.223342326,0.270187044,0.596775561,0.235904416,0.416507186,0.607175005,0.093147014,0.306562497,0.310140536,0,0.193288123,0,0.315760799,0.237318107,0.203461451,0.307468439,0,0.668538219,0.059634193,0.558970656,0.285888496,0.255040609,0,0.36789858,0,0.153283801,0.184643017,0,0.188167678,0.212588121,0.168853869,0.191858952,0,0,0.377017563,1,0.080182018,0.315311242,0.226996188,0.46428479,0.080093909,0,0,0.074931267,0.198329495,0,0.557683215,0.192841844,0.112116833,0.148447931,0.216760112,0.581705826,0,0.232196031,0.850002216,0.141910473,0.403765974,0.187964118,0.165370036,0.26181384,0,0,0,0.147895961,0,0.057448868,0.252501935,0.113360193,0.106707233,0,0.426275314,0,0.239576541,0.626099587,0.120565105,0.404779835,0.12918545,0.428752481,0.368513423,0,0.210900248,0,0,0,0.371049707,0.119124191,0.093235458,0.164240226,0.289837066,0,0,0.226302705,0,0,0.281540796,0,0,0.055192688,0.270353334,0,0,0.230719394,0,0.127287388,0.383557101,0.53166952,0.24820522,0,0.097956515,0.21032325,0.189521251,0.614615436,0.152533531,0.289920593,0.03282263,0.21945478,0.441708169,0.105022645,0,0,0.33824453,0.232993053,0,0,0.483835839,0.369035886,0.064930076,0.340602401,0.290486597,0.121734498,0.194124927,0.494299088,0.241751273,0.404845342,0.148468613,0.19240536,0.361295997,0.336492893,0.361315686,0,0,0,0.22220411,0.097224377,0.459937725,0.214208717
0,0.242961393,0.075049303,0.191350846,0.150727531,0.107612204,0,0.410308216,0.247287337,0.207104077,0,0,0.245836257,0.183085822,0.17759714,0,0.044057276,0,0.087165038,0.062105247,0.463444334,0,0.118817671,0.159538652,0.432833623,0.066141435,0.198181877,0.292984552,0.264919385,0,0.31721084,0.222097193,0,0,0.067842397,0.521169543,0.317061619,0,0,0.072066807,0.062511321,0.112023525,0.537961954,0,0,0,0.297121723,0,0.161408368,0.25093123,0.218796592,0.324969088,0.158517289,0.339528762,0.371742488,0.102199297,0,0.361226049,0,0.559314703,0.138792843,0.052672969,0.348035139,0,0,0,0.419547432,0.251347804,0,0.16731874,0.128299318,0.158383234,0.253374168,0.307379075,0,0.223384574,0.221557133,0.251426607,0.092423551,0.236384872,0.243757291,0,0.338288998,0.478533294,0,0.22995499,0.16949947,0.455764521,0,0.088476377,0.222542613,0.124058722,0.182638975,0.133266494,0.234663077,0.247512379,0.233173611,0,0.282007029,0,0.133986515,0.152625151,0.328096587,0.275007662,0.118489018,0,0.26759093,0.080182018,1,0.330316823,0.33317488,0.288138987,0,0.406301058,0,0.258173693,0.295767752,0.410422746,0.077479579,0,0.268362811,0,0.211730281,0.105838797,0,0.0589147,0.080583563,0.431357163,0,0.40375205,0.268545722,0.273740046,0,0,0.224673018,0.152026412,0.380749283,0.115862847,0.327003496,0.056079249,0.266562412,0.391182681,0.199977099,0.466197388,0.470769054,0.076164824,0,0.398425608,0,0,0.155414507,0.162380695,0.143807751,0,0,0,0.298615182,0,0,0.218382854,0.242301547,0,0.336306002,0,0,0,0.24479905,0.052206572,0.08996907,0,0.278009669,0,0.313700831,0.258205674,0,0.139499316,0.210747937,0,0.290699713,0,0.232515345,0,0.155937854,0.10446391,0.228796275,0.279668,0,0,0.221519294,0.214145821,0,0,0.280712969,0.170330448,0.511826174,0.068890225,0.426527902,0.149364957,0.513817467,0.255647607,0.33125476,0.212275493,0.480458867,0,0,0,0,0.230047693,0.247068968,0.242589269,0.343168626,0,0,0,0.198636335,0.458149127,0.051915374,0
0.047092266,0.0864767,0.106405055,0.497366281,0.197006342,0,0,0.401399496,0.36806642,0.104889392,0,0.354137323,0.388434837,0.073374822,0,0.110185277,0,0.104627704,0.323511176,0,0.425701909,0.33532862,0.27044331,0.108896905,0.226160671,0.125665291,0.483244256,0.495916711,0.344057009,0,0.560010519,0.37835269,0.139233161,0.109041533,0,0.204598651,0.639914627,0.128745635,0,0,0,0.281296906,0.151666586,0.128745635,0,0.10828321,0.584024662,0,0.220882676,0.417718017,0.341335835,0.307949495,0,0.411796313,0.457324958,0.052070096,0,0.482676025,0,0.386770217,0.519268872,0,0.357364747,0,0.203416366,0.100113886,0.387812445,0.5664391,0,0.476748717,0.434007996,0.262242251,0.443702737,0.399017908,0.194085126,0.38589932,0.307886533,0.599660946,0,0.310064614,0.344490231,0,0.560948387,0.31332758,0,0.45790978,0.074735132,0.754135954,0.164197291,0.200561748,0.435546846,0.183169203,0.1882705,0.363916207,0.272047066,0.273646679,0.198528973,0,0.574589912,0,0,0.564922616,0.509344778,0.260268052,0,0,0.210569948,0.315311242,0.330316823,1,0.264531057,0.159080146,0,0.387995805,0,0.281357026,0.210297329,0.282618296,0.14281746,0.087876892,0.465455058,0.352422251,0.523154626,0.06046778,0.133840396,0.118266826,0.329037946,0.339935297,0.186329823,0.598342467,0.294380886,0.404038129,0.137133828,0,0.264205031,0.299077867,0.147830503,0.406971101,0.508211172,0.119149449,0.21804316,0.157633237,0.208327676,0.425783301,0.313755883,0.195627449,0.127134975,0.690046702,0,0.200601147,0.156730965,0.258997165,0.255062482,0,0,0,0.279222206,0.167196052,0.202735911,0.336379901,0.26778776,0,0.174595616,0.197558572,0,0,0.169495516,0.098517583,0,0,0.325521811,0,0.39019946,0.445525274,0,0.136035541,0.308374254,0.066517769,0.632094162,0,0.081954567,0.106617028,0.353524421,0.109051285,0.440474168,0.248209908,0,0.111467138,0.104850533,0.13232659,0,0,0.312594464,0,0.32726609,0,0.505591588,0.073364815,0.370680298,0.361366353,0.393694283,0.172037428,0.452640704,0.092185314,0,0.107487807,0.088746985,0.236330139,0.312753342,0.415774793,0.386446591,0,0,0,0.231506775,0.251217715,0.31865605,0.083936087
0,0.571518758,0.091284291,0.474004778,0.096574783,0,0.184926004,0.260102556,0.623861887,0.081159836,0.10341975,0.108383732,0.492273215,0.257349716,0.160711285,0.093183609,0.186761011,0.090372226,0.15202892,0,0.303614104,0.183624415,0.065158171,0.223719522,0.557502321,0.322516416,0.533933944,0.503311158,0.403926168,0.100208689,0.549514641,0.263622752,0.076417334,0.244068292,0,0.350674982,0.310186794,0,0,0.022550245,0,0.377913839,0.150905157,0,0.249273067,0.101058656,0.324566099,0.099459014,0.231189154,0.192421229,0.451194076,0.573293278,0.154006369,0.658629005,0.333416998,0,0.095582761,0.158314573,0.150894673,0.459651211,0.310728336,0.095290768,0.32398265,0.054554312,0,0.186864919,0.262533238,0.496347165,0,0.522922043,0.174277006,0.196414247,0.60018927,0.639193463,0.087278789,0.535144218,0.62323037,0.348573525,0.568082156,0.563389469,0.59036145,0,0.526520356,0.233391184,0.376303783,0.616589839,0.651750679,0.308830649,0.133644831,0.222293102,0.399251779,0.187649915,0.545195372,0.526741142,0.253620744,0.316712908,0.235129684,0.241159886,0.509800079,0,0.455437663,0.496462166,0.490774507,0.635475354,0.210369848,0,0.561678986,0.226996188,0.33317488,0.264531057,1,0.608923981,0.085034257,0.284197723,0.10009481,0.413318546,0.632235022,0.260133075,0.207351163,0.323946363,0.618297551,0.324761734,0.538963994,0.395169625,0,0.021077883,0.22762367,0.395165421,0.088676885,0.469175176,0.434312457,0.56781252,0.088838251,0,0.158998917,0.19953404,0.240764571,0.390272042,0.538627977,0,0.620969154,0.265766635,0.588450284,0.251136745,0.542072755,0.120787409,0,0.309452186,0,0.13692186,0.550823854,0.448112297,0.148049169,0,0,0,0.522340418,0,0.153129349,0.559343586,0.49986427,0.138177725,0.150808233,0.047403715,0.133339492,0,0.556976093,0.24165191,0,0,0.558424381,0,0.491993261,0.475477154,0.091249605,0.540108469,0.359996621,0.236741941,0.340740167,0,0.672678964,0.078954643,0.474324309,0.196941984,0.594040121,0.457027573,0,0.087393047,0.435134862,0.575143501,0,0,0.586658362,0.090485736,0.18819807,0,0.409675529,0.532960577,0.571280651,0.647593685,0.563256354,0.483625908,0.505976358,0.200515531,0.283543412,0.155700805,0.368827563,0.503793839,0.605571759,0.571902205,0.601056139,0,0.186957778,0.014231227,0.46388423,0.149759809,0.214143951,0.243157253
0,0.623800734,0.128461644,0.407971369,0.126012877,0,0.152505048,0.217748249,0.630064865,0.050827915,0.078275241,0.162545372,0.435643837,0.429577697,0.132357923,0.130676263,0.156634875,0.127392639,0.155739748,0.016845321,0.239477134,0.323506134,0.04995867,0.398714813,0.821693731,0.586899542,0.46412461,0.44555428,0.464657488,0.081969502,0.411860213,0.232990688,0,0.255855199,0.017240781,0.296666263,0.35847689,0.057489775,0,0,0.028134709,0.328798166,0.171362621,0.057489775,0.262746494,0.192685585,0.367743629,0.093722856,0.2748377,0.202368858,0.466264913,0.616594435,0.127776409,0.618350981,0.259601506,0,0.078848047,0.076091556,0.113372894,0.471543065,0.124330212,0.105433435,0.32333821,0.052099008,0.185573659,0.226454768,0.270630917,0.422682347,0,0.387666086,0.116354414,0.310210364,0.523939611,0.569897283,0.363118436,0.480181319,0.719377359,0.419112628,0.392206214,0.631133313,0.592186705,0,0.434969533,0.19337864,0.512339738,0.490225227,0.549432864,0.281748251,0.111010032,0.330899913,0.374163668,0.259253622,0.607772341,0.502773772,0.153849192,0.356102522,0.152960859,0.289502745,0.407188802,0,0.455515805,0.336028208,0.423680122,0.527260995,0.100243055,0,0.605317584,0.46428479,0.288138987,0.159080146,0.608923981,1,0.148953898,0.234930688,0.08189329,0.35269608,0.458168908,0.269846074,0.46821765,0.344122776,0.424623359,0.148616316,0.407379118,0.627903182,0,0.1140791,0.424825631,0.345332733,0.119433295,0.355200347,0.406356048,0.588018428,0.073313364,0,0.129406882,0.180287285,0.199869062,0.217388452,0.473878867,0.071862257,0.516760076,0.20438767,0.695911874,0.150776238,0.507275159,0.325128512,0.057166377,0.290691911,0.060992637,0.175072165,0.652097816,0.290846063,0.201636291,0.058903005,0,0,0.598157731,0.05684038,0.083196721,0.467479964,0.602594256,0.126838552,0.081639292,0.112637958,0.072917614,0,0.685017858,0.222646194,0.020661973,0.025525345,0.646148547,0,0.364070443,0.447865138,0.114043155,0.441349932,0.500541602,0.518616302,0.237275293,0,0.5176514,0.12788251,0.441126726,0.421874848,0.469271338,0.618189154,0,0.183241624,0.518705752,0.47879055,0,0,0.647343207,0.116065342,0.155252527,0.017307681,0.463612833,0.635781153,0.412123989,0.659079961,0.543824502,0.547856737,0.383204714,0.343282743,0.27032846,0.283129254,0.368173735,0.500960186,0.724656553,0.584426224,0.662880559,0,0.08683884,0.005012377,0.5261063,0.209425078,0.268494158,0.368035311
0,0.05879442,0,0.173781828,0,0,0.381545028,0,0.120086598,0,0,0,0.178014567,0,0,0,0.34177844,0,0.081788544,0,0,0,0,0,0.133787329,0.312789534,0.142437544,0.076509097,0.159817676,0,0.047008743,0.281375294,0,0.230677479,0,0,0,0,0,0,0,0.156411683,0.087599311,0,0.28027549,0.519988938,0.061321609,0,0.366453513,0,0.207604723,0.078480932,0,0.113762049,0,0,0.288794793,0,0,0,0.130629305,0,0,0,0.305182399,0,0,0.078406851,0.35768903,0.231776826,0.102361586,0,0.191001327,0.089319178,0.099781626,0.212544994,0.119998985,0.066345605,0,0.165380147,0.139905683,0,0.080665766,0,0.304152591,0.17164236,0.092030442,0,0,0,0.227337288,0,0.2181541,0.184135842,0,0,0,0.222669865,0.13866604,0,0.156678566,0.142555917,0.061366247,0.195700872,0.07534867,0,0.224774177,0.080093909,0,0,0.085034257,0.148953898,1,0,0,0,0,0,0.376897981,0.251655008,0.144148409,0,0.150183609,0.187013477,0.269882522,0,0.080577267,0.087868154,0.212276391,0,0.156669278,0.137005645,0.375262321,0,0,0.146652936,0,0.241911522,0.119223223,0,0.083520363,0,0.198167898,0,0,0.122305022,0,0,0,0,0.20471255,0.141376235,0.136608902,0,0,0,0.206498164,0,0,0.142133362,0.135809678,0.18150461,0,0,0.365119133,0,0.168883962,0.292282985,0.124950711,0,0.111157288,0,0.234080343,0.154362959,0.642760678,0.153267592,0.274808792,0.319032052,0,0.361821038,0.10446683,0,0.237745146,0,0.147293251,0.259798215,0,0.350760514,0.228875591,0.206705427,0,0.170463035,0.17689222,0,0,0,0.127050377,0.233852344,0.148737082,0.10436313,0,0.277150887,0,0.137806181,0.439066359,0.131400461,0.378631591,0.198257294,0.143128124,0.125001371,0.085160414,0,0.365118692,0,0.256446338,0,0,0.346536199
0,0.116528937,0,0.31118654,0,0,0,0.502299342,0.217717042,0,0,0,0.275370158,0,0,0,0,0,0.226874337,0,0.193423471,0.115516858,0.157890249,0,0.232074294,0,0.219239456,0.253449424,0.230569524,0,0.251027956,0.3800094,0.319064258,0.156177355,0,0.201407369,0.392260979,0,0,0,0,0.366307331,0.276919247,0,0,0,0.209569649,0,0.332208524,0.205744732,0.291159837,0.334770592,0,0.264685825,0.616151847,0,0,0.477338643,0,0.366535171,0.28602815,0,0.560614248,0.230939186,0.160388815,0.138390767,0.516216098,0.277056829,0,0.249979087,0.129118074,0,0.202913396,0.242268622,0,0.231992931,0.193194684,0.312073519,0,0.238045375,0.245873959,0,0.28470243,0.773933994,0.069550412,0.266789599,0.146531572,0.270469193,0,0,0.430676019,0,0.272201193,0.285498569,0.510553878,0.300655012,0.291642813,0,0.319884783,0,0.110022367,0.226421611,0.323073631,0.242661845,0.127186304,0,0.244678413,0,0.406301058,0.387995805,0.284197723,0.234930688,0,1,0,0.533732288,0.251847583,0.683646492,0,0,0.228842917,0.139995888,0.300072851,0.148196235,0,0,0,0.294030572,0,0.272384347,0.305118686,0.214035839,0,0,0.677026301,0.30972617,0.282090068,0.233078957,0.240414636,0,0.214775135,0.297478208,0.19453283,0.81384519,0.263596893,0,0,0.232904602,0,0,0.222721631,0.208858261,0.290402786,0.303579498,0,0,0.186210001,0,0.184504531,0.207717321,0.272511902,0,0.364262676,0,0,0,0.238905995,0,0,0,0.258857691,0,0.36196759,0.394313488,0,0.112658347,0.321600805,0,0.249163311,0,0.165265239,0,0.292136326,0,0.265366254,0.297785224,0,0,0.152552115,0.173497258,0,0,0.254076434,0,0.663375964,0,0.25117385,0.168075262,0.402058269,0.244357214,0.247776212,0.382794086,0.372813443,0,0,0,0.113006095,0.284995339,0.206864798,0.220420184,0.272104282,0,0,0,0.355805951,0.27064691,0.121821003,0.104140906
0,0.136978321,0.503279836,0.088667244,0,0,0.67699105,0.408506765,0.059693643,0,0.630069746,0,0.121104395,0.203387155,0.715436636,0.566996316,0,0.476752295,0,0,0,0.213939562,0,0.25325456,0.099279691,0,0.091366002,0,0.107442246,0.988774079,0.106694963,0,0,0.325318294,0,0.309678856,0,0,0,0,0,0,0,0,0,0,0,0.92032586,0,0,0,0.113886779,0.540824206,0.086990211,0,0,0.669202325,0,0.727942096,0,0.223649038,0.655147065,0.302416286,0,0,0,0.426940593,0,0,0.106179455,0,0,0.083723447,0.067090237,0,0.107254658,0.064976661,0,0.202463277,0.06580738,0.068188897,0,0,0,0.160643294,0.074626935,0.109197335,0,0.520205703,0,0,0,0.096735929,0.080480462,0,0.225594576,0.491938821,0.310642284,0,0,0.20075539,0.094776831,0.143801056,0.113007912,0,0,0.114104827,0,0,0,0.10009481,0.08189329,0,0,1,0,0.179302638,0.40873039,0,0.203949016,0.095933534,0,0.100338733,0,0,0,0,0.219020834,0,0.173696328,0,0.068660787,0,0,0,0.257906238,0.530679239,0,0.078096023,0,0.098144124,0.509161967,0.07985893,0,0.166716961,0,0,0,0,0,0.082706694,0,0,0,0,0,0,0,0,0.094470305,0.089902799,0.583830872,0,0,0,0,0.083449307,0,0,0,0.084835479,0,0.165327543,0.11641317,0,0.144237037,0,0.16978894,0.176893764,0,0.125742933,0,0,0.254025952,0.0741853,0,0,0,0.19124854,0.120098507,0,0,0.070700547,0,0,0,0,0.119243237,0.188727807,0.067726303,0.105098966,0.144395964,0,0,0,0,0.207866231,0,0.056470744,0.06050082,0.089750551,0,0,0,0,0,0.229561784,0
0,0.375689297,0,0.381846886,0.130491156,0,0,0.182145586,0.364953873,0.2640809,0,0.112797921,0.37002403,0,0.1459462,0,0.175461419,0,0.303466472,0,0.38633742,0.176664976,0.149808867,0,0.33691546,0.093764461,0.349786869,0.394410212,0.399259953,0,0.409951477,0.182116267,0.185844892,0.27530733,0,0.261711046,0.380375338,0,0,0,0,0.405309839,0.313565378,0,0.182381438,0,0.226254153,0,0.257115284,0.376659408,0.320973747,0.486905397,0.132809554,0.430550795,0.455432715,0,0,0.328085515,0.093468357,0.425450787,0.098632317,0,0.423378464,0.133498223,0.116038044,0.096278752,0.185641502,0.436508532,0,0.373028847,0.189757364,0.094255639,0.354732659,0.378934454,0,0.324442445,0.317703859,0.275972005,0.276838024,0.334111167,0.308808727,0,0.459103485,0.316066289,0.16431239,0.373131703,0.308472779,0.353811151,0,0.026360502,0.515372906,0.110476345,0.302692974,0.353747159,0.538325301,0.429363765,0.196695271,0.157816064,0.471934093,0,0.310503082,0.31128463,0.4219418,0.268945736,0.090718797,0,0.303412648,0.074931267,0.258173693,0.281357026,0.413318546,0.35269608,0,0.533732288,0,1,0.512218407,0.308730898,0,0.12487412,0.412252116,0.519153232,0.379224869,0.223147363,0,0,0,0.533422454,0.121689156,0.403387091,0.274242833,0.367545775,0,0,0.463430108,0.196655477,0.131879765,0.313228284,0.37990351,0,0.269143132,0.37150398,0.256197568,0.352468614,0.382787632,0,0,0.254264925,0,0,0.317269837,0.267893572,0.323372949,0.176147989,0,0,0.327545959,0,0.13043613,0.260450141,0.301290102,0,0.227250718,0,0,0,0.313761182,0.1429045,0,0,0.375328044,0,0.374329055,0.400105929,0,0.180165041,0.174796429,0,0.401498051,0,0.341907776,0,0.338284678,0,0.371343387,0.32728787,0,0,0.17233721,0.318720024,0,0,0.318103633,0,0.219349522,0,0.292390128,0.218971115,0.407499738,0.35611079,0.35213032,0.324596658,0.473689359,0.163668032,0.169632006,0.158696968,0.317137175,0.322212692,0.337834027,0.347697338,0.42425184,0,0,0,0.30532149,0.308660288,0.184137033,0.201816378
0,0.559890072,0.152871955,0.360459408,0.237127796,0,0.165794025,0.288802237,0.459170427,0.102971158,0.162824499,0.089103613,0.372531262,0.227303515,0.279873466,0.158274531,0.141267408,0.150331149,0.184719016,0,0.389602869,0.108357937,0.103100522,0.19485767,0.494017989,0.314612184,0.41248457,0.352197409,0.414632142,0.179668387,0.557277221,0.202241909,0.138386054,0.263157622,0,0.427849442,0.248088251,0,0,0,0,0.285851019,0.249227918,0,0.145718871,0,0.220103181,0.177272663,0.124844056,0.341160589,0.308193302,0.588798655,0.260149551,0.580497089,0.371040824,0,0.165322801,0.261043717,0.168685504,0.322613222,0.194238775,0.164451211,0.385410345,0,0,0.228493576,0.293228201,0.420303715,0,0.375852635,0.203366623,0.194026915,0.40737522,0.504779439,0.054785274,0.324140468,0.475048579,0.193245145,0.569294698,0.43538644,0.44257085,0,0.422664307,0.161805478,0.247169729,0.406906088,0.455501278,0.274846724,0.224712325,0.200911333,0.325258011,0.141353295,0.318994233,0.364127813,0.424264527,0.527426118,0.392663776,0.322040612,0.447044532,0,0.364541084,0.396080935,0.487845643,0.431954929,0.127720781,0,0.406005026,0.198329495,0.295767752,0.210297329,0.632235022,0.458168908,0,0.251847583,0.179302638,0.512218407,1,0.288857485,0.169432248,0.21225833,0.487755821,0.411843112,0.316424627,0.324405558,0,0,0.199111408,0.559818005,0,0.417353851,0.272025066,0.445285963,0,0,0.262909577,0.118598158,0.258721386,0.247917407,0.413307281,0,0.450645911,0.44570543,0.456129912,0.276249031,0.67904352,0,0,0.279165119,0,0,0.449048935,0.289999856,0.114643158,0,0,0,0.282486824,0,0.247465612,0.35863628,0.408508532,0.23548129,0.17361382,0,0.077478421,0,0.410121865,0.119371695,0,0,0.440265446,0,0.419575773,0.322440241,0,0.342245752,0.197570142,0.143233616,0.371249398,0,0.513862619,0.086430294,0.276480613,0.253541225,0.378721492,0.299434848,0,0,0.423413608,0.453887748,0,0,0.460797661,0.108406831,0.168964071,0,0.154564042,0.395245972,0.575446614,0.490412337,0.576459149,0.321141264,0.473549374,0.266299049,0.206492528,0.130194218,0.301033157,0.282004742,0.441225284,0.401202076,0.566475002,0,0.09187754,0,0.302750943,0.246119207,0.112226118,0.168113875
0,0.231801196,0.293181195,0.28966473,0,0,0.344706557,0.76688951,0.212944204,0,0.332113404,0,0.380047273,0.157713155,0.354403616,0.313718236,0,0.283976422,0.110933569,0,0.195221329,0.280424105,0.159617852,0.18613343,0.320040259,0.021231809,0.255515132,0.212054346,0.272432529,0.410635933,0.275023765,0.263281347,0,0.380198078,0,0.418427251,0.307904219,0,0,0,0,0.211310995,0.280619143,0,0,0,0.210660858,0.398332504,0.335482337,0.207780142,0.243745348,0.360557599,0.305537238,0.29958685,0.450659606,0,0.342675795,0.278495816,0.357445479,0.368992186,0.330262917,0.338952182,0.777772508,0,0.162171837,0,0.788411635,0.217118345,0,0.273869475,0,0,0.222117987,0.225321984,0,0.276275333,0.187964222,0.227005787,0.157157064,0.221382648,0.228685272,0,0.23905468,0.617797161,0.130738338,0.248202607,0.191115006,0.272289499,0.298845533,0,0.338243291,0,0.312832888,0.265669313,0.298149824,0.345302589,0.585045553,0.215376569,0.250833836,0,0.266984537,0.263919679,0.354414883,0.28904091,0,0,0.291454373,0,0.410422746,0.282618296,0.260133075,0.269846074,0,0.683646492,0.40873039,0.308730898,0.288857485,1,0,0.158050791,0.266753577,0,0.32302743,0.084983754,0,0,0,0.337632586,0,0.413485665,0.30743726,0.230126905,0,0,0.530988852,0.501203943,0.588513115,0.130697011,0.258585865,0,0.255685092,0.596919739,0.21291223,0.597389531,0.400058628,0,0,0.234253128,0,0,0.202175557,0.134347053,0.29290138,0.310031364,0,0,0.146939261,0,0,0.247248865,0.293243062,0.318804497,0.370691723,0,0,0,0.274428768,0,0,0,0.278495984,0,0.397359855,0.367418684,0,0.232975746,0.233976121,0.136732336,0.285757575,0,0.21567538,0,0.228984701,0.18654978,0.246874099,0.249316933,0,0,0.303983354,0.199680284,0,0,0.236338177,0,0.674434437,0,0.252742945,0.270844812,0.441689157,0.227270319,0.271445333,0.440675043,0.271485171,0,0,0,0.274281493,0.225325418,0.202302861,0.204946746,0.292802734,0,0,0,0.298157176,0.274180026,0.295856671,0.104889698
0,0.317377281,0.097663043,0.277817632,0.162132046,0,0.141549366,0.109668202,0.342485321,0.092340384,0.096824573,0.263259924,0.251049507,0.564659496,0,0.195173745,0.121277727,0.186125853,0.194626073,0.107237546,0.077665342,0.362854778,0.101888159,0.539614922,0.502174174,0.827617949,0.304473626,0.139805597,0.397522766,0,0.136152878,0.363217037,0,0.294405513,0,0.07882871,0.240212587,0.11616437,0,0,0,0.280662873,0,0.11616437,0.341960283,0.52722741,0.314175488,0,0.338183684,0.080523719,0.3105354,0.334250039,0.093177382,0.297595323,0.086029435,0,0.107613272,0,0,0.140882205,0.160649871,0.097711743,0.098470604,0,0.518251153,0.278063893,0.093003229,0.226882629,0.115934067,0.293381332,0.214503458,0.443997437,0.365027721,0.195894873,0.710342881,0.315804824,0.462391891,0.367316104,0.065406703,0.391249396,0.352085695,0,0.214452259,0,0.541168236,0.277241469,0.224376404,0.063462167,0.11787234,0.537734903,0.249413157,0.369064446,0.403299592,0.301901624,0,0.321113155,0,0.337783297,0.250323221,0,0.245209765,0.225408602,0.097731334,0.228127014,0,0,0.528523849,0.557683215,0.077479579,0.14281746,0.207351163,0.46821765,0.376897981,0,0,0,0.169432248,0,1,0.363184528,0.220085117,0.032266113,0.265570799,0.624358907,0.227198817,0.22189035,0.543460725,0.118184651,0.311394661,0.063761291,0.344249092,0.365050893,0.277177541,0,0,0.079059583,0,0.226058311,0.29502051,0.108294739,0.191512386,0,0.548716406,0,0.187841991,0.537303547,0.114851518,0.148840804,0.123015884,0.324515216,0.564896765,0.225249937,0.142760161,0,0,0,0.48829287,0.113543198,0.127476436,0.255666818,0.498699655,0.113936992,0,0.216502479,0.139225688,0,0.450420506,0.249818717,0,0,0.408559291,0,0.221456587,0.154969462,0.22340531,0.259270274,0.56443815,0.611085473,0.064378118,0.116364787,0.135277794,0.212528242,0.327235161,0.595189098,0.276856037,0.534589569,0.031178409,0.347312455,0.499537353,0.322166493,0.10832228,0,0.409145825,0.178924812,0,0,0.378675542,0.494099814,0.152695898,0.39951666,0.430712956,0.309916349,0.324052025,0.414352881,0.377136378,0.490818822,0.458637362,0.398269781,0.408637373,0.412720895,0.400784297,0,0.139225624,0,0.424100688,0.093474485,0.275247199,0.478618745
0.104034851,0.312493309,0.170431916,0.362357804,0,0,0.360523493,0.288887055,0.331131176,0.050194756,0.182895425,0,0.440932064,0.264814039,0.189457548,0.177174303,0.38407919,0.167279894,0.227326924,0,0.130954278,0.220292845,0.119940646,0.29756066,0.34499234,0.405035309,0.34721946,0.159336987,0.398375488,0.204422357,0.294520242,0.201106234,0,0.541701389,0,0.282358298,0.079271072,0,0,0,0,0.389280519,0,0,0.452507689,0.251119475,0.121104748,0.201326698,0.479902788,0,0.373987732,0.357505056,0.174535022,0.341681165,0.147584851,0,0.186053578,0,0.190323384,0.194694753,0.218899498,0.184950425,0.394544439,0,0.121170014,0,0.160701282,0.218481118,0,0.320574046,0.20752853,0.112321839,0.455333224,0.257617294,0.381784827,0.540929084,0.38022924,0.168411674,0.22761267,0.395482071,0.40023181,0,0.285224909,0,0.584990673,0.401452028,0.375140153,0,0.31505475,0.148505964,0.299114685,0.129623888,0.472868102,0.459724724,0.171179394,0.120290475,0.169111667,0.48382258,0.210621749,0,0.454520135,0.273362385,0.240842852,0.462088899,0.074948218,0,0.528225819,0.192841844,0,0.087876892,0.323946363,0.344122776,0.251655008,0,0.203949016,0.12487412,0.21225833,0.158050791,0.363184528,1,0.283686771,0.166700817,0.463616361,0.352734056,0.149303199,0,0.193655053,0.308943949,0.141275922,0.152076113,0.412066668,0.252640648,0.358913656,0,0,0.188925471,0.189352487,0.386277184,0.225780772,0,0.246190436,0.171101297,0.450130803,0,0.203211917,0.193905271,0,0,0,0.149809754,0.441193315,0.406155335,0.179021192,0,0,0,0.392491022,0,0,0.481189675,0.443919416,0.178785196,0.017564741,0,0.170379887,0,0.497245561,0.416297798,0.05647938,0,0.365034153,0.020502801,0.413349287,0.31994578,0.181892692,0.482008453,0.435231914,0.501950757,0.104892281,0.053990228,0.287720874,0,0.408210742,0.298017086,0.387620988,0.45747847,0,0.167186244,0.368059592,0.353854432,0,0,0.384053971,0,0,0,0.177210183,0.519883269,0.320183937,0.281763227,0.322661649,0.505882722,0.280136323,0.354669205,0.491158097,0.462227617,0.62143574,0.420897638,0.338001759,0.342995423,0.283925264,0,0.17037979,0,0.501604218,0,0.22880039,0.622122394
0,0.392570905,0.133964914,0.672190884,0.059152465,0,0.177559161,0.320485242,0.665253951,0.144204069,0.091005865,0.159765447,0.578059599,0.094163985,0.154262018,0.089566756,0.180004311,0.131136507,0.291014327,0,0.337078452,0.183726486,0.158237803,0.100992825,0.423847531,0.254712697,0.630349975,0.642553431,0.513106659,0.096038136,0.65011814,0.35800877,0.073198795,0.301978101,0,0.286634531,0.435294229,0,0,0,0,0.399990122,0.183579871,0,0.164874858,0.19713782,0.467118538,0.095349349,0.342524979,0.299785769,0.5227587,0.512562481,0.148074074,0.692992976,0.30208738,0.027245589,0.156950888,0.225624846,0.147423348,0.421643694,0.453706093,0.091511806,0.378106458,0,0.124497574,0.096015955,0.252845239,0.671133801,0.088966492,0.69764799,0.273887861,0.076369572,0.674911296,0.578404927,0.059585527,0.555776522,0.547817596,0.453155178,0.424721514,0.562426528,0.593688244,0,0.730003575,0.17638114,0.320440907,0.705651814,0.436085857,0.496034328,0.161451803,0.118166248,0.552055098,0.097241582,0.45074473,0.596791743,0.243984866,0.308086337,0.226218084,0.23287895,0.560345261,0,0.334540289,0.754587702,0.564175596,0.53034148,0.089211047,0,0.470694898,0.112116833,0.268362811,0.465455058,0.618297551,0.424623359,0.144148409,0.228842917,0.095933534,0.412252116,0.487755821,0.266753577,0.220085117,0.283686771,1,0.477865478,0.631021478,0.215951878,0.165255285,0,0.117471553,0.39256666,0.117541992,0.500340047,0.417309282,0.704326882,0.161160537,0,0.169539181,0.274572492,0.231519416,0.52757141,0.697636216,0.02030909,0.501107897,0.236526788,0.500714495,0.241483202,0.421735979,0.105194791,0,0.466866068,0,0.054307827,0.441998162,0.4903158,0.244913052,0,0,0,0.466622415,0,0.207579158,0.563225354,0.49207682,0.15895104,0.095230191,0.045518305,0.148997262,0,0.469579865,0.261056682,0.027253119,0,0.529925812,0,0.591634625,0.466470407,0.087533833,0.409871832,0.377232456,0.218621643,0.527565096,0.068279628,0.489203225,0.04960427,0.485331711,0.074974981,0.698992613,0.406778994,0,0.083978848,0.269467537,0.505280233,0,0,0.573567504,0,0.180713856,0,0.467418984,0.418616201,0.51223788,0.659557216,0.552576818,0.427310968,0.428841922,0.081299096,0.217570668,0.145862498,0.372154517,0.416321481,0.587483798,0.685861133,0.55610987,0.050725121,0.13612863,0,0.446327419,0.200788173,0.213287015,0.28034105
0,0.305372146,0,0.354661406,0.137964561,0,0,0,0.262104492,0.20129966,0,0.22715161,0.275341008,0,0,0,0.184460488,0,0.310544505,0,0.412997319,0.209826226,0.192588453,0,0.14040574,0.096274392,0.321156222,0.3263951,0.338214478,0,0.436804089,0.09712614,0.199644552,0.169081751,0,0.214267385,0.400785086,0,0,0,0,0.24168426,0,0,0.192124039,0,0.359346834,0,0.157419963,0.3759842,0.174053528,0.305254877,0.063905129,0.369349757,0.30197232,0,0,0.258585511,0.099616926,0.229931862,0.186739662,0,0.162724345,0,0,0,0,0.387936731,0,0.348859663,0.318042102,0.09809376,0.351608206,0.309550543,0,0.255118199,0.26317393,0.329248925,0.358871668,0.216135882,0.198500942,0,0.438235441,0,0.110594818,0.365204548,0.258273847,0.348451666,0,0.14888442,0.407268235,0.115786371,0.137593078,0.328084705,0.360082576,0.306088771,0.114749698,0.165058796,0.364998528,0,0.2697463,0.442642383,0.450463973,0.163522968,0,0,0.156180144,0.148447931,0,0.352422251,0.324761734,0.148616316,0,0.139995888,0,0.519153232,0.411843112,0,0.032266113,0.166700817,0.477865478,1,0.345616347,0.102636429,0,0,0.137512894,0.32688721,0.128163349,0.399602848,0.199810442,0.367979024,0,0,0.148165081,0.099793642,0,0.361375018,0.356864609,0,0.182314189,0,0.19450054,0.158321621,0.268330873,0.142899394,0,0.281895776,0,0.126408889,0.209453337,0.315394639,0.236342298,0,0.030998653,0,0.167807179,0,0.292714149,0.181124427,0.183642395,0.063243969,0,0,0,0,0.141917173,0.148817565,0.070027169,0,0.281802593,0,0.261317531,0.316319868,0,0.214921372,0.076251612,0,0.397605704,0,0.286991423,0.178398211,0.262026258,0,0.344938976,0.149029556,0,0,0.121830901,0.267289887,0,0,0.237709718,0,0,0,0.185843289,0.161413305,0.321070309,0.300084827,0.347088604,0.102698342,0.295192097,0.171471137,0.178028742,0.166022659,0.236409938,0.178352484,0.295278721,0.343174682,0.389273048,0,0.126190249,0,0.096436399,0,0.219044172,0.122410626
0.050451592,0.411058489,0.139573812,0.770716689,0.117445347,0,0.185357003,0.33336046,0.625339153,0.1218407,0.156481856,0.162101237,0.694006263,0.182709033,0.096699809,0.153901586,0.16830646,0.149248108,0.510984995,0.065566311,0.302814505,0.330532174,0.229844264,0.146177429,0.418247696,0.303183629,0.682106565,0.55328569,0.667829805,0.100453168,0.6166628,0.491540277,0.07660611,0.426473151,0,0.295185823,0.558130618,0,0,0,0,0.571949671,0.091582603,0,0.249808693,0.258284211,0.487312291,0.099699844,0.412098914,0.250818636,0.626557475,0.494842459,0.152684502,0.640378649,0.313715234,0,0.163832326,0.26701376,0.096924866,0.438756264,0.541538492,0.157389833,0.450194465,0,0.243415217,0,0.263098209,0.583928746,0.07126025,0.742451598,0.35626638,0.167766241,0.761917115,0.576745013,0.212513876,0.730559171,0.559741583,0.464501347,0.253593152,0.633166899,0.693672467,0,0.646955811,0.183919944,0.460208363,0.75701016,0.467736751,0.497244067,0.168251752,0.18848381,0.670422476,0.17539798,0.623479582,0.724103154,0.254183349,0.367060251,0.184242982,0.335683821,0.564236538,0,0.434241816,0.676692688,0.587609435,0.562004855,0.042460389,0,0.575591449,0.216760112,0.211730281,0.523154626,0.538963994,0.407379118,0.150183609,0.300072851,0.100338733,0.379224869,0.316424627,0.32302743,0.265570799,0.463616361,0.631021478,0.345616347,1,0.266768505,0.144979702,0,0.21050807,0.421816673,0.254380106,0.493205938,0.454024231,0.627327171,0.168210548,0,0.223072403,0.399251536,0.179809467,0.624785563,0.701640737,0,0.421295658,0.185404456,0.568394786,0.251700659,0.363230973,0.121023307,0,0.389430664,0,0.137225067,0.562290366,0.433611675,0.353692925,0.072381591,0,0,0.589721399,0,0.13166311,0.68727553,0.703528755,0.093840682,0.099470667,0.047514013,0.125706648,0,0.571987532,0.337239898,0,0,0.645265171,0,0.615412727,0.681707657,0.091467209,0.566872148,0.534872768,0.359015791,0.47381276,0.071422747,0.351560758,0,0.727399228,0.14631351,0.80274573,0.574564258,0,0.087592626,0.27083673,0.558320014,0.065970223,0,0.608496062,0.037537499,0.188635902,0,0.480617399,0.534760995,0.442362636,0.664865366,0.566412518,0.567910942,0.560424168,0.158533227,0.301553266,0.224305057,0.562424075,0.605534327,0.58105195,0.696840282,0.575556318,0.053068945,0.088461337,0,0.559347657,0.090886003,0.3384376,0.431777926
0,0.410379208,0.128948052,0.223504637,0.196559063,0.049462841,0.126127171,0,0.449338126,0,0.037204415,0.238983398,0.29894999,0.505507233,0,0.090262088,0.261364883,0.086498278,0.157781147,0,0.208363757,0.37488508,0.099393817,0.495563279,0.65491441,0.699156796,0.293464462,0.329607777,0.367102351,0,0.108915293,0.259261516,0,0.294912936,0,0.182139561,0.257351613,0.102349123,0,0,0,0.320823297,0.07437188,0.102349123,0.4305304,0.184554465,0.274879624,0,0.328328953,0.073633967,0.43341374,0.35828839,0,0.389171059,0.191991306,0.048287312,0,0,0,0.337159998,0,0,0.186376828,0.07926361,0.241292931,0.315586652,0.083932734,0.282548455,0,0.21512883,0.156285365,0.459004868,0.321836681,0.392352527,0.506305067,0.345462834,0.537033654,0.361204376,0.331876861,0.441770171,0.435091513,0,0.240282237,0.069779368,0.604204988,0.348230255,0.415532933,0.059103725,0,0.48999056,0.28104615,0.381036588,0.511639777,0.382366097,0.127308536,0.233478901,0,0.347401558,0.26363976,0,0.479108787,0.238510773,0.132163947,0.372818274,0.130515601,0,0.586844239,0.581705826,0.105838797,0.06046778,0.395169625,0.627903182,0.187013477,0.148196235,0,0.223147363,0.324405558,0.084983754,0.624358907,0.352734056,0.215951878,0.102636429,0.266768505,1,0,0.197237733,0.583733959,0.158896951,0.195504687,0.059363089,0.391261158,0.346930461,0.125432968,0,0.087582817,0.072558558,0,0.189074568,0.296632348,0.09619041,0.357787134,0,0.551726741,0,0.302248179,0.460382266,0.101328601,0.17080839,0.108432699,0.291595609,0.598562823,0.298731418,0.213233325,0.104805602,0,0,0.483535844,0.100308865,0.08129988,0.302897753,0.505175211,0,0,0.192969052,0.154941464,0,0.518923398,0.353065365,0.045373077,0,0.408177594,0,0.220813615,0.286428904,0.130294436,0.350099319,0.453355896,0.577228058,0.059897398,0,0.385670405,0.181228232,0.326578556,0.546541463,0.286947962,0.576352017,0,0.310538697,0.455996026,0.395609227,0,0,0.464334375,0.159503722,0,0,0.353853833,0.621214065,0.23162602,0.473108345,0.359007856,0.487072622,0.261917877,0.546937839,0.434700062,0.447535788,0.380493406,0.440431103,0.460257977,0.441865306,0.461967318,0.04572637,0.124278894,0,0.54143221,0.084316361,0.294518236,0.460325448
0,0,0.0624427,0.153414395,0,0,0,0.267865473,0.105139069,0.047654681,0,0,0.172813584,0,0,0.068233814,0,0.106059519,0.147346482,0,0,0,0.225759773,0,0,0.207023316,0.071464832,0.013857214,0.18379742,0,0.082684088,0.278986501,0,0.222764689,0,0,0,0,0,0,0,0.150839151,0.04760331,0,0.045381945,0.407916338,0,0,0.369842105,0,0.179098306,0.087876659,0,0.068223713,0,0,0.408908138,0,0,0,0.300722739,0,0.209638379,0,0.427478902,0,0,0.071640951,0.426549444,0.199757725,0.165495026,0,0.131876424,0,0.161063863,0.183497251,0.069786078,0,0,0.115469523,0.119472513,0,0.08461232,0,0.103373139,0.109532012,0,0,0.322730718,0.023840537,0.115972912,0,0.140079245,0.128128445,0,0,0,0.015307336,0.083642147,0,0,0.163377351,0,0.074799232,0,0.129663269,0.176456067,0,0,0.133840396,0,0,0.269882522,0,0,0,0,0,0.227198817,0.149303199,0.165255285,0,0.144979702,0,1,0,0,0,0.234768841,0,0.147223668,0.101146081,0.383087303,0,0.047946509,0.15704776,0,0.237918295,0.114379905,0,0,0,0.116835593,0,0,0,0,0,0,0,0.120791282,0.132117956,0.145585059,0,0,0,0.12187164,0,0,0.162879258,0.144686859,0,0,0,0,0,0.15449265,0.182858928,0.157250494,0,0.066621355,0,0.229847579,0.076895981,0,0,0.239507508,0.108678312,0,0.432438634,0,0,0.140854225,0,0.108913363,0.154339874,0,0,0,0.079155569,0,0,0.123681515,0,0,0,0,0.078632065,0,0.099826993,0.081525654,0.093807456,0.127932806,0,0.207718063,0.216375044,0.282006035,0.193256083,0.083818653,0.106507452,0.070270288,0,0,0,0.222878881,0.101935979,0,0.256822266
0,0.096695618,0.301295664,0,0,0,0,0,0.043134817,0.097656831,0,0.456526235,0,0.273239129,0,0.333714669,0.07517185,0.287468069,0,0,0.167912936,0.286529968,0,0.335334571,0.158483579,0.18102541,0,0.060100273,0,0,0,0,0,0,0,0,0.188230019,0.592345887,0,0.223157542,0,0,0,0.592345887,0.275588923,0.214052065,0.173459984,0,0,0.18187068,0,0,0,0,0.212601315,0,0,0,0,0,0,0,0,0,0.437398603,0.527639839,0.260958553,0.061677702,0,0,0,0.331755429,0,0.045510048,0.2970193,0,0.090981375,0.188898191,0,0.014002697,0.014498904,0,0,0,0.112605067,0,0.077729611,0.113158899,0,0.265315887,0,0.438893804,0.069118718,0,0,0.155144221,0,0.20847234,0.072368775,0,0,0.06375243,0.095315176,0,0,0,0.081102995,0.232196031,0.0589147,0.118266826,0.021077883,0.1140791,0,0,0,0,0,0,0.22189035,0,0,0,0,0.197237733,0,1,0.233747003,0,0.273408403,0.11411346,0.139058103,0.04947882,0,0,0,0,0,0,0.05279842,0.432195035,0.065950276,0,0.057352637,0,0.226406888,0.375572447,0.559720706,0.195848629,0.618068488,0.611688984,0.076854733,0,0,0,0,0,0.059891614,0.529960811,0.237086796,0.019927337,0.064369386,0,0.13196757,0.791040797,0,0,0.077527318,0,0,0,0.060834651,0,0,0.024393942,0,0,0.100770183,0.230369171,0.116104379,0,0,0.625045605,0,0.336281077,0,0.076398061,0,0.713244081,0.132852042,0,0,0,0.050917052,0,0,0,0.213881706,0.084624454,0,0.048819319,0.074904762,0,0,0.432583797,0,0.210585902,0,0,0.040846198,0.043707297,0.064263342,0,0,0,0,0.264703079,0.306056557,0
0.044963785,0.353504516,0.122526556,0.14929202,0.319438567,0,0,0,0.306780412,0,0,0.350264322,0.111878986,0.546844274,0,0.105872848,0.010293832,0.100731637,0.058822772,0,0.219643097,0.526210294,0.107745006,0.586149119,0.486002624,0.576621844,0.283526562,0.229100423,0.226125983,0,0.132947524,0.225734397,0,0,0,0.082043976,0.449940226,0.122896575,0,0,0,0.141638456,0,0.122896575,0.227078668,0.129900796,0.51317828,0,0.053672306,0.157580654,0.218755336,0.189038563,0,0.188092432,0.089667118,0,0,0.081683757,0,0.199270988,0.177900446,0,0,0.016288471,0.184761913,0.199149278,0.0972692,0.254714407,0,0.115906628,0.350580566,0.616915082,0.217845858,0.236463661,0.624180588,0.188732784,0.390584936,0.600836703,0.093538358,0.305404291,0.318105598,0,0.187225051,0,0.289438315,0.232293261,0.210446341,0.320822155,0.074135661,0.712236073,0.050889716,0.47452597,0.26587881,0.229441462,0,0.262156906,0,0.154066325,0.153476627,0,0.157956473,0.206563517,0.11192101,0.192433736,0,0,0.378154155,0.850002216,0.080583563,0.329037946,0.22762367,0.424825631,0.080577267,0,0,0,0.199111408,0,0.543460725,0.193655053,0.117471553,0.137512894,0.21050807,0.583733959,0,0.233747003,1,0.070306791,0.311796418,0.179102485,0.166061799,0.255300138,0,0,0,0.070625149,0,0.111804786,0.247342228,0.114122804,0.133934656,0,0.371861047,0,0.240484165,0.629190333,0.121428105,0.417137884,0.130117736,0.431325935,0.340240426,0.055159102,0.117230238,0,0,0,0.312933413,0.159781239,0.11220133,0.182046717,0.271556687,0,0,0.227775696,0,0,0.274789416,0,0,0,0.268433271,0,0.052999424,0.214541386,0,0.127731114,0.358199843,0.459226127,0.239490947,0,0.082101418,0.211594982,0.207283108,0.643870057,0.147341064,0.278146767,0,0.220839701,0.443510228,0.105349823,0,0,0.353077322,0.234507041,0,0,0.425061381,0.370180332,0.065193139,0.320665477,0.350133031,0.122159143,0.22002969,0.496896663,0.243058099,0.384581574,0.149100736,0.19305486,0.334713278,0.332395947,0.355896089,0,0.02141486,0,0.222939211,0.097784801,0.413275726,0.18519029
0,0.501720197,0.180830679,0.441513518,0.239958872,0,0.199195515,0.337557106,0.369895284,0.245761515,0.194924371,0.106087181,0.398522322,0.224499926,0.337163672,0.188439293,0.164612334,0.177286285,0.33865552,0,0.453302044,0.203813651,0.097261444,0.221163775,0.366586233,0.193316941,0.387181209,0.296089936,0.522530011,0.219566814,0.530385694,0.167604074,0.169973044,0.303380527,0,0.58606953,0.31867806,0,0,0,0,0.269732098,0.292972513,0,0.170688239,0.072850316,0.235040474,0.215999488,0.142732798,0.241089144,0.203527637,0.502571501,0.308945375,0.52308706,0.466219258,0,0.198515685,0.416967235,0.203384125,0.425494695,0.218751098,0.197260299,0.442317233,0,0.074785165,0,0.343619252,0.310034123,0,0.40011922,0.263784528,0.176671037,0.434146635,0.406926265,0,0.384349703,0.428286832,0.260292255,0.265237004,0.364606147,0.348546338,0,0.426223456,0.192643236,0.267138462,0.375629753,0.305025364,0.320993122,0.182969712,0.076240721,0.392774341,0.20530106,0.261642573,0.316854413,0.501606742,0.514949969,0.362690978,0.296865169,0.409994911,0,0.31256083,0.341779311,0.623385811,0.346803467,0,0,0.299559101,0.141910473,0.431357163,0.339935297,0.395165421,0.345332733,0.087868154,0.294030572,0.219020834,0.533422454,0.559818005,0.337632586,0.118184651,0.308943949,0.39256666,0.32688721,0.421816673,0.158896951,0,0,0.070306791,1,0.113915235,0.430284086,0.238107256,0.434435374,0,0,0.309220289,0.225700028,0.306933279,0.188006462,0.429474092,0,0.264451389,0.488130056,0.344079339,0.327839449,0.523128009,0,0,0.31932389,0,0,0.353568521,0.109891589,0.216327799,0,0,0,0.370719592,0,0.180825234,0.302263896,0.387322189,0.28271579,0.209617576,0,0,0,0.319100273,0.201039463,0,0,0.469108491,0,0.463817663,0.509708531,0.101573368,0.272215685,0.225652884,0.169829454,0.556130568,0,0.284635251,0,0.280085498,0.22151832,0.423526568,0.343025829,0,0,0.360825887,0.288677536,0,0,0.386286019,0.130126338,0.202876783,0,0.302877472,0.273805458,0.677108016,0.416362347,0.513542028,0.346920508,0.532045499,0.154188951,0.159470958,0.149769252,0.240303825,0.242358026,0.381568389,0.349804771,0.470217232,0,0,0,0.23697591,0.28868613,0.212020993,0.18106277
0,0.187170263,0,0.157968716,0.382244579,0,0,0,0.199704827,0.206363325,0,0.484262824,0.23602063,0.258275276,0,0,0,0,0,0,0,0.481857675,0,0.305396032,0.141777428,0.260759973,0.176428268,0.102317447,0.212784458,0,0.119849827,0.212164511,0,0,0,0,0.336577052,0,0,0,0,0.108770324,0,0,0.435970378,0.322430541,0.313143842,0,0.145706518,0.264936447,0.201883135,0.087245201,0,0.121316531,0,0,0.248950708,0,0,0.122934692,0.22666989,0,0,0,0.335333344,0.196076784,0,0.104773996,0.298514799,0.185236807,0.224896403,0.543044698,0.170605633,0.079076547,0.276736669,0.269684524,0.13705336,0.337626601,0,0.133253028,0.137666678,0,0.107693084,0,0.307355879,0.195192927,0.154111555,0.179457337,0,0.347054363,0.085903286,0.533647672,0.199279577,0.208994979,0,0.243641602,0,0.16081193,0.132619048,0,0.13953757,0.167612395,0.081183867,0.21611399,0,0,0.230260004,0.403765974,0,0.186329823,0.088676885,0.119433295,0.212276391,0,0,0.121689156,0,0,0.311394661,0.141275922,0.117541992,0.128163349,0.254380106,0.195504687,0.234768841,0.273408403,0.311796418,0.113915235,1,0.094840419,0.255634949,0.171592286,0,0,0,0.381278639,0,0.184038749,0.140940855,0,0.010548502,0,0.167913633,0,0.100058749,0.334135341,0,0.242438442,0.328991914,0.47920342,0.173296854,0,0.357003284,0,0,0,0.225363683,0,0,0.184693648,0.186734544,0,0,0.258050603,0,0,0.174694492,0,0,0,0.123280951,0,0.095869704,0.289569629,0,0.180411871,0.279100392,0.321575654,0.183431365,0.301387249,0.013082199,0.257462761,0.189588204,0.30608767,0.194143506,0.218210863,0,0.241380884,0.246038596,0.164656432,0,0,0.189773437,0,0,0,0.29711348,0.239184168,0,0.186404139,0.149049844,0.192507652,0.123063176,0.37265221,0.385881104,0.356830907,0.258499115,0.183843581,0.157631593,0.20220023,0.183631659,0,0.041361489,0,0.178760789,0,0.508682068,0.237873247
0,0.326064532,0.251808949,0.452158624,0.100102874,0,0.160989331,0.413408562,0.405745823,0.201708407,0.15818797,0.263207541,0.50953328,0.17536859,0.271657775,0.260461489,0,0.247734035,0.124859356,0,0.492991166,0.317556086,0.156275285,0.194921653,0.390234791,0.056236181,0.434447667,0.530115138,0.371561222,0.174039541,0.65328873,0.098597705,0,0.128067539,0,0.408307441,0.526924197,0.123838928,0,0,0,0.221347774,0.242776046,0.123838928,0,0,0.539202948,0.171790637,0.11478614,0.431267077,0.298122564,0.360419549,0.253036331,0.49936814,0.346572203,0,0.160544986,0.32011616,0.233161047,0.404083237,0.332768134,0.159722921,0.369258396,0,0.09006596,0.160990275,0.517441563,0.528380672,0,0.423704098,0.137281272,0.156639766,0.556431273,0.496893654,0.075007708,0.474937666,0.440654057,0.454795089,0.278219182,0.355324014,0.368743447,0,0.501934644,0.303051191,0.091245544,0.483087095,0.300841855,0.710570985,0.218635703,0.133878411,0.358766357,0.178084771,0.314669261,0.419782281,0.151690918,0.382765573,0.298837853,0.125729164,0.514690045,0,0.23752744,0.470168178,0.629590324,0.417614143,0.060955377,0,0.28011253,0.187964118,0.40375205,0.598342467,0.469175176,0.355200347,0,0.272384347,0.173696328,0.403387091,0.417353851,0.413485665,0.063761291,0.152076113,0.500340047,0.399602848,0.493205938,0.059363089,0,0.11411346,0.179102485,0.430284086,0.094840419,1,0.202682936,0.433748144,0,0,0.147452687,0.358507716,0.394755435,0.312060262,0.492561908,0.114934963,0.394717202,0.401310739,0.270674383,0.298056557,0.580809129,0.15960206,0.122347988,0.581705735,0,0.194275275,0.196117307,0.270114895,0.23614467,0,0,0,0.372059801,0.120864406,0.156310086,0.421501687,0.339360476,0.155103876,0.168463798,0.190799049,0,0,0.350760136,0.111558749,0,0,0.396400132,0,0.390325101,0.445230141,0,0.275479487,0.167924457,0.159308735,0.688984577,0,0.329415082,0.103229893,0.320580089,0.195191195,0.461225327,0.278559863,0,0.107770169,0.245552286,0.329548048,0,0,0.32852595,0,0.316071399,0,0.556814308,0.283548584,0.4259811,0.437868255,0.431979951,0.297191845,0.433693067,0.08964215,0,0,0.189810054,0.230788275,0.407444578,0.431954249,0.447624205,0,0,0,0.200475385,0.338205711,0.328667782,0.04920065
0,0.448715932,0,0.342745447,0,0,0.171366727,0.436642215,0.401370804,0,0,0.108616108,0.557314147,0.182588754,0,0,0.29666632,0,0.205430519,0,0.333783317,0.18771792,0.268977213,0.204943758,0.39403465,0.400012194,0.423461623,0.341056844,0.352328832,0,0.343059943,0.306581393,0,0.39347424,0,0.271901616,0.319473622,0,0,0,0.027957786,0.480752694,0.165475998,0,0.563392597,0.371450036,0.34958418,0,0.496934738,0.212816822,0.503298336,0.46657416,0,0.445607005,0.431117673,0,0,0.197650227,0,0.486604181,0.210573369,0.024846984,0.523696034,0,0.226262932,0.115824534,0.312528834,0.356343708,0,0.406506926,0.099551483,0.203759455,0.428112939,0.300027955,0.305672733,0.512574992,0.393954691,0.332396762,0.270771258,0.366098547,0.365563439,0,0.32569578,0.344127134,0.418398969,0.424712255,0.461380029,0.201620614,0.140822567,0.252048637,0.52005156,0.234790252,0.527710614,0.423855433,0.340349923,0.233878822,0.274667491,0.372674367,0.43783187,0,0.394278108,0.447139522,0.324477992,0.428967896,0,0,0.55478463,0.165370036,0.268545722,0.294380886,0.434312457,0.406356048,0.156669278,0.305118686,0,0.274242833,0.272025066,0.30743726,0.344249092,0.412066668,0.417309282,0.199810442,0.454024231,0.391261158,0.147223668,0.139058103,0.166061799,0.238107256,0.255634949,0.202682936,1,0.374792001,0.32130625,0,0.24494272,0.120844263,0.162061799,0.379755679,0.38241017,0,0.380133652,0.172604187,0.457758875,0.337701137,0.429549141,0.217497692,0,0.298821934,0.152130706,0.270874457,0.446211384,0.387556022,0.314523679,0,0,0,0.473385836,0,0.085906636,0.482152431,0.500219215,0,0.1931515,0.134972521,0.167972711,0,0.473228638,0.442181571,0,0,0.527919357,0,0.591930763,0.402305702,0.17915183,0.455178164,0.564963864,0.330347837,0.106358064,0,0.383445304,0.219168927,0.478247007,0.205255,0.42276943,0.531438797,0,0.295134929,0.47269513,0.403549488,0,0,0.447911702,0,0.361014432,0,0.437842225,0.421857614,0.483126983,0.418010051,0.459713438,0.549422832,0.479073259,0.378150907,0.419340404,0.502977099,0.416408358,0.560757708,0.397314348,0.405749408,0.443093459,0,0.269717895,0,0.548754182,0.163215677,0.20201076,0.392470538
0,0.521147716,0.06439725,0.652238758,0.182775735,0,0.128608524,0.237496256,0.767452978,0.14749031,0.114976094,0.201685033,0.545354831,0.239078334,0.111508125,0.107665601,0.120294679,0.105367291,0.350486511,0.044744427,0.293465142,0.296169165,0.250241233,0.179788295,0.554740413,0.399402652,0.55907257,0.6137151,0.659623863,0.068714352,0.674836886,0.390043214,0.05219489,0.308452949,0,0.311162978,0.462991229,0,0,0,0,0.360784562,0.135352168,0,0.1682319,0.260344578,0.463357337,0.068361022,0.301007796,0.24236998,0.459387745,0.584724453,0.169987306,0.749076522,0.226224832,0.019398544,0.113731144,0.206914285,0.095484978,0.455859199,0.362498972,0.109361218,0.327331079,0,0.249641693,0.117254312,0.186935819,0.58851242,0.048759649,0.61937888,0.288394981,0.21376799,0.624400231,0.707568938,0.181920794,0.545105112,0.664891342,0.418690595,0.330401381,0.68840267,0.660743937,0,0.71255246,0.128665643,0.398114495,0.693337526,0.491133361,0.412305836,0.135479444,0.252669206,0.521706318,0.14987408,0.532576414,0.60245513,0.179005217,0.378247801,0.166077852,0.287507521,0.6150874,0,0.39299433,0.595831274,0.520626745,0.508603923,0.04487561,0,0.502991101,0.26181384,0.273740046,0.404038129,0.56781252,0.588018428,0.137005645,0.214035839,0.068660787,0.367545775,0.445285963,0.230126905,0.365050893,0.252640648,0.704326882,0.367979024,0.627327171,0.346930461,0.101146081,0.04947882,0.255300138,0.434435374,0.171592286,0.433748144,0.374792001,1,0.116851372,0,0.157907703,0.30579233,0.169377725,0.427193179,0.768230226,0,0.487143169,0.173367128,0.609747097,0.176617469,0.454740297,0.156519281,0,0.442010817,0.051039354,0.087148212,0.542099225,0.354895581,0.310317932,0.049282059,0.007579857,0,0.580897858,0,0.136825596,0.540897389,0.643859212,0.147662028,0.089841546,0.081935558,0.108218977,0,0.569167096,0.255374432,0.019633455,0.02129634,0.713323211,0,0.484935314,0.52255288,0.095887799,0.400873454,0.4116601,0.311513767,0.424804328,0.048835674,0.432300429,0.114764235,0.555854205,0.198111485,0.706179,0.547395016,0,0.10947129,0.358013014,0.462425992,0.044932166,0,0.720865205,0.043656606,0.130956008,0,0.410649549,0.511711809,0.495333639,0.80343482,0.697703395,0.440430958,0.463795711,0.135457307,0.162358689,0.153760703,0.36218417,0.433317395,0.774107352,0.774959028,0.698773626,0,0.110628017,0.009631377,0.430652813,0.134621382,0.269374772,0.330624395
0,0,0,0.149467286,0,0,0.472284285,0.281390659,0.102028751,0,0,0,0.201052715,0,0,0,0.303192667,0,0.183848628,0,0,0,0.235291456,0,0.088148706,0.21791732,0.153819653,0.079574832,0.17951737,0,0.083929327,0.327996652,0,0.493034126,0,0,0,0,0,0,0,0.242069175,0,0,0.326331961,0.485794498,0,0,0.438771077,0,0.174859907,0.089284542,0,0.146757065,0,0,0,0,0,0,0.166754104,0,0.217832656,0,0.24006965,0,0,0.154203665,0,0.177512882,0.170560021,0,0.141465299,0.060487419,0.181018411,0.197332545,0.110776978,0,0,0.112148545,0.116074517,0,0.158834398,0,0.138616851,0.139442169,0.096502592,0,0.342569056,0,0.251654005,0,0.162446865,0.136195765,0,0,0,0.250790013,0.180429267,0,0.170098688,0.182258012,0,0.09969167,0,0,0.190053912,0,0,0.137133828,0.088838251,0.073313364,0.375262321,0,0,0,0,0,0.277177541,0.358913656,0.161160537,0,0.168210548,0.125432968,0.383087303,0,0,0,0,0,0.32130625,0.116851372,1,0,0,0,0,0.306732408,0.132310887,0,0.087187195,0,0.148846305,0,0,0,0,0,0,0,0.139814926,0.287538462,0,0,0,0,0.155338573,0,0,0.158812307,0.151461284,0,0,0,0.447371599,0,0.141020478,0.401716346,0,0,0.143268504,0,0.268913411,0,0.536541755,0.12540404,0.235010065,0.14589633,0,0,0.110267412,0,0.179867719,0,0.138646209,0.179234931,0,0.426004293,0.162740588,0.105595561,0,0,0.120205321,0,0,0,0.135734205,0.104885509,0.160778965,0.115312624,0.082735989,0.125532994,0.130938651,0,0.284896189,0.225115402,0.33164606,0.225288171,0.096670033,0.103368244,0.071167658,0,0.447370936,0,0.218392759,0,0,0.30127579
0,0,0,0,0,0,0,0,0,0,0,0,0,0,0,0,0,0,0,0,0,0,0,0,0,0,0,0,0,0,0,0,0,0,0,0,0,0,0,0,0,0,0,0,0,0,0,0,0,0,0,0,0,0,0,0,0,0,0,0,0,0,0,0,0,0,0,0,0,0,0,0,0,0,0,0,0,0,0,0,0,0,0,0,0,0,0,0,0,0,0,0,0,0,0,0,0,0,0,0,0,0,0,0,0,0,0,0,0,0,0,0,0,0,0,0,0,0,0,0,0,0,0,0,0,0,0,0,0,0,0,0,0,1,0,0,0,0,0,0,0,0,0,0,0,0,0,0,0,0,0,0,0,0,0,0,0,0,0,0,0,0,0,0,0,0,0,0,0,0,0,0,0,0,0,0,0,0,0,0,0.005579219,0,0,0,0,0,0,0,0,0,0,0,0,0,0,0,0,0,0,0,0,0,0,0,0,0,0,0,0,0,0,0,0,0,0,0,0,0
0,0.120606711,0,0.238591803,0,0,0,0.302993175,0.176404557,0,0,0,0.235155466,0,0,0,0,0,0.237811689,0,0.20492406,0.121373878,0.284721009,0,0.154008498,0.021833039,0.202339955,0.139851821,0.255328942,0,0.16831436,0.242021592,0.364920012,0.167077766,0,0,0.294009092,0,0,0,0,0.373755028,0.34125626,0,0.038552084,0,0.112340175,0,0.151357266,0.218806658,0.206460576,0.298439168,0,0.211236592,0.430747897,0,0,0.518703859,0,0.247012977,0.13336605,0,0.40334875,0,0.171906707,0,0.290577294,0.205542731,0,0.167591402,0.136035715,0,0.172360973,0.184776664,0,0.143647232,0.118713956,0.210686154,0,0.181497264,0.187577918,0,0.227614082,0.347768617,0,0.203859234,0.098929661,0.146371906,0,0.021810677,0.323915109,0,0.192670712,0.228487306,0.5581632,0.316555388,0.318602743,0,0.284791601,0,0.115322684,0.215591819,0.218383464,0.101976972,0,0,0.102849711,0,0.224673018,0.264205031,0.158998917,0.129406882,0,0.677026301,0,0.463430108,0.262909577,0.530988852,0,0,0.169539181,0.148165081,0.223072403,0.087582817,0.047946509,0,0,0.309220289,0,0.147452687,0.24494272,0.157907703,0,0,1,0.140512846,0,0.107630956,0.177781899,0,0.089951912,0.325579776,0.165088109,0.582401501,0.142499001,0,0,0.125303691,0,0,0.223974422,0,0.221096786,0.347670086,0,0,0.114659746,0,0.198962104,0.128236981,0.241598632,0,0.40731128,0,0,0,0.168572329,0,0.055778037,0,0.229216347,0,0.313013623,0.304262378,0,0.059924195,0.217351748,0,0.25998569,0,0.111988521,0,0.259447492,0,0.202749615,0.165007226,0,0,0.159617174,0.130395283,0,0,0.193956767,0,0.382609242,0,0.135519104,0.074256936,0.274219536,0.155917093,0.16607357,0.273817212,0.253428907,0,0,0,0.118605107,0.120388757,0.167473446,0.167833827,0.201780063,0,0,0,0.198248698,0.332867951,0.128352815,0.108877494
0,0.098472721,0.206541691,0.398952297,0.264550101,0,0.230851143,0.36717024,0.309643231,0.141563694,0.225134095,0.2267197,0.424131793,0.148034611,0.23516026,0.216527489,0,0.201930592,0.090666593,0,0,0.397946339,0.181899939,0.146988192,0.205536641,0.068048064,0.282911521,0.284497083,0.284023221,0.258663633,0.328184017,0.432092561,0,0.288442799,0,0.320022628,0.290454224,0,0,0,0,0.114474387,0,0,0,0.118703461,0.207165107,0.253727059,0.371598056,0.202496113,0.296596062,0.228357962,0.212598547,0.25406764,0.163254369,0,0.393208132,0,0.236495683,0.222721811,0.495175802,0.228255981,0.431238134,0,0.244459459,0,0.374637658,0.290585191,0.183220707,0.435663749,0.24890071,0.209727723,0.256607392,0.268474074,0,0.394220252,0.198964002,0.220963082,0.128306479,0.259529186,0.267390988,0,0.277027436,0.20504348,0.188339706,0.397630438,0.122011955,0.257761458,0.209336936,0.077103561,0.287764277,0.116382576,0.320263377,0.384184682,0,0.2298206,0.261665285,0.164641355,0.272647841,0,0.218234866,0.365172636,0.267288217,0.342867823,0.026904911,0,0.228687754,0.147895961,0.152026412,0.299077867,0.19953404,0.180287285,0.146652936,0.30972617,0.257906238,0.196655477,0.118598158,0.501203943,0.079059583,0.188925471,0.274572492,0.099793642,0.399251536,0.072558558,0.15704776,0,0.070625149,0.225700028,0.381278639,0.358507716,0.120844263,0.30579233,0,0,0.140512846,1,0.410833716,0.35652475,0.335012333,0,0.196496475,0.207525586,0.226449317,0.200320318,0.26051926,0,0,0.287270555,0,0,0.219327754,0.16659418,0.621428012,0.190821596,0,0,0.212830445,0,0,0.33037482,0.302261107,0.218938334,0,0,0,0,0.28473821,0.069089252,0.014345076,0,0.213265554,0,0.338796658,0.440841163,0,0.301440845,0.168271096,0.195561704,0.305620056,0.184298807,0.149535762,0,0.319499663,0.147247712,0.378615737,0.226589997,0,0,0.123709257,0.269774841,0,0,0.278248981,0,0.217659216,0,0.175850363,0.340963414,0.238794012,0.263045528,0.157399977,0.384382324,0.1090408,0,0.126139639,0,0.315716925,0.162924907,0.251841889,0.317242758,0.238043396,0,0,0.01707199,0.227230588,0,0.415501037,0.221006209
0,0.204097566,0.351045094,0.160378441,0,0,0.427570585,0.588274958,0.148339035,0.240061373,0.408363847,0,0.213505762,0.173058224,0.737297625,0.380901505,0,0.337929625,0,0,0.142447963,0.180639492,0,0.20788867,0.238958421,0,0.221300924,0.133590872,0.098338119,0.533895962,0.255303682,0.16522062,0,0.254091941,0,0.638704081,0.116340092,0,0,0,0,0,0.216132052,0,0,0,0.107782778,0.513283156,0.216349882,0,0.090791234,0.270974687,0.614551109,0.211441213,0.248707812,0,0.42445054,0,0.447345958,0.240756915,0.365080611,0.418752479,0.467079601,0,0,0,0.60768149,0.136933394,0,0.189398836,0,0,0.204035196,0.165715106,0,0.191154487,0.160771301,0.116725065,0.172388885,0.162716446,0.168278234,0,0.14091387,0.360700073,0.141110544,0.183206253,0.099806342,0.241801481,0.359197053,0,0.128679354,0,0.17384991,0.146530759,0,0.188878765,0.345489518,0.24504954,0.159378658,0,0.171149148,0.170594921,0.249108258,0.269069123,0,0,0.20227028,0,0.380749283,0.147830503,0.240764571,0.199869062,0,0.282090068,0.530679239,0.131879765,0.258721386,0.588513115,0,0.189352487,0.231519416,0,0.179809467,0,0,0,0,0.306933279,0,0.394755435,0.162061799,0.169377725,0,0,0,0.410833716,1,0.141691801,0.191185764,0,0.176183327,0.589543957,0.145471991,0.346335106,0.380886011,0,0,0.205603101,0,0,0.077204634,0.14599189,0.185859614,0,0,0,0.125612358,0,0,0.170084717,0.162452595,0.388425612,0.041714969,0,0,0,0.20341193,0,0,0,0.206560625,0.063235922,0.378107525,0.20598917,0,0.249780022,0.120565726,0.148118835,0.255705274,0,0.113450666,0,0.085015613,0.20840817,0.182187196,0.092981126,0,0,0.179229223,0.284368409,0,0,0.174120622,0,0.401653196,0,0.223093621,0.210530286,0.42413876,0.16719958,0.25180185,0.250024788,0.241027199,0,0,0,0.176290452,0.115801624,0.140701739,0.150245488,0.217668959,0,0,0,0.112411425,0.210292072,0.199630866,0
0,0.150359898,0.077457189,0.565798925,0.08981687,0,0.148429452,0.244957447,0.403197417,0,0.04366972,0.080251625,0.444981955,0,0,0,0.346373084,0,0.432236289,0,0.183615835,0.064523988,0.225136678,0,0.264943819,0.280903622,0.498292792,0.413010128,0.423597272,0,0.458259791,0.623199291,0.132438389,0.35149004,0,0.243450384,0.306116631,0,0,0,0,0.399176895,0.039736945,0,0.270880492,0.31160824,0.311664628,0,0.572659303,0.171549923,0.492035278,0.320155545,0,0.369291521,0.349602577,0,0.112829586,0.188327859,0,0.23769763,0.603002462,0,0.343297701,0,0.198397588,0,0.132606909,0.534376864,0.122011007,0.561398584,0.474674672,0.069511174,0.50227244,0.353348731,0.089082208,0.459604599,0.326781786,0.324207465,0.186818846,0.387194918,0.419399398,0,0.532655974,0.14429797,0.240303094,0.536421338,0.230460667,0.373831377,0.123222101,0.115162451,0.626298128,0.06788854,0.422693963,0.522980994,0.258768668,0.169519422,0,0.241831422,0.479891727,0,0.281265372,0.623810482,0.386365315,0.3628273,0.037007544,0,0.428771848,0.057448868,0.115862847,0.406971101,0.390272042,0.217388452,0.241911522,0.233078957,0,0.313228284,0.247917407,0.130697011,0.226058311,0.386277184,0.52757141,0.361375018,0.624785563,0.189074568,0.237918295,0,0.111804786,0.188006462,0.184038749,0.312060262,0.379755679,0.427193179,0.306732408,0,0.107630956,0.35652475,0.141691801,1,0.465570706,0,0.312852355,0,0.41977587,0.254834579,0.289485288,0,0,0.240391126,0,0,0.367334806,0.60072664,0.402459022,0,0,0,0.457386975,0,0.172611716,0.484546683,0.455929167,0,0,0.078806029,0.145876434,0,0.359824173,0.372272314,0,0,0.380946448,0,0.627508227,0.343763937,0.154234673,0.397921285,0.353636537,0.179676107,0.283173291,0.122488157,0.274108481,0,0.672419335,0,0.552515668,0.394641185,0,0.143529007,0.092897199,0.447966081,0,0,0.404166178,0,0.150434123,0,0.27800194,0.369619527,0.360397638,0.401926471,0.37846767,0.330502341,0.455702467,0.129331896,0.349788203,0.229958776,0.446326824,0.489685326,0.323049438,0.473828998,0.331268611,0.091257569,0.145876364,0,0.357910268,0,0.066765883,0.342771827
0.020102715,0.443835782,0.184743224,0.666560915,0.140907885,0.026139787,0.145675974,0.266863791,0.661889871,0.15189804,0.123258021,0.178018746,0.60715731,0.244976838,0.126395328,0.172775897,0.135035835,0.168620116,0.377079681,0.050934354,0.391863408,0.305802262,0.252351092,0.194071033,0.522938645,0.309891914,0.621335847,0.69015926,0.639736406,0.078165329,0.640990429,0.436297917,0.059443712,0.344987473,0,0.347637346,0.545090948,0.054789243,0,0,0,0.444457438,0.17561793,0.054789243,0.137116168,0.209110241,0.500610947,0.077708445,0.335631724,0.315610667,0.499708039,0.525378286,0.191930588,0.661425419,0.316728115,0.02580776,0.128804693,0.227548335,0.076012227,0.466021718,0.437419563,0.123820676,0.365503464,0,0.2435225,0.082405499,0.259254522,0.712509339,0.055461133,0.638566637,0.330789457,0.183189916,0.586494909,0.664751031,0.165488533,0.539811655,0.600518771,0.465406707,0.299747358,0.61728376,0.639116288,0,0.675600634,0.145379466,0.277571254,0.678041375,0.452399932,0.545621174,0.133402695,0.261866943,0.554437312,0.173156618,0.477637246,0.58178299,0.201851282,0.388328178,0.207417955,0.239105377,0.62568316,0,0.43562445,0.72363903,0.576473267,0.480488874,0.057678903,0,0.450910428,0.252501935,0.327003496,0.508211172,0.538627977,0.473878867,0.119223223,0.240414636,0.078096023,0.37990351,0.413307281,0.258585865,0.29502051,0.225780772,0.697636216,0.356864609,0.701640737,0.296632348,0.114379905,0.05279842,0.247342228,0.429474092,0.140940855,0.492561908,0.38241017,0.768230226,0.132310887,0,0.177781899,0.335012333,0.191185764,0.465570706,1,0.052973607,0.52914351,0.211356392,0.484302462,0.19937733,0.477083134,0.18522174,0.054495437,0.521713362,0,0.095103024,0.471776171,0.342841245,0.321972775,0.056138007,0,0,0.526635911,0.054199111,0.238197158,0.557229571,0.573816375,0.130907706,0.077943631,0.089516772,0.134608433,0,0.500378671,0.305681271,0.024951243,0,0.638805572,0,0.53463212,0.489411834,0.071530826,0.368713421,0.376410834,0.258098301,0.513213152,0.055559513,0.425763304,0.113351735,0.565206692,0.182904638,0.677261807,0.473205161,0,0.120537778,0.28833769,0.447607241,0.051177771,0,0.605549084,0.118514673,0.148310299,0,0.473787684,0.444929208,0.544222587,0.754582826,0.611070698,0.414566566,0.53858618,0.115074047,0.181984763,0.157778551,0.400592386,0.432215368,0.672083346,0.723635353,0.584030356,0.041247654,0.111885696,0,0.42502582,0.200598105,0.296048842,0.273432203
0,0,0.30709102,0,0,0,0,0,0.01813919,0,0,0.2244197,0,0.133565436,0,0.34083901,0.076317844,0.476320884,0.041400587,0.169436619,0.219750941,0.184054972,0,0.164231324,0.086723424,0.08824016,0.012154596,0.079243553,0,0,0,0.026526335,0,0,0.220251798,0,0.091772207,0.615169821,0.110981899,0,0.172493642,0,0,0.615169821,0,0,0.084532896,0,0,0.183966341,0.009311197,0,0,0,0.215470603,0,0,0,0,0.033455746,0,0.113826727,0,0,0.214890357,0.341455679,0.265294865,0.0619169,0.168476847,0.022418105,0.044130449,0.213401549,0,0.05995102,0.145295507,0,0.058094695,0.092099856,0.083400365,0,0.006133287,0,0,0,0,0,0.037496415,0.113966667,0,0.129660922,0,0.215634858,0,0,0,0,0,0,0.072698305,0,0,0.064008025,0.095887635,0,0.07226439,0,0,0.113360193,0.056079249,0.119149449,0,0.071862257,0,0,0,0,0,0,0.108294739,0,0.02030909,0,0,0.09619041,0,0.432195035,0.114122804,0,0,0.114934963,0,0,0,0,0,0,0,0,0.052973607,1,0.120787162,0,0,0,0.110514317,0.184165292,0.69421457,0.095508908,0,0.302138258,0,0.059977092,0,0,0,0,0,0.548156496,0.240660614,0,0,0,0,0.392907644,0,0,0,0,0,0,0,0,0,0,0,0,0,0.112462021,0.116954905,0,0.052827814,0.308863272,0,0.164699661,0.009913589,0,0,0.353410875,0,0.025265212,0,0,0,0,0,0.231692778,0.104360529,0,0,0.014444131,0,0,0,0.212493398,0,0,0,0,0,0.01216073,0,0,0,0,0,0.353565116,0.149757808,0
0,0.420888852,0.240288375,0.435352546,0.036065932,0.033087837,0.181475961,0.255655608,0.502825932,0.058479087,0.170273351,0.143509167,0.457677462,0.241919672,0.094659875,0.214122536,0.22685239,0.246332112,0.198910748,0.064120138,0.294041517,0.1379753,0.085986061,0.155604308,0.491226042,0.289324396,0.378568327,0.589319414,0.395904316,0.098253604,0.458982804,0.180989373,0,0.293037083,0,0.255863703,0.298906462,0.069085889,0,0,0.036739476,0.352651899,0.157480143,0.069085889,0.168233481,0.128474408,0.35934906,0.097532791,0.227569215,0.325644896,0.454315155,0.407603584,0.149595499,0.500054511,0.339809068,0.060442861,0.102393774,0.131902411,0.094875527,0.338408383,0.181304471,0.154109552,0.318824912,0.053472335,0.110583529,0.221177094,0.318177199,0.551210794,0.021315589,0.468737395,0.07976803,0.145448061,0.498220676,0.621492027,0.098091468,0.479501581,0.534365899,0.273962345,0.558406092,0.480733796,0.488429301,0,0.428061661,0.22915111,0.356071426,0.44372777,0.676225021,0.319659648,0.155316704,0.190797376,0.421024261,0.133866105,0.516085645,0.485568343,0.199979015,0.271062488,0.230960669,0.289601131,0.471617388,0,0.387197997,0.453077875,0.499237313,0.559155007,0.185128145,0,0.494231007,0.106707233,0.266562412,0.21804316,0.620969154,0.516760076,0.083520363,0.214775135,0.098144124,0.269143132,0.450645911,0.255685092,0.191512386,0.246190436,0.501107897,0.182314189,0.421295658,0.357787134,0,0.065950276,0.133934656,0.264451389,0.010548502,0.394717202,0.380133652,0.487143169,0.087187195,0,0.089951912,0.196496475,0.176183327,0.312852355,0.52914351,0.120787162,1,0.201201404,0.455678064,0.1783927,0.490676129,0.089868244,0.082124041,0.310918103,0,0.061885356,0.457214769,0.436613851,0.204565582,0,0,0,0.444581006,0.068150229,0.232125228,0.516082637,0.483677683,0.091918396,0.114296864,0.064959125,0.097955073,0,0.513539364,0.327863491,0.031206223,0,0.474157488,0,0.36868798,0.335628054,0.089508581,0.496423055,0.308540426,0.220865869,0.242910756,0.005817606,0.752178808,0.139709924,0.453243312,0.145742393,0.495913725,0.384526327,0,0.149575439,0.286577175,0.460198012,0.064506376,0,0.473491868,0.011414024,0.184693193,0,0.293807218,0.466291606,0.414361275,0.530370567,0.404181021,0.467792418,0.329788207,0.181445667,0.204751622,0.081575374,0.332040404,0.492375476,0.517254855,0.469989852,0.469272146,0.051901123,0.179640913,0,0.428848437,0.207221347,0.178307934,0.258613743
0,0.326165926,0.341498449,0.165499383,0,0,0.413491528,0.596683856,0.164202402,0.233361522,0.395502236,0,0.21984846,0.170705671,0.712195992,0.369687855,0,0.329074004,0,0,0.355100238,0.178077831,0.054753069,0.204503115,0.244071735,0,0.226157228,0.138915551,0.197324662,0.512122396,0.260637854,0,0,0.249052516,0,0.399444022,0.124380011,0,0,0,0,0.132498986,0.534154751,0,0,0,0.115313505,0.493126678,0,0.230376475,0.097272514,0.29884075,0.597012268,0.21614567,0.262996126,0,0.410572872,0.320650563,0.431957891,0.249043879,0.184754224,0.405238981,0.476060545,0,0,0,0.615890404,0.160680359,0,0.195216201,0,0,0.208621662,0.169637082,0,0.197011738,0.164600949,0.124787588,0.170054373,0.1665826,0.172247483,0,0.146477814,0.377935913,0.139542475,0.187442768,0.200247559,0.25011165,0.349208184,0.036105551,0.137430778,0,0.179302847,0.151294673,0.346986087,0.3763108,0.679978013,0.2403591,0.186812432,0,0.168847868,0.175969025,0.256138852,0.274576595,0,0,0.208374131,0,0.391182681,0.157633237,0.265766635,0.20438767,0,0.297478208,0.509161967,0.37150398,0.44570543,0.596919739,0,0.171101297,0.236526788,0,0.185404456,0,0,0,0,0.488130056,0,0.401310739,0.172604187,0.173367128,0,0,0.325579776,0.207525586,0.589543957,0,0.211356392,0,0.201201404,1,0.150207949,0.363310487,0.387372801,0,0,0.240448961,0,0,0.155177468,0,0,0,0,0,0.130670168,0,0,0.175446385,0.167625637,0.376771347,0.44931686,0,0,0,0.207988312,0,0,0,0.228247007,0,0.384579189,0.212173236,0,0.12699482,0.128852322,0.146392094,0.407643646,0,0.227377889,0,0.091128516,0.205005811,0.186405904,0.099600532,0,0,0.327759135,0.179747447,0,0,0.178196109,0,0.419443949,0,0.230971678,0.10720958,0.430800786,0.171148984,0.257090084,0.25707171,0.249320178,0,0,0,0.173849821,0.123809883,0.144141059,0.153873529,0.222470023,0,0,0,0.120219178,0.520075749,0.18877076,0
0.040040984,0.60527169,0.074149099,0.499877625,0.115193653,0,0.148849245,0.27227228,0.695468855,0.04830636,0.147230485,0.097291202,0.521436119,0.439068231,0.077536677,0.124244175,0.157558788,0.121193601,0.279600753,0.05209201,0.145899435,0.230564068,0.115223532,0.358661008,0.632660113,0.654915977,0.571191983,0.323248627,0.56121585,0.079931401,0.433890552,0.347122871,0.060800169,0.302955748,0,0.245191494,0.315136769,0,0,0,0,0.427310283,0.106823509,0,0.256848944,0.338050358,0.303285889,0.079453701,0.324302919,0.122308547,0.49999935,0.589107466,0.123449757,0.569162213,0.272349021,0,0.131606744,0.129158961,0.110633327,0.358044409,0.287886982,0.126507674,0.324524259,0,0.235789319,0.134487828,0.214517411,0.354639788,0.056713284,0.563309467,0.223560573,0.281761645,0.65211716,0.570501132,0.427518559,0.608253631,0.767999726,0.384387223,0.378264447,0.685527805,0.665426312,0,0.459465482,0.14847786,0.605493191,0.573823918,0.592413141,0.16068265,0.136212228,0.282900987,0.479650799,0.205720801,0.722244163,0.657513508,0.22120202,0.43708586,0.14944469,0.361096351,0.433353234,0,0.416227557,0.490000329,0.359258346,0.525116415,0.134376142,0,0.743429286,0.426275314,0.199977099,0.208327676,0.588450284,0.695911874,0.198167898,0.19453283,0.07985893,0.256197568,0.456129912,0.21291223,0.548716406,0.450130803,0.500714495,0.19450054,0.568394786,0.551726741,0.116835593,0.057352637,0.371861047,0.344079339,0.167913633,0.270674383,0.457758875,0.609747097,0.148846305,0,0.165088109,0.226449317,0.145471991,0.41977587,0.484302462,0,0.455678064,0.150207949,1,0.203591949,0.429920013,0.242499273,0,0.188219996,0.059459938,0.119835931,0.800967936,0.419226406,0.262682815,0,0,0,0.734710855,0,0.053381508,0.557183479,0.749972658,0.148480317,0.079660426,0.056645455,0.137516009,0,0.713970442,0.348155887,0.008375187,0.02487248,0.720977191,0,0.520772664,0.483444969,0.11125866,0.533544822,0.670518663,0.575360905,0.186541642,0.056816161,0.475970188,0.054629085,0.623572374,0.368509328,0.589085973,0.653832743,0.014698577,0.126420271,0.502668256,0.64504426,0.052346645,0,0.671554645,0.143449007,0.151536265,0,0.35460318,0.687849015,0.397528556,0.651386699,0.614628631,0.557337997,0.466540446,0.288121438,0.314182577,0.345648409,0.45165105,0.59794365,0.714197631,0.675327193,0.644049442,0.025209351,0.071184311,0,0.613769305,0.074058363,0.187241608,0.439846553
0,0.125432187,0,0.224474248,0,0,0,0.597146916,0.154664794,0,0,0,0.21623219,0,0,0,0,0,0.129258302,0,0.219255968,0,0,0,0.180296173,0,0.230814265,0.163275013,0.174798259,0,0.266319731,0.29723888,0.433396742,0,0,0.232154757,0.334952375,0,0,0,0,0.232873201,0.33310716,0,0,0,0.224443295,0,0.216935452,0.235223958,0.18902054,0.282686976,0,0.220520861,0.717235788,0,0,0.573323677,0,0.294484962,0.319500861,0,0.473774089,0,0,0,0.616919036,0.231373132,0,0.265139483,0.144549636,0,0.212789684,0.172795434,0,0.193569205,0.16763665,0.33606236,0,0.169666351,0.175470109,0,0.238105798,0.753490765,0,0.191049028,0.10215324,0.295764903,0,0,0.370535218,0,0.176027526,0.205075042,0.621920018,0.336096276,0.354644169,0,0.269342695,0,0,0.238788598,0.348853266,0.203042631,0,0,0.204839249,0,0.466197388,0.425783301,0.251136745,0.150776238,0,0.81384519,0,0.352468614,0.276249031,0.597389531,0,0,0.241483202,0.158321621,0.251700659,0,0,0,0,0.327839449,0,0.298056557,0.337701137,0.176617469,0,0,0.582401501,0.200320318,0.346335106,0.254834579,0.19937733,0,0.1783927,0.363310487,0.203591949,1,0.287566505,0,0,0.251421255,0,0,0.137198708,0.146258294,0.1862916,0,0,0,0.153514678,0,0.217717366,0.172211232,0.22738021,0,0.468132459,0,0,0,0.15345135,0,0,0,0.215425934,0,0.39464181,0.288393364,0,0.12167219,0.347136639,0,0.273022735,0,0.116137147,0,0.244670948,0,0.189985471,0.193585027,0,0,0.168179927,0.185270873,0,0,0.18156699,0,0.839471378,0,0.272844506,0.102528504,0.442778268,0.174344505,0.262662635,0.253273758,0.40756908,0,0,0,0,0.241165636,0.146696743,0.156653897,0.227022436,0,0,0,0.234095373,0.324072753,0,0
0,0.56782009,0.243092197,0.361932479,0.094082201,0,0.154976106,0.39998645,0.453194435,0.09667665,0.15237842,0.183308702,0.480512403,0.311906056,0.26138452,0.251146483,0.162143239,0.23929239,0.1654128,0,0.522423832,0.251671716,0.195300532,0.345743407,0.591549044,0.286633093,0.372489451,0.435105208,0.384840316,0.167033122,0.528900143,0.199407279,0,0.249393048,0,0.625633946,0.39567696,0.118722066,0,0,0,0.211509018,0.234643195,0.118722066,0.237703709,0.090840076,0.419596863,0.164960566,0.23018138,0.390476702,0.339193707,0.50106154,0.24410005,0.526975701,0.463210844,0,0.154564293,0.229990823,0.15749969,0.456705548,0.244140566,0.153802189,0.480155025,0,0.180145517,0.320127019,0.500399171,0.415357661,0,0.357654259,0.108855007,0.288889021,0.387041284,0.50402891,0.150792982,0.379555478,0.510524409,0.31928273,0.438222408,0.405882073,0.427905534,0,0.400138935,0.292213016,0.244945664,0.407751559,0.480863063,0.443089869,0.210996359,0.263695132,0.361539052,0.263350292,0.393815633,0.349358319,0.290780304,0.449290086,0.369074155,0.334793185,0.520069581,0,0.349126121,0.443143166,0.616673513,0.439782478,0.120748229,0,0.48672927,0.239576541,0.470769054,0.313755883,0.542072755,0.507275159,0,0.263596893,0.166716961,0.382787632,0.67904352,0.400058628,0.187841991,0.203211917,0.421735979,0.268330873,0.363230973,0.302248179,0,0.226406888,0.240484165,0.523128009,0.100058749,0.580809129,0.429549141,0.454740297,0,0,0.142499001,0.26051926,0.380886011,0.289485288,0.477083134,0.110514317,0.490676129,0.387372801,0.429920013,0.287566505,1,0.168707297,0.117351106,0.440429119,0.125714369,0.204096565,0.369418415,0.305846553,0.251258857,0,0,0,0.446427524,0.115985557,0.225735317,0.408624675,0.42365289,0.220657807,0.162028595,0.220800216,0.072507634,0,0.473250607,0.113699629,0,0,0.480244712,0,0.45373172,0.373808111,0,0.354504319,0.268313723,0.223518041,0.378175013,0,0.415148497,0.28675625,0.319354271,0.370573786,0.380206296,0.407058141,0,0.214276454,0.389982467,0.394442281,0,0,0.491194028,0.101363789,0.304300008,0,0.414563702,0.45958705,0.632902849,0.491602854,0.58840445,0.334154321,0.53215164,0.369293085,0.195274524,0.213685929,0.288082039,0.367054994,0.427822728,0.413201034,0.53086776,0,0.08598295,0,0.315720421,0.32700917,0.260250584,0.097611524
0.075883445,0.219673676,0.15539693,0.066282688,0,0,0,0,0.196940046,0,0,0.387547866,0.082460515,0.46200661,0,0.163593656,0,0.15163504,0,0,0.209000305,0.619174382,0,0.589413806,0.380564049,0.430666317,0.213133171,0.147123764,0.161622328,0,0.089981457,0,0,0,0,0,0.44058002,0.208145248,0,0,0,0.095690364,0.09492903,0.208145248,0.33560926,0.131516023,0.496328978,0,0,0.190690031,0.118758095,0.12534529,0,0.139641601,0.127880928,0,0,0,0,0.160065025,0.089395454,0,0,0,0.263376684,0.293614071,0.14392298,0.18962859,0,0.05219544,0.079804391,0.486003222,0.182039657,0.11584335,0.621153117,0.17383676,0.242332114,0.556896013,0,0.178284222,0.183806317,0,0.103906079,0,0.315075412,0.165338906,0.139378109,0.243149378,0,0.583820553,0,0.427331746,0.242824642,0.157156688,0,0.182789595,0,0.129388283,0.111960535,0,0.118719478,0.142729491,0.186562487,0.172294295,0,0,0.276839142,0.626099587,0.076164824,0.195627449,0.120787409,0.325128512,0.122305022,0,0,0,0,0,0.537303547,0.193905271,0.105194791,0.142899394,0.121023307,0.460382266,0,0.375572447,0.629190333,0,0.334135341,0.15960206,0.217497692,0.156519281,0,0,0,0,0,0,0.18522174,0.184165292,0.089868244,0,0.242499273,0,0.168707297,1,0.203967581,0.330000073,0.219788947,0.652860623,0.249680146,0,0,0,0,0,0.25163111,0.199877413,0.193598617,0.115284042,0.200105861,0.069520323,0,0.360391991,0,0,0.225909057,0,0,0,0.190780635,0,0,0.1360823,0,0.09407476,0.345062077,0.47343809,0.161646822,0,0.042705584,0.32149354,0.112156312,0.59051704,0.094362614,0.276878339,0,0.343330696,0.278788496,0.081932269,0,0,0.251323001,0.132247293,0,0,0.506727429,0.30076546,0,0.236514257,0.251221134,0.152167818,0.169912592,0.523437181,0.168678229,0.541584548,0.196366289,0.186886569,0.214621315,0.243251348,0.233956604,0,0,0,0.179430321,0.238282503,0.472386741,0.18292663
0,0,0.366407918,0,0,0,0,0,0,0,0,0.254532464,0,0.143682248,0,0.415494351,0,0.346158876,0,0,0.18637012,0.15129486,0,0.179797664,0.069421069,0.092545091,0.012563637,0.062308949,0,0,0,0.028555298,0,0,0,0,0.096437779,0.910413068,0,0,0,0,0,0.910413068,0,0,0.088475615,0,0,0.203723575,0,0,0,0,0.243081922,0,0,0,0,0,0,0,0,0,0.242343692,0.301225391,0.308430088,0.064006085,0,0,0,0.177677517,0,0.046765315,0.157347489,0,0.045282705,0.096799654,0,0,0,0,0,0,0,0,0.015041839,0.121251354,0,0.139173827,0,0.243290992,0,0,0,0,0,0,0.075595424,0,0,0.066243256,0.100992673,0,0,0,0,0.120565105,0,0.127134975,0,0.057166377,0,0,0,0,0,0,0.114851518,0,0,0,0,0.101328601,0,0.559720706,0.121428105,0,0,0.122347988,0,0,0,0,0,0,0,0,0.054495437,0.69421457,0.082124041,0,0,0,0.117351106,0.203967581,1,0.100572634,0,0.359378941,0,0.024655644,0,0,0,0,0,0.770931764,0.275629075,0,0,0,0,0.495549348,0,0,0,0,0,0,0,0,0,0,0,0,0,0.119549644,0.124639492,0,0,0.368933755,0,0.180359141,0.010184023,0,0,0.434328861,0,0,0,0,0,0,0,0,0.110436199,0,0,0,0,0,0,0.239299503,0,0,0,0,0,0,0,0,0,0,0,0.313674567,0.162594137,0
0.03719709,0.255756233,0.087142504,0.418471733,0.212011785,0,0,0.234215813,0.398397258,0.170306503,0,0.42214931,0.316154256,0.131340821,0.090498536,0.089661739,0,0.0859468,0.110868362,0,0.488907357,0.394011548,0.221930675,0.204753191,0.369307834,0.165700372,0.409876771,0.620658874,0.243272581,0,0.545766154,0.182073878,0,0,0,0.245029029,0.685812839,0.10157791,0,0,0.053871699,0.125337131,0.270073119,0.10157791,0.088474013,0.080998408,0.743732575,0,0.099939934,0.514491646,0.300460957,0.23177674,0.085268638,0.429615194,0.298881024,0,0,0.272314046,0,0.38751633,0.296056533,0,0.21251061,0,0.160250623,0.17096316,0.320610942,0.624587351,0,0.349742249,0.259328864,0.298282841,0.382774667,0.445929243,0.193993914,0.295385989,0.358220743,0.621997023,0.088742797,0.264881152,0.307224043,0,0.492125534,0.254965903,0.060405601,0.432516199,0.180289686,0.733671724,0.029158136,0.345522558,0.258307167,0.28150115,0.213450811,0.280686523,0.128351136,0.234120001,0.233391417,0.080186286,0.527221248,0,0,0.529695829,0.500270255,0.335016368,0,0,0.236262462,0.404779835,0.398425608,0.690046702,0.309452186,0.290691911,0,0.232904602,0,0.254264925,0.279165119,0.234253128,0.148840804,0,0.466866068,0.281895776,0.389430664,0.17080839,0,0.195848629,0.417137884,0.31932389,0.242438442,0.581705735,0.298821934,0.442010817,0,0,0.125303691,0.287270555,0.205603101,0.240391126,0.521713362,0.095508908,0.310918103,0.240448961,0.188219996,0.251421255,0.440429119,0.330000073,0.100572634,1,0.107618244,0.256644676,0.149190834,0.13127046,0.2190642,0,0,0,0.309461255,0.13261269,0.188595471,0.298448214,0.217437698,0,0.140158728,0.258170237,0,0,0.187879091,0,0,0,0.322552632,0,0.267217336,0.349711321,0,0.120856307,0.208861746,0.120556879,0.604267852,0,0.174992074,0.251173783,0.224809468,0.205001267,0.420616388,0.218814462,0,0.186705599,0.243598309,0.112891682,0,0,0.368355912,0,0.264119664,0,0.612983071,0.143133625,0.340909562,0.428264259,0.387940326,0.152829632,0.319756819,0.159599799,0,0.121008441,0,0.176237976,0.349741781,0.410896175,0.41042361,0,0.074766463,0,0.200417104,0.358400139,0.381473517,0.032764452
0,0.102840595,0,0,0,0,0,0,0.044316056,0,0,0.275221077,0,0.154196152,0,0,0,0,0,0,0,0.162449451,0,0.193426746,0.07412864,0.098974755,0,0,0,0,0,0,0,0,0,0,0.103164957,0,0,0,0,0,0,0,0.332154275,0.246681097,0.094596603,0,0,0,0,0,0,0,0,0,0,0,0,0,0,0,0,0,0.261824132,0.326748859,0,0,0,0,0,0.191118415,0,0,0.169017546,0,0.048274995,0.103554602,0,0,0,0,0,0,0.121026527,0,0.081651541,0,0,0.149312303,0,0.262864533,0.072202598,0,0,0.171595111,0,0.239299957,0,0,0,0,0,0,0,0,0.085382097,0.12918545,0,0,0,0.060992637,0,0,0,0,0,0,0.123015884,0,0,0,0,0.108432699,0,0.618068488,0.130117736,0,0.328991914,0,0.152130706,0.051039354,0,0,0,0,0,0,0,0,0,0,0.059459938,0,0.125714369,0.219788947,0,0.107618244,1,0.39138575,0.061605714,0,0,0,0,0,0.062193368,0,0,0,0.067035848,0,0,0.544774901,0,0,0.06216556,0,0,0,0.0632109,0,0,0,0,0,0.107461866,0.128088601,0,0,0,0.402055181,0,0.19403817,0,0.0801835,0,0.475456519,0.14473399,0,0,0,0.052571143,0,0,0,0.118251454,0.089293914,0,0.050337892,0.078540143,0,0,0.258481667,0,0.242088998,0,0,0.041903879,0.04492054,0.066920845,0,0,0,0,0,0.174715376,0
0,0.19521154,0.231751224,0.05052979,0,0,0,0,0.12623201,0.031438804,0,0.536547311,0.095537328,0.390860421,0,0.250466824,0,0.223482661,0,0,0.272744571,0.516887944,0,0.467308769,0.208880376,0.269553852,0.125982267,0.107512651,0.085806283,0,0.059811881,0,0,0,0,0,0.354332105,0.372553858,0,0,0,0.113759562,0,0.372553858,0.482240817,0.178289955,0.338938706,0,0,0.153979162,0.083686654,0.090426262,0,0.120432009,0.175450521,0,0,0,0,0.12934626,0.113379797,0,0,0,0.361133524,0.420513149,0.207125147,0.110171181,0,0.059550664,0,0.463009639,0.116259188,0.082544116,0.420610873,0.145766211,0.141116673,0.355484773,0,0.092918628,0.096066375,0,0.053558198,0,0.224264289,0.104505873,0.159522071,0.192814763,0,0.482964214,0,0.586390753,0.142925179,0.112091756,0,0.135451875,0,0.174401982,0.13691186,0,0.1478565,0.113655881,0.165046406,0.152790493,0,0,0.16595617,0.428752481,0,0.200601147,0.13692186,0.175072165,0,0,0,0,0,0,0.324515216,0.149809754,0.054307827,0.126408889,0.137225067,0.291595609,0,0.611688984,0.431325935,0,0.47920342,0.194275275,0.270874457,0.087148212,0,0,0,0,0,0,0.095103024,0.302138258,0.061885356,0,0.119835931,0,0.204096565,0.652860623,0.359378941,0.256644676,0.39138575,1,0.123782468,0,0,0,0,0,0.1248591,0.346872361,0.191797311,0.129892827,0.13366309,0,0,0.572419004,0,0,0.124808194,0,0,0,0.126719068,0,0,0.156913908,0,0.111483458,0.202727632,0.335674333,0.19731344,0,0,0.480146424,0.07842886,0.468443538,0.103930177,0.156971938,0,0.530543571,0.260123898,0.094828975,0,0,0.1479692,0,0,0,0.398100196,0.172632487,0,0.142139699,0.154104956,0.11159078,0.129488503,0.579416747,0.234271911,0.387241662,0.152191446,0.106353113,0.11978138,0.127841428,0.133455398,0,0,0,0.103290267,0.209477138,0.564674182,0.139365565
0,0.569772948,0.076597953,0.549398361,0.08817248,0,0.153964935,0.210896256,0.64825333,0.066639785,0.130210441,0.100312123,0.499322022,0.394994665,0.080218446,0.128418875,0.204016479,0.12516254,0.342682001,0.053962805,0.174318484,0.271548147,0.196290714,0.368958855,0.594814882,0.616636586,0.534737229,0.367902837,0.599030792,0.082784429,0.401041776,0.341649319,0.06299274,0.362400857,0,0.186352406,0.30962995,0,0,0.018512285,0,0.481481314,0.076938341,0,0.265096447,0.327835688,0.290020711,0.082272128,0.340752768,0.16467149,0.565966249,0.578919506,0.127570356,0.536799297,0.198580551,0,0.13612365,0.133341296,0.093576876,0.294729867,0.234935791,0.130838521,0.317777691,0.044936488,0.29367532,0.143216606,0.150800772,0.389710372,0.058736004,0.485628196,0.225531052,0.278920606,0.609883995,0.554258224,0.388821361,0.601379834,0.715850436,0.318586471,0.34957858,0.684841539,0.676051275,0,0.403502593,0.121390956,0.605376652,0.62618544,0.567120142,0.108676801,0.140733173,0.325415787,0.468902883,0.162541039,0.774283614,0.629948305,0.212872905,0.449243481,0.197432945,0.337280989,0.417560304,0,0.417684225,0.438935682,0.346618203,0.467624237,0.086759466,0,0.710503148,0.368513423,0.155414507,0.156730965,0.550823854,0.652097816,0.20471255,0.222721631,0.082706694,0.317269837,0.449048935,0.202175557,0.564896765,0.441193315,0.441998162,0.209453337,0.562290366,0.598562823,0.120791282,0.076854733,0.340240426,0.353568521,0.173296854,0.196117307,0.446211384,0.542099225,0.139814926,0,0.223974422,0.219327754,0.077204634,0.367334806,0.471776171,0,0.457214769,0.155177468,0.800967936,0.137198708,0.369418415,0.249680146,0,0.149190834,0.061605714,0.123782468,1,0.418608566,0.275749526,0.059495722,0,0,0.734523665,0,0.096318294,0.546977127,0.722995674,0.116260055,0.099938463,0.058589581,0.104601745,0,0.757735746,0.370087851,0,0,0.700226391,0,0.498253852,0.514402339,0.115155809,0.507920199,0.60663418,0.520155069,0.175807638,0.058846357,0.474177953,0.119225971,0.666471077,0.379098395,0.659063649,0.70622266,0.015241703,0.130692151,0.475433363,0.572876144,0.054236107,0,0.735784523,0.125243214,0.081366704,0,0.268056513,0.655910199,0.362660317,0.627734206,0.580307551,0.566016277,0.422404663,0.296957487,0.323968502,0.356105269,0.50863146,0.643272484,0.675113078,0.668209372,0.635949469,0.026112943,0.132250086,0,0.591833382,0.076446107,0.238510498,0.487624439
0,0.152846647,0,0.458376275,0,0,0.153235786,0.251797197,0.369559712,0.044634881,0,0.088532447,0.433578963,0.036583727,0,0,0.347272072,0.032411897,0.381782226,0,0.187911232,0,0.183825827,0.040725885,0.296747109,0.281077942,0.45798609,0.41878908,0.335513504,0,0.412646835,0.338093961,0,0.360504052,0,0.24956994,0.239608088,0,0,0,0.013719654,0.375214341,0,0,0.27854039,0.227676677,0.186211268,0,0.499072449,0.10024186,0.461267179,0.33851004,0,0.351522902,0.258937177,0.051297407,0,0.12449272,0,0.268893655,0.235254788,0,0.351842482,0.098274583,0.109600083,0.238366305,0.136365941,0.41368448,0.038618867,0.369673462,0.234122706,0.040508152,0.418821999,0.384568089,0.091009191,0.472228125,0.397144655,0.128298133,0.318776934,0.374522136,0.405194931,0,0.478585991,0.232862182,0.318220496,0.457272461,0.395597566,0.224056573,0.126939922,0,0.489817632,0,0.466133335,0.483370152,0.152485112,0.089851438,0,0.247918067,0.408278773,0,0.287042894,0.412392883,0.239372873,0.394801514,0.257629669,0,0.45344045,0,0.162380695,0.258997165,0.448112297,0.290846063,0.141376235,0.208858261,0,0.267893572,0.289999856,0.134347053,0.225249937,0.406155335,0.4903158,0.315394639,0.433611675,0.298731418,0.132117956,0,0.055159102,0.109891589,0,0.270114895,0.387556022,0.354895581,0.287538462,0,0,0.16659418,0.14599189,0.60072664,0.342841245,0.059977092,0.436613851,0,0.419226406,0.146258294,0.305846553,0,0.024655644,0.13127046,0,0,0.418608566,1,0.221204325,0,0,0,0.420009083,0,0,0.460689852,0.359201334,0.075350637,0,0,0.310452501,0,0.429638441,0.492830678,0.04953639,0,0.380514781,0,0.504806334,0.25603733,0.1594309,0.491295238,0.233443796,0.088788625,0.055949461,0,0.396190718,0,0.447202915,0,0.492227292,0.466153626,0,0.148018414,0.094757354,0.446189775,0,0,0.38307206,0.084168064,0.155290301,0,0.171244546,0.407762863,0.319659805,0.349444062,0.375500612,0.353784191,0.344562209,0.1326849,0.262863119,0.235772941,0.388268475,0.542382036,0.32422041,0.410609741,0.329296126,0.056466617,0.150516191,0,0.474700813,0.031439639,0.038873157,0.344209583
0,0.095847732,0,0.382275903,0.246499078,0,0,0.167349106,0.300649753,0.131726211,0,0.213331481,0.472917791,0.054763775,0,0,0.224302308,0,0.209773357,0,0.143443373,0.253154805,0.249446671,0.062169399,0.234097644,0.229527446,0.290950763,0.328475252,0.316161351,0,0.296937091,0.413056747,0,0.273291721,0,0.303491089,0.280596132,0,0,0,0,0.309626848,0,0,0.180874854,0.133540594,0.200541944,0,0.56789175,0.191748143,0.419424984,0.262724147,0,0.227065877,0.317456541,0,0.150916354,0,0,0.294484172,0.342053802,0,0.408828588,0,0.230344087,0,0.170534419,0.335327346,0.167806482,0.372335934,0.21732791,0.178486935,0.281778962,0.308155219,0.057737436,0.448000692,0.213026696,0.255988527,0.140340972,0.291193822,0.299839161,0,0.307462215,0.190369653,0.229195878,0.384936308,0.081454694,0.247587492,0,0.127521582,0.380988203,0.109650361,0.35050168,0.46470689,0.193163417,0.088284826,0,0.156686741,0.424413278,0,0.270204153,0.348489047,0.258661577,0.336862651,0,0,0.259681908,0.210900248,0.143807751,0.255062482,0.148049169,0.201636291,0.136608902,0.290402786,0,0.323372949,0.114643158,0.29290138,0.142760161,0.179021192,0.244913052,0.236342298,0.353692925,0.213233325,0.145585059,0,0.117230238,0.216327799,0.357003284,0.23614467,0.314523679,0.310317932,0,0,0.221096786,0.621428012,0.185859614,0.402459022,0.321972775,0,0.204565582,0,0.262682815,0.1862916,0.251258857,0,0,0.2190642,0,0,0.275749526,0.221204325,1,0.174160079,0,0,0.356605663,0,0,0.337040442,0.362340569,0,0,0,0,0,0.312533251,0.211870073,0,0,0.21005258,0,0.379057016,0.493991122,0,0.339501857,0.206022065,0.1464774,0.14508914,0.168710365,0.144432529,0,0.445592532,0.062273697,0.370802351,0.354296272,0.04666774,0,0.052738768,0.304215887,0,0,0.346301493,0,0.20119665,0,0.169314778,0.397204333,0.229681179,0.252853325,0.153583333,0.468488233,0.216186618,0.162453725,0.361330475,0.206682501,0.302636089,0.280744486,0.280535492,0.346471573,0.232659264,0,0,0,0.400589884,0,0.263796898,0.473518692
0,0,0,0.063843759,0,0,0,0,0.042785164,0,0,0,0.087650429,0,0,0,0,0,0.147298752,0,0,0.157165611,0.247556416,0,0.071605583,0,0,0.06423026,0.077593405,0,0,0.150643369,0,0.243371365,0,0,0.099704779,0,0,0,0,0.107292504,0,0,0,0,0,0,0.211389914,0,0.075440923,0.082331926,0,0.062619585,0,0,0,0,0,0.124988503,0,0,0.225388161,0,0.253754381,0,0,0.065989382,0,0,0,0,0,0.048142831,0,0,0,0,0,0.047212706,0.048939706,0,0.068094876,0,0,0.053614877,0,0,0,0,0.111977357,0,0.069742722,0.057873859,0,0,0,0,0.078015777,0,0.147166366,0,0,0,0,0,0,0,0,0,0,0.058903005,0,0.303579498,0,0.176147989,0,0.310031364,0,0,0,0,0.072381591,0.104805602,0,0,0,0,0,0,0,0.049282059,0,0,0.347670086,0.190821596,0,0,0.056138007,0,0,0,0,0,0,0,0,0,0,0,0.059495722,0,0.174160079,1,0,0,0,0,0,0,0.064746086,0,0,0,0,0,0.060036987,0,0,0,0.061047662,0,0,0.084192177,0,0,0,0,0,0,0,0,0.070159078,0,0.053293866,0.077462648,0,0,0,0,0,0,0.050762482,0,0,0,0,0.086277812,0,0.048604145,0,0.104897224,0,0,0,0,0.152554134,0,0.040454591,0.043369228,0.06463488,0,0,0,0.09587507,0,0.169069282,0.136829891
0,0,0,0,0,0,0,0,0,0,0,0,0,0,0,0,0,0,0.023661417,0,0,0,0,0,0,0,0,0,0,0,0,0,0,0,0,0,0,0,0,0,0,0,0,0,0,0,0,0,0,0,0,0,0,0.00968729,0,0,0,0,0,0,0,0,0,0,0,0,0,0,0,0,0,0,0,0,0,0,0,0,0,0,0,0,0.010559547,0,0,0,0,0,0,0,0,0,0,0,0,0,0,0,0,0,0,0,0,0,0,0,0,0,0,0,0,0,0,0,0,0,0,0,0,0,0,0.030998653,0,0,0,0,0,0,0,0,0,0.007579857,0,0,0,0,0,0,0,0,0,0,0,0,0,0,0,0,0,0,0,0,0,0,1,0,0,0,0,0,0,0,0,0,0,0,0,0,0,0,0,0,0,0,0,0,0,0,0,0,0,0,0,0,0,0,0,0,0,0,0,0,0,0,0,0,0,0,0,0,0,0,0,0,0,0,0,0,0,0,0,0,0,0,0,0,0,0
0,0,0,0.011249267,0,0,0,0,0,0,0,0,0,0,0,0,0,0,0,0,0,0,0,0,0,0,0,0,0,0,0,0,0,0,0,0,0,0,0,0,0,0,0,0,0,0,0,0,0,0,0.013358603,0,0,0,0,0,0,0,0,0,0,0,0,0,0,0,0,0,0,0,0,0,0,0,0,0,0,0,0,0.008260424,0.008568835,0,0,0,0,0,0,0,0,0,0,0,0,0,0,0,0,0,0,0,0,0,0,0,0,0,0,0,0,0,0,0,0,0,0,0,0,0,0,0,0,0,0,0,0,0,0,0,0,0,0,0,0,0,0,0,0,0,0,0,0,0,0,0,0,0,0,0,0,0,0,0,0,0,0,1,0,0,0,0.012018227,0,0,0,0,0,0,0.010561407,0,0,0,0,0,0,0,0,0,0,0,0,0,0,0,0,0,0,0,0,0,0,0,0,0,0,0,0,0,0,0,0,0,0,0,0,0,0,0,0,0,0,0,0,0,0,0,0,0,0,0
0,0.54377057,0,0.518193279,0.102738257,0,0.074928297,0.208715388,0.666665378,0.154539386,0.051653173,0.102434713,0.540370284,0.303553566,0.053902708,0.050936169,0.189672216,0.049633403,0.318156195,0.054475042,0.225785142,0.207271975,0.165400354,0.304657109,0.579414291,0.548600479,0.531324379,0.478362682,0.554590637,0,0.449707981,0.302834713,0,0.243424614,0,0.291381837,0.355276403,0,0,0,0,0.440386769,0.128139602,0,0.267344121,0.330463758,0.407871798,0,0.359782437,0.188632293,0.583584216,0.470349185,0.102599583,0.535876301,0.214135265,0,0.057034374,0.125818548,0,0.409911339,0.239840435,0.05190458,0.266787576,0.04536636,0.245011679,0.095227384,0.148092385,0.450449699,0.05928967,0.483017265,0.245542114,0.292989844,0.655458705,0.580781307,0.359568707,0.648380688,0.674527411,0.39551111,0.250175575,0.603254492,0.631450528,0,0.494013632,0.196920906,0.494630235,0.635804528,0.544670116,0.313561168,0.06431291,0.261561308,0.514053889,0.212412113,0.77812323,0.577059275,0.156614902,0.350232329,0.078711125,0.234428856,0.520204389,0,0.367009662,0.442328315,0.373319667,0.505344366,0.082232865,0,0.708241258,0.371049707,0.298615182,0.279222206,0.522340418,0.598157731,0.206498164,0.186210001,0,0.327545959,0.282486824,0.146939261,0.48829287,0.392491022,0.466622415,0.167807179,0.589721399,0.483535844,0.12187164,0.059891614,0.312933413,0.370719592,0.225363683,0.372059801,0.473385836,0.580897858,0.155338573,0,0.114659746,0.212830445,0.125612358,0.457386975,0.526635911,0,0.444581006,0.130670168,0.734710855,0.153514678,0.446427524,0.25163111,0,0.309461255,0.062193368,0.1248591,0.734523665,0.420009083,0.356605663,0,0,0,1,0,0,0.529453161,0.649267733,0.03835795,0.083187034,0.098956949,0.123867912,0,0.698849491,0.373171867,0,0,0.655762767,0,0.514444406,0.459756849,0.116221714,0.445501452,0.621248331,0.424276325,0.210597583,0.059402116,0.3819558,0.056927815,0.730340554,0.296099895,0.670492535,0.689240148,0,0.131858772,0.351451592,0.489079976,0.05475357,0,0.664011393,0.12637792,0.158157547,0,0.467364211,0.611964071,0.383240961,0.628888645,0.539515246,0.495977423,0.544065399,0.263799688,0.326632274,0.346370036,0.419180216,0.707031806,0.651566882,0.707200692,0.574405558,0,0.074272103,0,0.599543861,0.127312815,0.172655418,0.413508936
0,0,0.353416172,0,0,0,0,0,0,0,0,0.248194474,0,0.141640478,0,0.398867499,0,0.334540629,0,0,0.182949354,0.198493811,0,0.235225948,0.068940911,0.091693739,0,0.082472541,0,0,0,0,0,0,0,0,0.095513657,0.834216803,0,0,0,0,0,0.834216803,0,0,0.116802189,0,0,0.199643089,0,0,0,0,0.237294872,0,0,0,0,0,0,0,0,0,0.236591322,0.292389119,0.299172566,0.084704548,0,0,0,0.174565745,0,0.046546926,0.206311251,0,0.045077914,0.095868618,0,0,0,0,0,0,0,0,0,0.159551458,0.121293921,0.137257324,0,0.237494101,0,0,0,0,0,0,0.099926235,0,0,0.065805913,0.099979653,0,0,0,0,0.119124191,0,0.167196052,0,0.05684038,0,0,0,0,0,0,0.113543198,0,0,0,0,0.100308865,0,0.529960811,0.159781239,0,0,0.120864406,0,0,0,0,0,0,0,0,0.054199111,0.548156496,0.068150229,0,0,0,0.115985557,0.199877413,0.770931764,0.13261269,0,0.346872361,0,0,0,0,0,0,0,1,0.268212219,0,0,0,0,0.472079086,0,0,0,0,0,0,0,0,0,0,0,0,0,0.118132758,0.123100166,0,0,0.355765493,0,0.235947461,0,0,0,0.416193339,0,0,0,0,0,0,0,0,0.109226008,0,0,0,0,0,0,0.233689069,0,0,0,0,0,0,0,0,0,0,0,0.304104427,0.213080146,0
0,0.063491417,0.378995866,0.185334834,0,0,0,0,0.125330623,0,0,0.157231934,0.082769607,0.106484237,0,0.206695665,0,0.187966174,0.231748405,0,0.2327576,0.157048186,0.122363575,0.125108426,0.05939615,0.075546945,0.102041919,0.167352542,0.102122572,0,0.183877404,0.204504316,0.304343944,0,0,0,0.236422083,0.283313266,0,0,0,0.207411515,0,0.283313266,0,0,0.255761564,0,0,0.262145439,0.047118242,0.12707237,0,0.181507949,0.318949282,0,0,0.196456999,0,0,0.211085388,0,0,0,0.15249411,0.288229359,0.176258505,0.274011693,0,0.116200814,0.215018943,0.124078202,0.154724655,0.164180809,0.11380941,0,0.180660747,0.296613244,0.156249446,0.103331546,0.106705931,0,0.128960353,0,0,0.122976846,0.107586501,0.174958228,0.129781529,0.28810698,0.158181469,0.268894002,0,0.144512592,0.209692758,0.125119009,0.155893562,0,0.185340195,0,0,0.262457883,0.427571682,0.043639776,0.105334149,0,0,0.093235458,0,0.202735911,0.153129349,0.083196721,0,0.184504531,0,0.13043613,0.247465612,0,0.127476436,0,0.207579158,0.292714149,0.13166311,0.08129988,0,0.237086796,0.11220133,0.180825234,0,0.156310086,0.085906636,0.136825596,0,0,0.198962104,0,0,0.172611716,0.238197158,0.240660614,0.232125228,0,0.053381508,0.217717366,0.225735317,0.193598617,0.275629075,0.188595471,0,0.191797311,0.096318294,0,0,0,0,0,0,0.268212219,1,0.08059613,0.100611759,0.088119143,0,0.224758409,0,0,0.03355995,0,0,0,0.143494157,0,0.098640046,0.118756078,0,0.053453385,0.087786054,0.092627027,0.330088554,0,0.121176525,0.352950986,0.107787397,0.125380022,0.162263301,0,0,0.211252933,0.082790049,0.121913829,0,0,0.083746553,0,0,0,0.153138358,0,0.191334341,0.195137914,0.199060208,0,0.134225748,0.151283117,0,0,0,0,0.123064831,0.117787647,0.103498822,0.206322774,0.220735594,0,0,0.177958846,0.165454181,0
0.047462456,0.385486052,0.132092203,0.717807712,0.052833586,0,0.174962411,0.316177091,0.666562063,0.018923824,0.114699779,0.182468814,0.700813607,0.130153426,0.09123773,0.088290008,0.245165922,0.110697904,0.20633842,0,0.245901044,0.218886421,0.192577472,0.139479456,0.413411332,0.292760941,0.621019909,0.576516202,0.488783991,0.094571739,0.617474633,0.344171169,0,0.298119821,0,0.28089944,0.391138188,0,0,0.021238348,0.035350213,0.511187627,0.110440208,0,0.236836328,0.194629609,0.406741066,0.093903752,0.364062907,0.215620176,0.781385459,0.471809959,0.087629672,0.564984818,0.237977046,0,0.154659097,0.140656238,0.091438054,0.337752054,0.417590117,0.090179417,0.373362895,0.05143666,0.122891737,0.177570428,0.249416169,0.511625414,0.06709174,0.647000344,0.195046251,0.110331132,0.670297996,0.583869203,0.157081392,0.812209148,0.567969102,0.298848758,0.319467546,0.794972019,0.768724714,0,0.558056666,0.221134478,0.476644155,0.720158229,0.489307563,0.363722804,0.222069803,0.198743883,0.442847893,0.112757564,0.610963339,0.75399172,0.175470744,0.202502297,0.174405976,0.268738641,0.534953161,0,0.415080149,0.613833861,0.462002491,0.731738584,0.182239237,0,0.568396254,0.164240226,0.218382854,0.336379901,0.559343586,0.467479964,0.142133362,0.207717321,0.094470305,0.260450141,0.35863628,0.247248865,0.255666818,0.481189675,0.563225354,0.181124427,0.68727553,0.302897753,0.162879258,0.019927337,0.182046717,0.302263896,0.184693648,0.421501687,0.482152431,0.540897389,0.158812307,0,0.128236981,0.33037482,0.170084717,0.484546683,0.557229571,0,0.516082637,0.175446385,0.557183479,0.172211232,0.408624675,0.115284042,0,0.298448214,0,0.129892827,0.546977127,0.460689852,0.337040442,0,0,0.012018227,0.529453161,0,0.08059613,1,0.688995156,0.1308885,0.11374699,0,0.126226092,0,0.706565478,0.32942857,0,0,0.483669773,0,0.510577177,0.623988731,0.086225686,0.605200152,0.447807452,0.362679285,0.311028284,0.08657742,0.449125815,0.022075324,0.592737179,0.139603347,0.672165197,0.670434897,0,0.082774067,0.259500848,0.522244643,0,0,0.7236984,0,0.178075478,0,0.375625544,0.588132629,0.373255809,0.610488669,0.489887496,0.676084116,0.416236244,0.150714918,0.286420827,0.213410446,0.443725157,0.552093754,0.580389467,0.626004762,0.410450773,0.049946882,0.083549407,0,0.639735778,0.086144658,0.250501992,0.494702596
0.045139299,0.493984903,0.139806127,0.615883837,0.095220731,0,0.166835247,0.302626628,0.669248353,0.053932057,0.164853446,0.136502027,0.65710832,0.41740513,0.086970397,0.152741155,0.174945245,0.135093046,0.367799262,0.058694257,0.191800172,0.264264014,0.202892074,0.343221954,0.608412798,0.541088714,0.590602783,0.443373766,0.657997437,0.089994657,0.492967193,0.438096629,0.068540808,0.389023078,0,0.318846711,0.395552318,0,0,0,0.033624533,0.556922771,0.105619149,0,0.285687551,0.298263351,0.361185521,0.089389557,0.409773379,0.162136542,0.641418319,0.603126501,0.137902384,0.595709148,0.285896413,0,0.16165408,0.195526909,0.087152402,0.412122995,0.333218884,0.14172931,0.411347755,0,0.278224743,0.111466362,0.238636092,0.478262457,0.063847378,0.607916497,0.191125609,0.237473385,0.713209866,0.547711272,0.385859846,0.683778909,0.682166468,0.339305854,0.277763188,0.747124974,0.707611783,0,0.539420865,0.165985664,0.593857307,0.662351141,0.469426666,0.248004197,0.152061789,0.319211815,0.548468856,0.21489671,0.682732863,0.702501203,0.229891598,0.457546112,0.166675665,0.399022415,0.510200918,0,0.497429106,0.502316961,0.428510245,0.568575306,0.060357866,0.015319536,0.657313383,0.289837066,0.242301547,0.26778776,0.49986427,0.602594256,0.135809678,0.272511902,0.089902799,0.301290102,0.408508532,0.293243062,0.498699655,0.443919416,0.49207682,0.183642395,0.703528755,0.505175211,0.144686859,0.064369386,0.271556687,0.387322189,0.186734544,0.339360476,0.500219215,0.643859212,0.151461284,0,0.241598632,0.302261107,0.162452595,0.455929167,0.573816375,0,0.483677683,0.167625637,0.749972658,0.22738021,0.42365289,0.200105861,0,0.217437698,0.067035848,0.13366309,0.722995674,0.359201334,0.362340569,0.064746086,0,0,0.649267733,0,0.100611759,0.688995156,1,0.084650765,0.08940662,0.063479922,0.079704955,0,0.761702767,0.316761145,0.014451078,0.028105358,0.728501001,0,0.519345172,0.580905781,0.082137001,0.561505914,0.632088897,0.543035446,0.250093139,0.063977795,0.39359652,0.060958465,0.634159661,0.378846649,0.642766273,0.737688087,0,0.141418509,0.436940816,0.571412609,0.059017729,0,0.715301588,0.101891893,0.169817164,0,0.41201817,0.753635563,0.45178679,0.727209239,0.651948395,0.678488342,0.547609676,0.238631022,0.309027084,0.299745246,0.505089966,0.555101089,0.703938594,0.719046022,0.615369707,0.047518501,0.079704934,0,0.611945904,0.09565292,0.256012716,0.571848191
0,0.18596034,0.373540733,0.148449471,0,0,0.461415839,0.318668431,0.112470787,0,0.439127308,0,0.164943785,0.205184141,0.478957968,0.407531517,0,0.358725946,0.085746762,0,0,0.240617834,0,0.248007639,0.092913733,0.058756808,0.168606212,0.039981074,0.100025567,0.587726588,0.194954121,0,0,0.265672651,0,0.255149573,0.036490119,0,0,0,0,0,0,0,0,0.127297874,0.033752662,0.647516877,0,0,0,0.156895837,0.393832935,0.160988475,0,0,0.457784394,0,0.484530469,0,0.193745531,0.451163186,0.250199016,0,0.133325327,0.154185681,0.32977568,0,0,0.147002788,0,0,0.079150221,0.125790262,0,0.099862964,0.121997505,0.036613475,0.177642442,0.123489472,0.096112158,0,0.067996097,0,0.144611278,0.104742109,0.149862891,0,0.38278471,0,0.067606627,0,0.090682066,0.134694288,0,0.19520389,0.367256693,0.255803226,0.096678839,0,0.17632628,0.157152172,0.194386594,0.154714195,0.182751339,0,0.105775454,0,0,0,0.138177725,0.126838552,0.18150461,0,0.583830872,0,0.23548129,0.318804497,0.113936992,0.178785196,0.15895104,0.063243969,0.093840682,0,0,0,0,0.28271579,0,0.155103876,0,0.147662028,0,0,0,0.218938334,0.388425612,0,0.130907706,0,0.091918396,0.376771347,0.148480317,0,0.220657807,0.069520323,0,0,0,0,0.116260055,0.075350637,0,0,0,0,0.03835795,0,0.088119143,0.1308885,0.084650765,1,0,0,0.20896383,0,0.078905168,0.106204126,0.076846701,0,0.119086964,0,0.1483962,0.160117489,0.251641031,0.131179366,0,0.151980691,0.157648425,0,0.115702558,0,0.044307364,0.216135663,0.104864996,0.048529856,0,0,0.251046664,0.110906351,0,0,0.13224447,0,0,0,0,0.162601635,0.166979633,0.114301712,0.173110156,0.151064757,0,0,0,0,0.181788293,0,0.106626189,0.102596007,0.125584028,0,0,0,0.057658494,0,0.285596849,0
0,0.134308059,0,0.088210883,0,0,0,0.370511788,0.067899466,0.097668264,0,0,0.11930893,0,0,0,0.075178624,0,0,0,0.24789208,0,0,0,0.119364164,0,0.090821514,0.08872323,0.106284858,0,0.105569383,0,0,0,0,0,0.134706297,0,0,0.223217251,0,0.144281231,0.404012463,0,0,0,0.140685227,0,0,0.268499489,0.103475993,0.112441734,0,0.086586462,0.313871395,0,0,0.39962585,0,0.18843463,0,0,0.28256642,0,0,0,0.385270025,0.091051968,0,0.105075631,0,0,0.083417438,0.078871781,0,0.106105285,0.065109417,0.135184488,0.033873135,0.079928059,0.08276048,0,0.093832448,0.492700122,0,0.084499997,0.126746129,0.167054536,0,0.033032005,0.150148542,0,0.096003423,0.080265263,0.441376228,0.21549632,0.436136155,0,0.106835139,0,0,0.094114868,0.14071121,0.1116035,0,0,0.112649632,0,0.336306002,0.174595616,0.150808233,0.081639292,0,0.364262676,0,0.227250718,0.17361382,0.370691723,0,0.017564741,0.095230191,0,0.099470667,0,0,0.13196757,0,0.209617576,0,0.168463798,0.1931515,0.089841546,0,0,0.40731128,0,0.041714969,0,0.077943631,0,0.114296864,0.44931686,0.079660426,0.468132459,0.162028595,0,0,0.140158728,0,0,0.099938463,0,0,0,0,0,0.083187034,0,0,0.11374699,0.08940662,0,1,0,0,0,0.100813081,0,0,0,0.084496904,0.101998773,0.160744332,0.139243509,0,0,0.139967741,0,0.171403087,0,0.145227441,0.077823695,0.096551244,0,0.074128624,0.106114442,0,0,0.20106327,0,0,0,0.070721505,0,0.565678157,0,0.153064571,0,0.182233632,0.067807798,0.104040243,0.141268299,0.166471657,0,0,0,0,0.134037827,0.056733338,0.060707324,0.089259327,0,0.093692683,0.148093552,0.129839419,0.390798861,0,0
0,0.094702287,0.281661885,0.042209027,0,0,0,0,0.071527788,0,0,0.434289986,0,0.265114703,0,0.309796151,0,0.26954146,0,0,0.161633809,0.277608849,0,0.323180024,0.135481803,0.177423225,0.043440658,0.10172688,0,0,0.050379689,0,0,0,0,0,0.184338485,0.520952722,0,0,0,0,0,0.520952722,0.259992166,0.204522506,0.229220429,0,0,0.174527089,0,0,0,0.041442162,0.202634372,0,0,0,0,0,0.100333499,0,0,0,0.416944896,0.498160173,0.246100337,0.104359302,0,0.050147885,0,0.319854352,0.039945003,0.077288497,0.287443968,0,0.090062382,0.249198159,0,0,0.03276434,0,0.044859907,0,0.109910982,0.035752583,0.076436314,0.18924373,0,0.257649195,0,0.418303312,0.068094204,0,0,0.150075959,0,0.19942262,0.122150823,0,0,0.107818739,0.160046251,0,0,0,0.079696022,0.226302705,0,0.197558572,0.047403715,0.112637958,0,0,0,0,0,0,0.216502479,0,0.045518305,0,0.047514013,0.192969052,0,0.791040797,0.227775696,0,0.258050603,0.190799049,0.134972521,0.081935558,0,0,0,0,0,0.078806029,0.089516772,0.392907644,0.064959125,0,0.056645455,0,0.220800216,0.360391991,0.495549348,0.258170237,0.544774901,0.572419004,0.058589581,0,0,0,0,0,0.098956949,0.472079086,0.224758409,0,0.063479922,0,0,1,0,0,0.059095725,0,0,0,0.060039589,0,0,0,0,0,0.098607201,0.224567055,0.200838264,0,0,0.584099331,0.046140317,0.324059068,0.035548156,0.075148337,0,0.660415222,0.129118099,0,0,0,0.050358901,0,0,0,0.281384811,0.083093801,0,0.080854927,0.123364712,0,0.078703237,0.412567609,0,0.201355816,0,0,0.040486224,0.072468149,0.063376787,0,0,0,0,0.249427878,0.295899635,0
0,0,0,0.078661745,0,0,0.456329643,0,0.094546046,0,0,0,0.159536865,0,0,0,0.296536837,0,0.070782149,0,0,0,0,0,0.087577212,0.114380641,0.176329018,0.139035218,0.134097402,0,0.047885523,0.171425938,0,0.256047026,0,0,0.050013062,0,0,0,0,0.180383789,0,0,0.318634331,0.252357514,0,0,0.228343004,0,0.114616813,0,0,0.11669922,0,0,0,0,0,0,0,0,0,0,0,0.16074139,0,0.111767781,0,0.093319633,0,0,0.074473672,0.131187621,0,0.133876636,0.112795288,0,0,0.089299416,0.118164921,0,0.126243542,0,0.13720885,0.100783799,0.208744751,0,0,0,0.131915456,0,0.142508966,0.138539788,0,0,0,0.24621875,0.143286901,0,0.167983387,0.126614864,0,0.14951031,0.144146387,0,0.099863791,0,0,0,0.133339492,0.072917614,0.365119133,0,0,0,0.077478421,0,0.139225688,0.170379887,0.148997262,0,0.125706648,0.154941464,0,0,0,0,0,0,0.167972711,0.108218977,0.447371599,0,0,0,0,0.145876434,0.134608433,0,0.097955073,0,0.137516009,0,0.072507634,0,0,0,0,0,0.104601745,0.310452501,0,0,0,0,0.123867912,0,0,0.126226092,0.079704955,0.20896383,0,0,1,0,0.074240785,0.324879514,0,0,0.107171095,0,0.200178825,0,0.516044506,0.124250548,0.123270424,0.144337395,0,0,0.109374582,0,0.122103316,0,0.094257476,0.094218611,0,0.412980183,0.160803293,0.148891025,0,0,0.095684627,0.248407276,0,0,0.13438387,0.157239635,0.158887821,0.091807512,0.047209327,0.124377139,0,0,0.279011631,0,0.173308813,0.167988447,0.089599073,0.125854019,0,0,0.43302958,0,0.221441932,0,0,0.157623363
0,0,0,0,0,0,0,0,0,0,0,0,0,0,0,0,0,0,0,0,0,0,0,0,0,0,0,0,0,0,0,0,0,0,0.389158379,0,0,0,0,0,0,0,0,0,0,0,0,0,0,0,0,0,0,0,0,0,0,0,0,0.0076908,0,0,0,0,0,0,0,0,0.153462231,0,0,0,0,0,0,0,0,0,0,0,0,0.687492706,0,0,0,0,0,0,0.027785284,0,0,0,0,0,0,0,0,0,0,0,0,0,0,0,0,0,0,0,0,0,0,0,0,0,0,0,0,0,0,0,0,0,0,0,0,0,0,0,0,0,0,0,0,0,0,0,0,0,0,0,0,0,0,0,0,0,0,0,0,0,0,0,0,0,0,0,0,0,0,0,0,0,0,0,0,1,0,0,0,0,0,0,0,0,0,0,0,0,0,0,0,0,0,0,0,0,0,0,0,0,0,0,0,0,0,0,0,0,0,0,0,0,0,0,0,0.033187473,0,0,0,0,0,0,0,0,0,0,0,0
0.041861858,0.534883063,0.077234496,0.60516325,0.05065756,0,0.155296859,0.283212229,0.682678886,0.150972897,0.131326993,0.101095474,0.628783169,0.335521991,0.134796476,0.129504786,0.215288891,0.148460024,0.200381688,0.054450804,0.182465661,0.249724711,0.14473723,0.293566377,0.61069232,0.51305321,0.524235,0.421492813,0.551270611,0.083528444,0.448662647,0.302183719,0,0.36517923,0,0.301426583,0.280268567,0,0,0.01868367,0,0.527850671,0.128088132,0,0.267237866,0.273549928,0.292323315,0.083006923,0.377955097,0.126866571,0.682633194,0.568648592,0.180623351,0.538752264,0.214053748,0,0.137299606,0.077403326,0.081074386,0.392631078,0.225844848,0.131965918,0.386546957,0.045346018,0.261025602,0.178466705,0.223205242,0.445252323,0.059263473,0.518439331,0.154500589,0.224479937,0.646809252,0.551456624,0.338773753,0.690888637,0.707665213,0.286331363,0.323196721,0.804680105,0.82779041,0,0.461741682,0.196838977,0.629728328,0.64540904,0.523749302,0.205553172,0.177258478,0.210612007,0.455060488,0.163798868,0.753812928,0.666721972,0.156550955,0.35083248,0.155641269,0.339840296,0.443014747,0,0.483401439,0.420720271,0.338439352,0.634953117,0.131473447,0,0.745063327,0.281540796,0.24479905,0.169495516,0.556976093,0.685017858,0.168883962,0.238905995,0.083449307,0.313761182,0.410121865,0.274428768,0.450420506,0.497245561,0.469579865,0.141917173,0.571987532,0.518923398,0.15449265,0.077527318,0.274789416,0.319100273,0.174694492,0.350760136,0.473228638,0.569167096,0.141020478,0,0.168572329,0.28473821,0.20341193,0.359824173,0.500378671,0,0.513539364,0.207988312,0.713970442,0.15345135,0.473250607,0.225909057,0,0.187879091,0.06216556,0.124808194,0.757735746,0.429638441,0.312533251,0.060036987,0,0.010561407,0.698849491,0,0.03355995,0.706565478,0.761702767,0.078905168,0.100813081,0.059095725,0.074240785,0,1,0.3350469,0.023777557,0.026025366,0.647791854,0,0.50776012,0.560650587,0.076346399,0.593767144,0.62259718,0.485818489,0.161804246,0.076456413,0.440084119,0.076593921,0.613614607,0.293802665,0.617527638,0.792973359,0,0.131803598,0.355598057,0.578011953,0.054729083,0,0.742770997,0.094860762,0.158090331,0,0.362795528,0.721739676,0.383229359,0.665918135,0.564877297,0.690671986,0.476311876,0.263699588,0.294101299,0.32005154,0.525052872,0.621572661,0.707041737,0.659192969,0.583681494,0.026348625,0.074240767,0,0.650440076,0.127262007,0.217450644,0.525096041
0,0.215950162,0.067141141,0.230054623,0,0.092063652,0.214656913,0.155955054,0.287428339,0,0,0,0.356519857,0.041855043,0,0,0.356454256,0,0.346173911,0,0.199700642,0,0.170888653,0,0.175074514,0.311526878,0.264010686,0.284899298,0.337124933,0,0.268342769,0.227580764,0,0.466136479,0,0.165382789,0.050689398,0,0,0,0,0.379311608,0.064073462,0,0.371325733,0.374923705,0,0,0.433875682,0,0.328716402,0.227359073,0,0.298092346,0.173449135,0.088072928,0,0,0,0.196413836,0.112928259,0,0.297550009,0,0.225907353,0,0,0.279454095,0,0.322007601,0.11466096,0,0.265703116,0.307101237,0.112516265,0.395721981,0.317773071,0,0.260759787,0.276565332,0.279592878,0,0.240426637,0,0.325107994,0.283348523,0.328244153,0,0.173086891,0,0.422484506,0,0.37880212,0.335980294,0.206977611,0,0,0.318826678,0.328283796,0,0.441354032,0.281998123,0.152128694,0.307554411,0.075194651,0,0.325347278,0,0.052206572,0.098517583,0.24165191,0.222646194,0.292282985,0,0,0.1429045,0.119371695,0,0.249818717,0.416297798,0.261056682,0.148817565,0.337239898,0.353065365,0.182858928,0,0,0.201039463,0,0.111558749,0.442181571,0.255374432,0.401716346,0,0,0.069089252,0,0.372272314,0.305681271,0,0.327863491,0,0.348155887,0,0.113699629,0,0,0,0,0,0.370087851,0.492830678,0.211870073,0,0,0,0.373171867,0,0,0.32942857,0.316761145,0.106204126,0,0,0.324879514,0,0.3350469,1,0.078837278,0,0.344171537,0,0.433246361,0.219059348,0.345432164,0.301608022,0.273042047,0.186564295,0,0,0.317289226,0,0.403990449,0,0.29446906,0.400998882,0,0.204556614,0.175182852,0.353650476,0,0,0.26168407,0.117689726,0,0,0.10092276,0.320205657,0.237588543,0.234986482,0.148307592,0.320420764,0.211181342,0.172114794,0.351362687,0.303603066,0.360625699,0.410169358,0.254809545,0.254967202,0.223486018,0.082156638,0.209357899,0,0.417908475,0,0,0.397546838
0,0,0.219504292,0.02523274,0,0.354320373,0,0,0.017106243,0.134805434,0,0,0,0.092228334,0,0.081792773,0.098823582,0,0,0,0.080245848,0,0,0.035874688,0.031558725,0.020994705,0.024922244,0.014339979,0.034086918,0,0,0,0,0,0,0,0,0,0,0,0,0.039730939,0.300643136,0,0.052337327,0,0,0.11299415,0,0,0,0.066974747,0,0.027733636,0,0.301706338,0.094461309,0,0,0,0,0,0,0,0,0,0,0,0,0.034980233,0,0,0.022879424,0.021491772,0,0,0,0,0.062809558,0.018830464,0.019500735,0,0.026850657,0,0,0.041747043,0.034629238,0,0,0.02562986,0.041362551,0,0.026353135,0.055715126,0,0,0,0,0,0,0.062304543,0,0,0.06263977,0.143989716,0.189293087,0,0,0.08996907,0,0,0.020661973,0.124950711,0,0,0,0,0,0,0.05647938,0.027253119,0.070027169,0,0.045373077,0.157250494,0,0,0,0,0,0,0.019633455,0,0,0.055778037,0.014345076,0,0,0.024951243,0,0.031206223,0,0.008375187,0,0,0,0,0,0,0,0,0.04953639,0,0,0,0,0,0,0,0,0.014451078,0.076846701,0,0,0,0,0.023777557,0.078837278,1,0,0,0,0,0.031565149,0,0.079359581,0,0.017430219,0,0,0.039719578,0,0,0,0.021185006,0,0,0,0.019534697,0.082998201,0,0.304314746,0.020206799,0,0,0,0,0,0,0,0,0.020980819,0,0,0,0,0,0,0.018136296,0.017334177,0,0,0,0,0,0.117893499,0.032697064,0
0,0,0,0,0,0,0,0,0,0,0,0,0,0.066386499,0,0,0,0,0,0,0,0,0,0,0,0.041898064,0,0,0,0,0,0,0,0,0,0,0,0,0,0,0,0,0,0,0,0,0,0,0,0,0,0,0,0,0,0,0,0,0,0,0,0,0,0,0,0,0,0,0,0,0,0,0,0,0,0,0.020126266,0,0,0.020389824,0.021146291,0,0,0,0.051578064,0,0,0,0,0,0,0,0,0.025071837,0,0,0,0,0,0,0.065460539,0,0,0,0,0,0,0.055192688,0,0,0,0.025525345,0,0,0,0,0,0,0,0,0,0,0,0,0,0,0,0,0,0,0,0.02129634,0,0,0,0,0,0,0,0,0,0,0.02487248,0,0,0,0,0,0,0,0,0,0,0,0,0,0,0,0,0,0.028105358,0,0,0,0,0,0.026025366,0,0,1,0.026471296,0,0,0.036755641,0,0,0,0.054705704,0,0,0,0,0,0,0,0,0,0,0,0,0,0,0,0,0,0,0,0,0,0.020999248,0,0,0,0,0,0,0,0,0.017436903,0,0,0,0,0,0,0,0,0.060674882
0,0.631571344,0.078420422,0.53554822,0.090267121,0,0.157780733,0.287409197,0.683266899,0.110856344,0.133408778,0.054190265,0.573122078,0.371337662,0.13696653,0.131528755,0.145331341,0.128114892,0.450389626,0.055361876,0.320814842,0.252891786,0.291392751,0.297473076,0.599178701,0.457371829,0.581513208,0.44745285,0.674495034,0.084917269,0.544603262,0.340445568,0.064632862,0.370346092,0,0.351290921,0.433913063,0,0,0,0,0.490127773,0.130019738,0,0.271224858,0.283882617,0.380523221,0.084378317,0.309816608,0.168174814,0.441093918,0.726385433,0.183427128,0.683005867,0.286940341,0.02404252,0.081571852,0.266770083,0.117328265,0.574972255,0.231575552,0.134068171,0.39192567,0,0.253932121,0.055926814,0.226539629,0.478898527,0,0.484463159,0.185914069,0.22678346,0.642534758,0.577401545,0.307408498,0.533572813,0.729939684,0.348254172,0.310010014,0.648225724,0.621885502,0,0.569027093,0.157183295,0.434789096,0.586277953,0.56584816,0.314139136,0.144098651,0.293868592,0.545719241,0.166138496,0.636002274,0.549087407,0.233926316,0.471652462,0.202113585,0.344598707,0.527705997,0,0.480739273,0.468478518,0.476007064,0.419481134,0,0,0.550403475,0.270353334,0.278009669,0.325521811,0.558424381,0.646148547,0.111157288,0.258857691,0.084835479,0.375328044,0.440265446,0.278495984,0.408559291,0.365034153,0.529925812,0.281802593,0.645265171,0.408177594,0.066621355,0.060834651,0.268433271,0.469108491,0.123280951,0.396400132,0.527919357,0.713323211,0.143268504,0,0.229216347,0.213265554,0.206560625,0.380946448,0.638805572,0,0.474157488,0.228247007,0.720977191,0.215425934,0.480244712,0.190780635,0,0.322552632,0.0632109,0.126719068,0.700226391,0.380514781,0.21005258,0.061047662,0,0,0.655762767,0,0.143494157,0.483669773,0.728501001,0.119086964,0.084496904,0.060039589,0.107171095,0,0.647791854,0.344171537,0,0.026471296,1,0,0.553647278,0.522587834,0.118065932,0.453125027,0.546090928,0.42434989,0.331189559,0,0.404319298,0.108016435,0.597131183,0.331450482,0.68372549,0.600526488,0,0.133875447,0.495917543,0.531589993,0.05564957,0,0.622372528,0.128340136,0.160614994,0,0.428986132,0.551070762,0.562128766,0.705533068,0.740801242,0.468737064,0.580413908,0.227105202,0.208544608,0.285467756,0.437956919,0.5171237,0.737260493,0.716797706,0.723689553,0,0.135498565,0,0.437957898,0.129168591,0.220266425,0.326883703
0,0,0,0,0,0,0,0,0,0,0,0,0,0,0,0,0,0,0,0,0,0,0,0,0,0,0,0,0,0,0,0,0,0,0,0,0,0,0,0,0,0,0,0,0,0,0,0,0,0,0,0,0,0,0,0,0,0,0,0,0,0,0,0,0,0,0,0,0,0,0,0,0,0,0,0,0,0,0,0,0,0,0,0,0,0,0,0,0,0,0,0,0,0,0,0,0.037032549,0,0,0,0,0,0,0,0,0,0,0,0,0,0,0,0,0,0,0,0,0,0,0.020502801,0,0,0,0,0,0,0,0,0,0,0,0,0,0,0,0,0.063235922,0,0,0,0,0,0,0,0,0,0,0,0,0,0,0,0,0,0,0,0,0,0,0,0,0,0.101998773,0,0,0,0,0,0,0,0,1,0,0,0,0,0,0,0,0,0,0,0,0,0,0,0,0,0.019109889,0,0,0,0,0,0,0,0,0,0,0,0,0,0,0,0,0,0,0,0.003423569,0,0,0,0,0,0,0,0,0
0,0.356711929,0.142595209,0.549295794,0,0,0.297022471,0.508101738,0.432184614,0.095974227,0.151216886,0,0.61788676,0.100577075,0.259333325,0.147284687,0.299351144,0.140382057,0.391309892,0,0.369898218,0.10309162,0.279147433,0.111426964,0.36918621,0.275844705,0.561444915,0.360237988,0.528707431,0.16563845,0.472115689,0.494018702,0.127354236,0.465098102,0,0.438554702,0.299776859,0,0,0,0,0.508006506,0.233010612,0,0.262553477,0.30293134,0.19637279,0.163600149,0.557438073,0.119959033,0.502258392,0.485991951,0.242310234,0.475551576,0.467887737,0,0.262270344,0.323014674,0.156259086,0.452691216,0.521957546,0.152618932,0.576642918,0,0.192753637,0,0.402987629,0.422098208,0.117430035,0.571892887,0.342076315,0,0.588446641,0.431639375,0.086958754,0.559321009,0.432149385,0.268485446,0.271827073,0.464339062,0.496772363,0,0.431094807,0.290043485,0.386670064,0.56145521,0.356385199,0.296180978,0.26311795,0,0.647475699,0,0.56773747,0.556536845,0.395816472,0.29343148,0.286499999,0.356457863,0.490125291,0,0.363774004,0.62139346,0.394816709,0.503465977,0,0,0.542780388,0,0.313700831,0.39019946,0.491993261,0.364070443,0.234080343,0.36196759,0.165327543,0.374329055,0.419575773,0.397359855,0.221456587,0.413349287,0.591634625,0.261317531,0.615412727,0.220813615,0.229847579,0,0.052999424,0.463817663,0.095869704,0.390325101,0.591930763,0.484935314,0.268913411,0,0.313013623,0.338796658,0.378107525,0.627508227,0.53463212,0,0.36868798,0.384579189,0.520772664,0.39464181,0.45373172,0,0,0.267217336,0,0,0.498253852,0.504806334,0.379057016,0,0,0,0.514444406,0,0.098640046,0.510577177,0.519345172,0.1483962,0.160744332,0,0.200178825,0,0.50776012,0.433246361,0,0,0.553647278,0,1,0.528859409,0.148647278,0.45426996,0.490369757,0.306251794,0.375979912,0.117871963,0.359253963,0,0.614826677,0.111576038,0.598438322,0.451945392,0,0.138678154,0.288048647,0.622603323,0,0,0.527307368,0.060054911,0.301948008,0,0.31304234,0.394966385,0.612840394,0.461852761,0.467494521,0.569441722,0.481217347,0.125669387,0.339607835,0.223599594,0.455159861,0.586339466,0.423439419,0.498154484,0.486050137,0,0.140868314,0,0.51953467,0.2302911,0.106586878,0.335268846
0.058664084,0.383613898,0.104664337,0.684494399,0.134326821,0,0.110564297,0.296472476,0.568826446,0.094092059,0.109235746,0.183581599,0.676127634,0.175185546,0.111543224,0.107168886,0.176867391,0.103467058,0.332355323,0,0.339432423,0.367689157,0.227391971,0.163645475,0.364357962,0.223833192,0.552796768,0.443765026,0.508267873,0.116567235,0.554444287,0.300024444,0.089074163,0.255374897,0,0.332810779,0.500903853,0,0,0.026387935,0,0.541978059,0.132956357,0,0.1905977,0.111831562,0.385556459,0.115554058,0.304486958,0.208642473,0.543891176,0.500191969,0.106197514,0.550971161,0.3547795,0,0.188712579,0.304454019,0.111842783,0.483799699,0.385580759,0.109965497,0.431005325,0.063635428,0.181149363,0.099442368,0.299634576,0.414760317,0.082678865,0.571120786,0.219063351,0.187734436,0.607423106,0.54964223,0.114415821,0.700038904,0.52115155,0.410787201,0.253002033,0.610318698,0.611030799,0,0.465628527,0.268419269,0.475136443,0.636870293,0.371199317,0.380414206,0.15336735,0.167421723,0.508689515,0.14835548,0.518130568,0.71871917,0.290725526,0.287518258,0.210653537,0.232087068,0.472926991,0,0.367043117,0.519997224,0.565179604,0.631501004,0.201832999,0,0.466471495,0.230719394,0.258205674,0.445525274,0.475477154,0.447865138,0.154362959,0.394313488,0.11641317,0.400105929,0.322440241,0.367418684,0.154969462,0.31994578,0.466470407,0.316319868,0.681707657,0.286428904,0.076895981,0.024393942,0.214541386,0.509708531,0.289569629,0.445230141,0.402305702,0.52255288,0,0,0.304262378,0.440841163,0.20598917,0.343763937,0.489411834,0,0.335628054,0.212173236,0.483444969,0.288393364,0.373808111,0.1360823,0,0.349711321,0,0.156913908,0.514402339,0.25603733,0.493991122,0.084192177,0,0,0.459756849,0,0.118756078,0.623988731,0.580905781,0.160117489,0.139243509,0,0,0,0.560650587,0.219059348,0.031565149,0.036755641,0.522587834,0,0.528859409,1,0.055166686,0.563842486,0.420069854,0.348985006,0.44586188,0.082897691,0.322975149,0,0.570354413,0.163816042,0.648403369,0.559319469,0,0,0.265139205,0.505461759,0,0.033848131,0.603305063,0,0.217277647,0,0.343582894,0.473454633,0.417274405,0.552694315,0.434892067,0.655091533,0.392112395,0.179196187,0.251604745,0.175982361,0.348364544,0.47132658,0.568966583,0.534126597,0.502371316,0.036832346,0,0,0.50337594,0.103555309,0.377498247,0.417831909
0,0.06462942,0,0.123297404,0,0,0.549478356,0,0.083525804,0,0,0,0.109909529,0,0,0,0.333247587,0,0.093536059,0,0,0,0,0,0.090522272,0.181769097,0.126976846,0.081504066,0.097794329,0,0.050666129,0.18308538,0,0.282962101,0,0,0,0,0,0,0,0.133220562,0,0,0.36141486,0.423718766,0,0,0.249508084,0,0.09518528,0.053998492,0,0.121008823,0,0,0,0,0,0,0,0,0,0,0.153156561,0,0,0.083661196,0,0.147097833,0,0,0.076592705,0.093726102,0,0.09762749,0.093482053,0,0,0.091959301,0.062589583,0,0.086237988,0,0.14457826,0.06840428,0.099354641,0,0,0,0.211070648,0,0.088250839,0.073677125,0,0,0,0.27100721,0.149585193,0,0.179163974,0.086499792,0.067750605,0.10273831,0,0,0.103711319,0,0,0,0.091249605,0.114043155,0.642760678,0,0,0,0,0,0.22340531,0.181892692,0.087533833,0,0.091467209,0.130294436,0,0,0,0.101573368,0,0,0.17915183,0.095887799,0.536541755,0,0,0,0,0.154234673,0.071530826,0,0.089508581,0,0.11125866,0,0,0,0,0,0,0,0.115155809,0.1594309,0,0,0,0,0.116221714,0,0,0.086225686,0.082137001,0.251641031,0,0,0.516044506,0,0.076346399,0.345432164,0,0,0.118065932,0,0.148647278,0.055166686,1,0.130263223,0.129186356,0.152515256,0,0,0.114006864,0,0.135058552,0,0.103480127,0.14856627,0,0.48782075,0.260229054,0.109019937,0,0,0.098693136,0,0,0,0.141445139,0.10826325,0.168854509,0.062171157,0,0.130402369,0,0,0.311275366,0,0.185234697,0.123645619,0.079071081,0.055624753,0.042774301,0,0.516043624,0,0.119726409,0,0,0.167427155
0.072965999,0.428053639,0.126625692,0.571989523,0.077207392,0,0.261462633,0.232938414,0.471278196,0.119990617,0.219788993,0.145293742,0.589753864,0.288440961,0.136834974,0.21473236,0.261312128,0.205780218,0.185052632,0.09460894,0.103615543,0.235794762,0.054384867,0.226472011,0.390366155,0.306018887,0.52581367,0.330997858,0.386731318,0.144473623,0.39859756,0.264293581,0,0.3992395,0,0.323259677,0.246774694,0,0,0,0,0.439885156,0.03430413,0,0.34143592,0.174762024,0.23524737,0.142920498,0.306182431,0.151280002,0.535262311,0.454318882,0.21237039,0.45949157,0.248048735,0,0.135050424,0,0.137286056,0.301360537,0.281033504,0.221584468,0.320539893,0,0.07308152,0.133910283,0.235921739,0.322181283,0,0.569169101,0.094503048,0.18617194,0.594478741,0.461725811,0.194874451,0.625430653,0.473713619,0.185598817,0.503780618,0.538808422,0.552706349,0,0.355192529,0.123398679,0.596739685,0.533862807,0.522613668,0.202239919,0.185813503,0.1361881,0.429231862,0.099905736,0.593336067,0.592664486,0.127280982,0.237806152,0.125895456,0.447212754,0.359425297,0,0.489981445,0.443826016,0.374956059,0.616915991,0.246894899,0,0.551290827,0.127287388,0.139499316,0.136035541,0.540108469,0.441349932,0.153267592,0.112658347,0.144237037,0.180165041,0.342245752,0.232975746,0.259270274,0.482008453,0.409871832,0.214921372,0.566872148,0.350099319,0,0,0.127731114,0.272215685,0.180411871,0.275479487,0.455178164,0.400873454,0.12540404,0,0.059924195,0.301440845,0.249780022,0.397921285,0.368713421,0,0.496423055,0.12699482,0.533544822,0.12167219,0.354504319,0.09407476,0,0.120856307,0,0.111483458,0.507920199,0.491295238,0.339501857,0,0,0,0.445501452,0,0.053453385,0.605200152,0.561505914,0.131179366,0,0,0.124250548,0,0.593767144,0.301608022,0.079359581,0,0.453125027,0,0.45426996,0.563842486,0.130263223,1,0.414354625,0.391127051,0.139339314,0,0.461464268,0,0.53279391,0.191383335,0.550695916,0.508413559,0,0.12254346,0.252809888,0.725317976,0.09545223,0.042369706,0.514308432,0,0.12785863,0,0.225039699,0.56226101,0.368304058,0.429880247,0.425113474,0.63142045,0.386788646,0.212555595,0.325113615,0.208048856,0.515387402,0.563223239,0.434493519,0.471150059,0.411450192,0.045714969,0.124250497,0,0.462163946,0,0.277019877,0.441590993
0.072331636,0.45785699,0,0.427006021,0,0,0.125088555,0.33232457,0.492395794,0.082194637,0.085728718,0.083758623,0.458335406,0.350235937,0,0.08377158,0.108989444,0.116345395,0.232334696,0.093792458,0.10450156,0.206155137,0.092078054,0.31910416,0.463203136,0.564415288,0.430160895,0.223032635,0.474177304,0,0.270659071,0.384686474,0.10982283,0.26621384,0,0.102940753,0.327826319,0,0,0,0.019792501,0.459368886,0.124837823,0,0.306405406,0.45814983,0.338897564,0,0.407141983,0.107995752,0.506011098,0.377118785,0.082857152,0.381894023,0.305348017,0,0.095127722,0.216074936,0,0.301096282,0.310151934,0.104604529,0.301560492,0,0.327431565,0.087981072,0.236913547,0.296555805,0.101571916,0.476222337,0.205839783,0.27098733,0.563119879,0.296471551,0.55582295,0.520391844,0.550096647,0.495355852,0.110661145,0.53534711,0.549115866,0,0.307128044,0.254637779,0.596409911,0.438765217,0.419467629,0.167194596,0.104938153,0.286616153,0.467728141,0.18181487,0.610130279,0.499052582,0.222631249,0.384428206,0.127745187,0.305949044,0.309435203,0,0.229875078,0.382577156,0.257225153,0.458909742,0.05696191,0,0.67698587,0.383557101,0.210747937,0.308374254,0.359996621,0.500541602,0.274808792,0.321600805,0,0.174796429,0.197570142,0.233976121,0.56443815,0.435231914,0.377232456,0.076251612,0.534872768,0.453355896,0.239507508,0.100770183,0.358199843,0.225652884,0.279100392,0.167924457,0.564963864,0.4116601,0.235010065,0,0.217351748,0.168271096,0.120565726,0.353636537,0.376410834,0,0.308540426,0.128852322,0.670518663,0.347136639,0.268313723,0.345062077,0,0.208861746,0.107461866,0.202727632,0.60663418,0.233443796,0.206022065,0,0,0,0.621248331,0,0.087786054,0.447807452,0.632088897,0,0.139967741,0.098607201,0.123270424,0,0.62259718,0.273042047,0,0,0.546090928,0,0.490369757,0.420069854,0.129186356,0.414354625,1,0.629450408,0.15275321,0.101902377,0.227044358,0.092653955,0.578136884,0.319490394,0.412750827,0.621426786,0,0.217661903,0.405860665,0.424676878,0.094621192,0,0.530164825,0.070316662,0.263767573,0,0.455579354,0.599309715,0.324261197,0.500076111,0.485663351,0.530399502,0.475318034,0.298135823,0.397640516,0.384486194,0.421794805,0.628826216,0.5139495,0.495327697,0.475989256,0,0.123270374,0,0.658395474,0.123547045,0.15694057,0.480963003
0.086197713,0.39150305,0.24694131,0.231618835,0.072153736,0,0.304463564,0.136707301,0.368693059,0,0.198149651,0.18589744,0.359897123,0.578106011,0.159624405,0.25525704,0.162600639,0.243021189,0.031909648,0,0.079785614,0.407377892,0,0.551021722,0.478210067,0.589272029,0.298857709,0.144629074,0.366707198,0.17011687,0.112501086,0.219533379,0,0.24324058,0,0.123516107,0.190458446,0.120972766,0,0,0,0.198606803,0.039355111,0.120972766,0.353173569,0.336718874,0.268305211,0.167967574,0.248940228,0.082805223,0.295694026,0.257045425,0.148898418,0.282065341,0.08863865,0,0.268823059,0,0.160238588,0.148151059,0.183123969,0.156412932,0.122344234,0,0.273427944,0.196692118,0.234771683,0.136197699,0.120599962,0.268733963,0.059069483,0.381742108,0.409806041,0.248794226,0.576023499,0.413684227,0.470196284,0.319937138,0.173494575,0.401095851,0.37232505,0,0.099250699,0,0.736101445,0.325628141,0.368599797,0.06487082,0.147291135,0.437986824,0.143681761,0.29615716,0.471984503,0.420424258,0,0.33030275,0.144933176,0.45256456,0.114979744,0,0.387879018,0.279821235,0.194101277,0.408593593,0.101900832,0,0.528302291,0.53166952,0,0.066517769,0.236741941,0.518616302,0.319032052,0,0.16978894,0,0.143233616,0.136732336,0.611085473,0.501950757,0.218621643,0,0.359015791,0.577228058,0.108678312,0.230369171,0.459226127,0.169829454,0.321575654,0.159308735,0.330347837,0.311513767,0.14589633,0,0,0.195561704,0.148118835,0.179676107,0.258098301,0.112462021,0.220865869,0.146392094,0.575360905,0,0.223518041,0.47343809,0.119549644,0.120556879,0.128088601,0.335674333,0.520155069,0.088788625,0.1464774,0,0,0,0.424276325,0.118132758,0.092627027,0.362679285,0.543035446,0.151980691,0,0.224567055,0.144337395,0,0.485818489,0.186564295,0.017430219,0.054705704,0.42434989,0,0.306251794,0.348985006,0.152515256,0.391127051,0.629450408,1,0.160884602,0.121066118,0.2410022,0.208823246,0.309600347,0.608107272,0.263229838,0.485116988,0.032529723,0.359861052,0.507707608,0.417185489,0,0,0.413127532,0.082488413,0,0,0.386662433,0.615016139,0.190007779,0.394358155,0.334997282,0.521463616,0.131829743,0.426847908,0.388831217,0.356380298,0.420676225,0.361427419,0.410337945,0.393995468,0.308369041,0,0.144337326,0,0.441965617,0.096562954,0.359217709,0.481432193
0,0.260867582,0.351356159,0.477075559,0.193769094,0,0.163732359,0.285703506,0.371219828,0.204916758,0.160835581,0.374618569,0.343994309,0.177280103,0.294084988,0.264700493,0,0.267458538,0.259315577,0,0.499067368,0.386799877,0.158399723,0.197286059,0.284551411,0.07237168,0.458051266,0.482902959,0.360329952,0.177249741,0.55121889,0.198942917,0.136481473,0.129797369,0,0.293228272,0.528591823,0.126187158,0,0,0,0.25207515,0.246464482,0.126187158,0,0,0.522762542,0.174917665,0,0.412112238,0.243702123,0.302488152,0.257100245,0.465610132,0.325751185,0,0.163272765,0.434471979,0.264563091,0.317635416,0.440184492,0.162422601,0.254791621,0,0.091301644,0.098559965,0.389353358,0.492535434,0,0.458545123,0.349083802,0.229398562,0.500387897,0.406819439,0.07586278,0.327332238,0.348094228,0.56839619,0.148825374,0.339953717,0.353022765,0,0.504034357,0.159883579,0.092120257,0.457243778,0.177435335,0.65807929,0.152608376,0.252476052,0.318987642,0.249930223,0.135110323,0.338967052,0.267575653,0.3806909,0.303505015,0.127395991,0.444628026,0,0.104041058,0.53899171,0.590627345,0.290806901,0,0,0.150982985,0.24820522,0.290699713,0.632094162,0.340740167,0.237275293,0,0.249163311,0.176893764,0.401498051,0.371249398,0.285757575,0.064378118,0.104892281,0.527565096,0.397605704,0.47381276,0.059897398,0,0.116104379,0.239490947,0.556130568,0.183431365,0.688984577,0.106358064,0.424804328,0,0,0.25998569,0.305620056,0.255705274,0.283173291,0.513213152,0.116954905,0.242910756,0.407643646,0.186541642,0.273022735,0.378175013,0.161646822,0.124639492,0.604267852,0,0.19731344,0.175807638,0.055949461,0.14508914,0,0,0,0.210597583,0.123100166,0.330088554,0.311028284,0.250093139,0.157648425,0.171403087,0.200838264,0,0,0.161804246,0,0,0,0.331189559,0,0.375979912,0.44586188,0,0.139339314,0.15275321,0.160884602,1,0,0.194427081,0.104856448,0.26711749,0.197562185,0.4750738,0.119047266,0,0.109544179,0.248144082,0.219435869,0,0,0.291676215,0,0.166869454,0,0.523771741,0.076824838,0.410926087,0.394117526,0.389473596,0.175003609,0.341872203,0.090866154,0,0,0.105918851,0.085576146,0.325538944,0.394835542,0.398941288,0.094007183,0,0,0.083845207,0.358698517,0.400491232,0
0,0,0,0.063096609,0,0,0,0,0.054659385,0,0,0,0.111059279,0,0,0,0.080023469,0,0,0,0,0,0,0,0,0.09398079,0,0,0.076492558,0,0,0.146548732,0,0,0,0,0,0,0,0,0,0,0,0,0,0.228867974,0,0,0.203414567,0,0.074399894,0,0,0,0,0,0.483134444,0,0,0,0.159683162,0,0,0,0.242348291,0,0,0,0.712821643,0.075591168,0,0,0.059571278,0,0,0.098324684,0,0,0,0.060266609,0.062451278,0,0,0,0.114519016,0.053086971,0,0,0,0,0,0,0.068852088,0.057259233,0,0,0,0,0,0,0.04121037,0.067454431,0,0.103613644,0,0,0.081249291,0,0,0,0,0,0.361821038,0,0,0,0,0,0.116364787,0.053990228,0.068279628,0,0.071422747,0,0.432438634,0,0,0,0.301387249,0,0,0.048835674,0,0,0,0.184298807,0,0.122488157,0.055559513,0,0.005817606,0,0.056816161,0,0,0,0,0,0,0,0.058846357,0,0.168710365,0,0,0,0.059402116,0,0,0.08657742,0.063977795,0,0,0,0,0,0.076456413,0,0,0,0,0,0.117871963,0.082897691,0,0,0.101902377,0.121066118,0,1,0,0,0.069257847,0,0.052772232,0.098333477,0,0,0,0.085529801,0,0,0.050289004,0,0,0,0,0.084918915,0,0.048169903,0,0.102895322,0,0,0.258217834,0,0.148356413,0.097386279,0.040153309,0.043023156,0,0,0,0,0.094199974,0,0,0.133443313
0,0.499075122,0.163944645,0.352631173,0.045091375,0.042818857,0.229749898,0.215644578,0.458355932,0,0.150152832,0.06738859,0.406400839,0.188312155,0.120080103,0.115025739,0.286707616,0.158879152,0.114295222,0,0.271775898,0.125568675,0.056683118,0.123934007,0.477439642,0.263190609,0.315202206,0.439878966,0.360051644,0.125922701,0.394346742,0.078945246,0,0.293784817,0,0.227376845,0.160415773,0,0,0,0,0.314606911,0.244409955,0,0.208734981,0.106176706,0.200598601,0.124741191,0.185633454,0.272718508,0.374129957,0.392846016,0.148364301,0.474818791,0.230066639,0.041935098,0.118703621,0.133657595,0.171512019,0.326145142,0.087709159,0.118253612,0.295970678,0.068851526,0,0.19995844,0.218102688,0.38695629,0.027311156,0.429101612,0.075806933,0.126869445,0.414577731,0.570422136,0,0.45670235,0.480875558,0.169062534,0.741119839,0.38691674,0.371885794,0,0.379408282,0.179172861,0.367355959,0.410590232,0.746213213,0.184865157,0.164409651,0.09084428,0.333228876,0.040812807,0.482656707,0.428492636,0.227171516,0.267395869,0.288589101,0.289581055,0.324462424,0,0.456677328,0.378696347,0.382186821,0.541157299,0.256805475,0,0.463038122,0.097956515,0.232515345,0.081954567,0.672678964,0.5176514,0.10446683,0.165265239,0.125742933,0.341907776,0.513862619,0.21567538,0.135277794,0.287720874,0.489203225,0.286991423,0.351560758,0.385670405,0,0,0.082101418,0.284635251,0.013082199,0.329415082,0.383445304,0.432300429,0.110267412,0.005579219,0.111988521,0.149535762,0.113450666,0.274108481,0.425763304,0.052827814,0.752178808,0.227377889,0.475970188,0.116137147,0.415148497,0.042705584,0,0.174992074,0,0,0.474177953,0.396190718,0.144432529,0,0,0,0.3819558,0,0.121176525,0.449125815,0.39359652,0.115702558,0.145227441,0,0.109374582,0,0.440084119,0.317289226,0.039719578,0,0.404319298,0,0.359253963,0.322975149,0.114006864,0.461464268,0.227044358,0.2410022,0.194427081,0,1,0.130997447,0.365057918,0.092024832,0.426018246,0.359600046,0.023617595,0.108049609,0.374174937,0.450926366,0,0,0.425030479,0,0.121327544,0,0.212301897,0.415983191,0.444021537,0.467290292,0.32625365,0.459284439,0.241688014,0.152543221,0.251935864,0.130674058,0.340106788,0.44247778,0.487574146,0.424286044,0.448169696,0,0.226810437,0,0.369902268,0.182413397,0.119458898,0.235151258
0,0.194237311,0.235687447,0,0,0,0,0,0.073448561,0,0,0.379026941,0,0.243446529,0,0.25507079,0,0.2271408,0,0,0.263802113,0.253941386,0.141919403,0.291547177,0.129587545,0.167449026,0.021407935,0.103331881,0.02948718,0,0.054655925,0,0,0,0,0.072359909,0.173595164,0.382832095,0,0,0,0,0,0.382832095,0.222327458,0.180471611,0.224530484,0,0,0.282576019,0.024209284,0.0579799,0.108021709,0.045333393,0.177697281,0,0,0,0,0,0,0,0,0,0.385130499,0.426782761,0.210263618,0.105897776,0,0,0.056948559,0.288837948,0.019749316,0.109551857,0.262146227,0,0.137533037,0.174163317,0.125983865,0.015772127,0.016308137,0,0,0,0.102565448,0.078141497,0.176143555,0.102448108,0,0.36032482,0,0.366792679,0.065201213,0,0,0.136707406,0.189088843,0.176488968,0.135034307,0,0.050990008,0.135560524,0.158977443,0,0,0,0.07576172,0.21032325,0,0.106617028,0.078954643,0.12788251,0,0,0,0,0.086430294,0,0.212528242,0,0.04960427,0.178398211,0,0.181228232,0,0.625045605,0.211594982,0,0.257462761,0.103229893,0.219168927,0.114764235,0,0,0,0,0,0,0.113351735,0.308863272,0.139709924,0,0.054629085,0,0.28675625,0.32149354,0.368933755,0.251173783,0.402055181,0.480146424,0.119225971,0,0,0,0,0,0.056927815,0.355765493,0.352950986,0.022075324,0.060958465,0,0.077823695,0.584099331,0,0,0.076593921,0,0,0,0.108016435,0,0,0,0,0,0.092653955,0.208823246,0.104856448,0,0.130997447,1,0.026940673,0.292262371,0.056747946,0.096428467,0,0.540562498,0.210400233,0.027449928,0,0,0.10300921,0,0,0,0.195184336,0.078825858,0.138682127,0.082733899,0.153140844,0,0,0.362375152,0,0.178001408,0,0,0.099545102,0.091693067,0.132535792,0,0.340351743,0,0,0.212687844,0.269160874,0
0,0.440095449,0.046757354,0.644752148,0.054280233,0,0.086805114,0.239054094,0.572830671,0.058018724,0.059757598,0.05063303,0.61355862,0.108135835,0,0.058800031,0.216941728,0.057070782,0.476109449,0.063567096,0.199244496,0.158368465,0.240846694,0.066995819,0.409899762,0.407541159,0.585282126,0.49106283,0.594383498,0,0.488559884,0.47688491,0.074258878,0.334608135,0,0.198187883,0.405633498,0,0,0,0,0.602099027,0.089102071,0,0.243124225,0.316417558,0.373562301,0,0.435631312,0.208812993,0.680692097,0.473428989,0.085592004,0.512805235,0.305724326,0,0.066060382,0.204258915,0,0.387394714,0.40726339,0.060094343,0.359445076,0,0.277020441,0,0.169815177,0.541866657,0.069105041,0.601476079,0.381590356,0.151083593,0.62733455,0.555337319,0.211282752,0.662237146,0.539994782,0.415894393,0.230303356,0.611120069,0.641495782,0,0.545352053,0.178732505,0.389539344,0.693017066,0.491451993,0.331125059,0.074101033,0.141088079,0.675628067,0.115607868,0.731929561,0.708553542,0.247167768,0.25931219,0.090573356,0.207389816,0.54899174,0,0.41060388,0.585919882,0.410350819,0.520237559,0.020210055,0,0.561782874,0.189521251,0.155937854,0.353524421,0.474324309,0.441126726,0.237745146,0.292136326,0,0.338284678,0.276480613,0.228984701,0.327235161,0.408210742,0.485331711,0.262026258,0.727399228,0.326578556,0.140854225,0,0.207283108,0.280085498,0.189588204,0.320580089,0.478247007,0.555854205,0.179867719,0,0.259447492,0.319499663,0.085015613,0.672419335,0.565206692,0,0.453243312,0.091128516,0.623572374,0.244670948,0.319354271,0.112156312,0,0.224809468,0,0.07842886,0.666471077,0.447202915,0.445592532,0.070159078,0,0,0.730340554,0,0.107787397,0.592737179,0.634159661,0.044307364,0.096551244,0.046140317,0.122103316,0,0.613614607,0.403990449,0,0,0.597131183,0,0.614826677,0.570354413,0.135058552,0.53279391,0.578136884,0.309600347,0.26711749,0.069257847,0.365057918,0.026940673,1,0.083518437,0.726224114,0.614321606,0,0.085105775,0.229530554,0.511442209,0.063946681,0,0.635495676,0.036453303,0.183182969,0,0.307701561,0.544711708,0.341094362,0.547651225,0.472927152,0.583159092,0.490464544,0.247816335,0.335820593,0.262522954,0.520359477,0.690322228,0.573317651,0.661160718,0.543538286,0.051454496,0.085925629,0,0.611506582,0.088442559,0.162069722,0.506699059
0,0.372327581,0.345350684,0.070462128,0.234294563,0,0.227737347,0.186503183,0.247776243,0,0.222171626,0.249242646,0.168695588,0.767549491,0.231929947,0.361836149,0,0.337731757,0,0,0.10295104,0.591335265,0,0.891032136,0.491344328,0.512758282,0.215307226,0.080671675,0.295481149,0.254760695,0.081390722,0.148108337,0,0.167005925,0,0.305065017,0.263301182,0.183617954,0,0,0,0.09130077,0,0.183617954,0.307324073,0.12184064,0.321747773,0.249970592,0.069228715,0.141909712,0.0708633,0.304670507,0.209954859,0.225860018,0.118181972,0,0.226849174,0,0.233228832,0.176138424,0.135406126,0.225211339,0.160756219,0,0.243430775,0.269039086,0.322007299,0.1203947,0,0.081090395,0.09030135,0.584746971,0.195409669,0.17186499,0.66834033,0.153996975,0.348601712,0.364228494,0.127338796,0.228426689,0.207110475,0,0.048666455,0,0.398236656,0.150688027,0.235073688,0.105746638,0.254296609,0.673717211,0,0.507055798,0.269012485,0.151873211,0,0.464768956,0.202156116,0.36392888,0.093618546,0,0.321899431,0.125697512,0.171516573,0.160211223,0,0,0.399626111,0.614615436,0.10446391,0.109051285,0.196941984,0.421874848,0,0,0.254025952,0,0.253541225,0.18654978,0.595189098,0.298017086,0.074974981,0,0.14631351,0.546541463,0,0.336281077,0.643870057,0.22151832,0.30608767,0.195191195,0.205255,0.198111485,0,0,0,0.147247712,0.20840817,0,0.182904638,0.164699661,0.145742393,0.205005811,0.368509328,0,0.370573786,0.59051704,0.180359141,0.205001267,0.19403817,0.468443538,0.379098395,0,0.062273697,0,0,0,0.296099895,0.235947461,0.125380022,0.139603347,0.378846649,0.216135663,0,0.324059068,0,0,0.293802665,0,0,0,0.331450482,0,0.111576038,0.163816042,0,0.191383335,0.319490394,0.608107272,0.197562185,0,0.092024832,0.292262371,0.083518437,1,0.114955335,0.275960943,0,0.310198285,0.582621494,0.211779683,0,0,0.276561596,0.267600647,0,0,0.367660593,0.42671498,0.201750728,0.275622749,0.392058453,0.19153176,0.236402982,0.475723571,0.233744662,0.412721903,0.243963146,0.199994305,0.257871783,0.273516868,0.309278214,0,0,0,0.162275773,0.132701577,0.487333744,0.160979972
0,0.443004114,0.105622377,0.780829657,0.088915358,0,0.138619026,0.254778192,0.706633039,0.158623026,0.117333829,0.167819124,0.612090376,0.173647714,0.120237308,0.115877099,0.170726312,0.11321917,0.462074038,0.048367532,0.313028402,0.262742051,0.268729066,0.136097621,0.42768451,0.307054853,0.678170996,0.611475491,0.59304372,0.074247835,0.656453756,0.396601762,0.056436956,0.329993553,0,0.271516814,0.473660595,0,0,0,0,0.533854421,0.115027821,0,0.190569552,0.231233519,0.445414208,0.073835479,0.342544838,0.252776479,0.636245671,0.577642001,0.161729893,0.688167746,0.242154436,0.020981482,0.122572726,0.222176692,0.072302458,0.42577631,0.425936613,0.117843586,0.34985246,0.040244991,0.219451445,0.080270106,0.200635763,0.615341117,0.052683467,0.682580858,0.298646835,0.153103938,0.765299034,0.665213,0.139225397,0.706510657,0.624787044,0.378938843,0.313246947,0.689701654,0.725559238,0,0.669443811,0.176125754,0.410928491,0.846747846,0.48162197,0.434469505,0.127140377,0.182894355,0.615713799,0.135382025,0.63521402,0.728422213,0.192429923,0.29070208,0.178509134,0.2288096,0.627422419,0,0.367357952,0.668779794,0.553865145,0.560552766,0.0581552,0,0.514438203,0.152533531,0.228796275,0.440474168,0.594040121,0.469271338,0.147293251,0.265366254,0.0741853,0.371343387,0.378721492,0.246874099,0.276856037,0.387620988,0.698992613,0.344938976,0.80274573,0.286947962,0.108913363,0,0.147341064,0.423526568,0.194143506,0.461225327,0.42276943,0.706179,0.138646209,0,0.202749615,0.378615737,0.182187196,0.552515668,0.677261807,0.009913589,0.495913725,0.186405904,0.589085973,0.189985471,0.380206296,0.094362614,0.010184023,0.420616388,0,0.103930177,0.659063649,0.492227292,0.370802351,0.053293866,0,0,0.670492535,0,0.162263301,0.672165197,0.642766273,0.104864996,0.074128624,0.035548156,0.094257476,0,0.617527638,0.29446906,0.021185006,0,0.68372549,0,0.598438322,0.648403369,0.103480127,0.550695916,0.412750827,0.263229838,0.4750738,0.052772232,0.426018246,0.056747946,0.726224114,0.114955335,1,0.581329475,0,0.065840548,0.27641141,0.57995412,0.048586981,0,0.693884589,0.028091264,0.14113545,0,0.404312681,0.466287959,0.4600543,0.710986298,0.578076807,0.546194017,0.489160009,0.122476022,0.231992706,0.173917463,0.44798663,0.55675725,0.666269453,0.768432225,0.605173416,0.039172611,0.106508034,0,0.495960512,0.114361138,0.288424721,0.393965846
0.053985383,0.476511944,0,0.56759178,0.063734305,0,0.095277069,0.260277772,0.617736873,0,0,0.125288265,0.651151063,0.255496348,0,0,0.228021663,0,0.276451489,0,0.220307765,0.22385855,0.19223858,0.275690797,0.579540872,0.549105735,0.510147722,0.433514074,0.567664541,0,0.424171792,0.363230161,0,0.305720738,0,0.28190024,0.376959601,0,0,0,0,0.484504104,0.097184777,0,0.333939802,0.323068769,0.379632312,0,0.463061805,0.155480161,0.729097683,0.552343611,0,0.549848766,0.2646944,0,0.072496387,0.157493977,0,0.464605604,0.194593004,0,0.388996177,0.05853748,0.308343027,0.180281306,0.185041424,0.413016584,0.076179744,0.507424743,0.186968147,0.231908861,0.573560055,0.489119996,0.358578652,0.704199595,0.634999916,0.3027864,0.240002037,0.701093836,0.696136786,0,0.466685306,0.248877294,0.59855597,0.619958563,0.421250834,0.242396421,0.08101814,0.252513354,0.525935988,0.202558702,0.685261132,0.607548433,0.196969316,0.294721488,0.098937724,0.27527896,0.486155968,0,0.48216776,0.385850731,0.361553336,0.536156364,0.121903751,0,0.717453389,0.289920593,0.279668,0.248209908,0.457027573,0.618189154,0.259798215,0.297785224,0,0.32728787,0.299434848,0.249316933,0.534589569,0.45747847,0.406778994,0.149029556,0.574564258,0.576352017,0.154339874,0.076398061,0.278146767,0.343025829,0.218210863,0.278559863,0.531438797,0.547395016,0.179234931,0,0.165007226,0.226589997,0.092981126,0.394641185,0.473205161,0,0.384526327,0.099600532,0.653832743,0.193585027,0.407058141,0.276878339,0,0.218814462,0.0801835,0.156971938,0.70622266,0.466153626,0.354296272,0.077462648,0,0,0.689240148,0,0,0.670434897,0.737688087,0.048529856,0.106114442,0.075148337,0.094218611,0,0.792973359,0.400998882,0,0,0.600526488,0,0.451945392,0.559319469,0.14856627,0.508413559,0.621426786,0.485116988,0.119047266,0.098333477,0.359600046,0.096428467,0.614321606,0.275960943,0.581329475,1,0.019982112,0.166900547,0.387530567,0.464033273,0,0,0.711124649,0.120600737,0.201026726,0,0.426755651,0.7186631,0.38267908,0.605906503,0.555219268,0.698672401,0.51823093,0.28103043,0.319074539,0.4096877,0.505913934,0.65358911,0.624448366,0.600623171,0.581088275,0.033918325,0.094218581,0,0.698101139,0.096400713,0.184149815,0.605307609
0,0,0,0,0,0,0,0,0,0,0,0,0,0,0,0,0,0,0,0,0,0,0,0,0,0.024847584,0,0,0,0,0,0,0,0,0,0,0,0,0,0,0,0,0,0,0,0,0,0,0,0,0,0,0,0,0,0,0,0,0,0,0,0,0,0,0,0,0,0,0,0,0,0,0,0,0,0,0,0,0,0,0,0,0,0,0,0,0,0,0,0,0,0,0,0,0,0,0,0,0,0,0,0,0,0,0,0,0,0.03282263,0,0,0,0,0,0,0,0,0,0,0.031178409,0,0,0,0,0,0,0,0,0,0,0,0,0,0,0,0,0,0,0,0,0,0,0,0.014698577,0,0,0,0,0,0,0,0.015241703,0,0.04666774,0,0,0,0,0,0,0,0,0,0,0,0,0,0,0,0,0,0,0,0,0,0,0,0,0.032529723,0,0,0.023617595,0,0,0,0,0.019982112,1,0,0,0,0,0,0,0,0,0,0,0,0,0,0,0,0,0,0,0.06440788,0,0,0,0,0,0,0,0,0,0,0,0
0,0.092361447,0.260770033,0.077974073,0,0,0.434119305,0,0.095723055,0,0,0.409752736,0.104362362,0.255764973,0,0.284708095,0.286995247,0.250347688,0,0,0.154529297,0.267374108,0,0.309392736,0.219722922,0.286118732,0.080210714,0.136706544,0.093378109,0,0,0.168193332,0,0.248901813,0,0,0.179769125,0.453720442,0,0,0,0.125157149,0,0.453720442,0.550722937,0.439322927,0.166249381,0,0.222643141,0.16627288,0.09099651,0,0,0.07658036,0.191591536,0,0,0,0,0,0,0,0,0,0.39427734,0.466140972,0.230000129,0.140183998,0,0.092353375,0,0.306343428,0.073856989,0.104280194,0.276485502,0.093225986,0.146965729,0.180378481,0,0.05871843,0.060750736,0,0.082785403,0,0.241900487,0.066213876,0.169703734,0.106918386,0,0.24880984,0.129992884,0.395491853,0.151514079,0.071142274,0,0.144281123,0,0.428923189,0.163608783,0,0.164878136,0.144749414,0.090848749,0.097875382,0,0,0.176789798,0.21945478,0,0.111467138,0.087393047,0.183241624,0.350760514,0,0,0,0,0,0.347312455,0.167186244,0.083978848,0,0.087592626,0.310538697,0,0.713244081,0.220839701,0,0.241380884,0.107770169,0.295134929,0.10947129,0.426004293,0,0,0,0,0.143529007,0.120537778,0.353410875,0.149575439,0,0.126420271,0,0.214276454,0.343330696,0.434328861,0.186705599,0.475456519,0.530543571,0.130692151,0.148018414,0,0,0,0,0.131858772,0.416193339,0.211252933,0.082774067,0.141418509,0,0,0.660415222,0.412980183,0,0.131803598,0.204556614,0,0,0.133875447,0,0.138678154,0,0.48782075,0.12254346,0.217661903,0.359861052,0.109544179,0,0.108049609,0.540562498,0.085105775,0.310198285,0.065840548,0.166900547,0,1,0.282761051,0.103559973,0,0,0.112576628,0,0,0,0.335413332,0.184163129,0.156106954,0.108045922,0.072277396,0.122666595,0,0.39036083,0.270548429,0.191060141,0.17000549,0.116669285,0.090742962,0.096967092,0.062319783,0,0.412979618,0,0.113173606,0.23290396,0.28429997,0.1548862
0,0.612923127,0.161471131,0.222147146,0.267635264,0,0.339867804,0.303922169,0.387923457,0,0.172615657,0.104792477,0.307972056,0.55189772,0.17844909,0.167510606,0.137329952,0.158639089,0.05291596,0,0.197854418,0.295099885,0.078036727,0.520947126,0.517673577,0.496798043,0.333585792,0.163330167,0.369353084,0.191664704,0.226274379,0.22966018,0,0.265321568,0,0.22284207,0.230136054,0,0,0,0,0.258496477,0.159108067,0,0.388723789,0.333314562,0.264392281,0.188940803,0.178287201,0.205985007,0.206060857,0.46660431,0.174915229,0.444252233,0.142941202,0,0.175426048,0.19007689,0.255239993,0.317839428,0.115242123,0.174444989,0.269181912,0,0.170650469,0.111486679,0.308827633,0.201269727,0,0.283612586,0.12371918,0.338194297,0.291493379,0.313112977,0.388084594,0.283700995,0.452436709,0.306547562,0.261492455,0.331252856,0.287413467,0,0.205203029,0.171247615,0.383202215,0.250064018,0.461702092,0.102083166,0.163174519,0.464316155,0.227941774,0.415578933,0.342241281,0.257552416,0.164595342,0.537232342,0.414589272,0.426051673,0.223117981,0,0.378018999,0.238399557,0.275309229,0.29401605,0,0,0.468726228,0.441708169,0.221519294,0.104850533,0.435134862,0.518705752,0.228875591,0.152552115,0.19124854,0.17233721,0.423413608,0.303983354,0.499537353,0.368059592,0.269467537,0.121830901,0.27083673,0.455996026,0,0.132852042,0.443510228,0.360825887,0.246038596,0.245552286,0.47269513,0.358013014,0.162740588,0,0.159617174,0.123709257,0.179229223,0.092897199,0.28833769,0,0.286577175,0.327759135,0.502668256,0.168179927,0.389982467,0.278788496,0,0.243598309,0.14473399,0.260123898,0.475433363,0.094757354,0.052738768,0,0,0,0.351451592,0,0.082790049,0.259500848,0.436940816,0.251046664,0.20106327,0.129118099,0.160803293,0,0.355598057,0.175182852,0.019534697,0,0.495917543,0.019109889,0.288048647,0.265139205,0.260229054,0.252809888,0.405860665,0.507707608,0.248144082,0,0.374174937,0.210400233,0.229530554,0.582621494,0.27641141,0.387530567,0,0.282761051,1,0.306652489,0,0,0.369337933,0.257963801,0.179286817,0,0.455370457,0.411338558,0.439254385,0.395903732,0.450140305,0.344822412,0.307829612,0.294085668,0.323923561,0.290426237,0.312312164,0.246348034,0.418777232,0.385709194,0.45372535,0,0.258205791,0,0.279005725,0.157017266,0.306063024,0.236727789
0.060552083,0.420632811,0.142679683,0.498461317,0.053268647,0.040812804,0.219970457,0.19965286,0.539574097,0.142550277,0.185341646,0.064900072,0.541794907,0.314100267,0.191444741,0.181732833,0.224460414,0.198376695,0.25732059,0.078611964,0.179815533,0.175461834,0.099062154,0.198426313,0.444661435,0.358396741,0.551351571,0.318642251,0.500841472,0.120262488,0.377632758,0.374286478,0.091940414,0.345631621,0,0.343710991,0.259821723,0,0,0,0,0.449842843,0.133397957,0,0.292199105,0.219488043,0.173581126,0.119184354,0.332377055,0.075165018,0.488760432,0.543207673,0.252787764,0.53516012,0.264162759,0.040009136,0.194366492,0.078857973,0.164124525,0.352355003,0.350649611,0.186616786,0.278443685,0,0.132371982,0.137059382,0.201840497,0.341874937,0.085296878,0.594586041,0.126189758,0.172225531,0.66605026,0.535636337,0.213888135,0.542756471,0.53912435,0.206724273,0.485832494,0.561947691,0.551492196,0,0.34648863,0.104435064,0.556411714,0.547429955,0.481738291,0.184913117,0.157749143,0.111539641,0.476380004,0.086320045,0.559022287,0.566955209,0.189135607,0.316000061,0.107105778,0.43512234,0.399657323,0,0.46090771,0.469398767,0.348914637,0.540766515,0.199143043,0,0.558740569,0.105022645,0.214145821,0.13232659,0.575143501,0.47879055,0.206705427,0.173497258,0.120098507,0.318720024,0.453887748,0.199680284,0.322166493,0.353854432,0.505280233,0.267289887,0.558320014,0.395609227,0.079155569,0,0.105349823,0.288677536,0.164656432,0.329548048,0.403549488,0.462425992,0.105595561,0,0.130395283,0.269774841,0.284368409,0.447966081,0.447607241,0.025265212,0.460198012,0.179747447,0.64504426,0.185270873,0.394442281,0.081932269,0,0.112891682,0,0.094828975,0.572876144,0.446189775,0.304215887,0,0,0,0.489079976,0,0.121913829,0.522244643,0.571412609,0.110906351,0,0,0.148891025,0,0.578011953,0.353650476,0.082998201,0,0.531589993,0,0.622603323,0.505461759,0.109019937,0.725317976,0.424676878,0.417185489,0.219435869,0.085529801,0.450926366,0.027449928,0.511442209,0.211779683,0.57995412,0.464033273,0,0.103559973,0.306652489,1,0.079193311,0.034966847,0.545444175,0.044525057,0.10761191,0,0.281834829,0.519215128,0.420949092,0.501323746,0.467960357,0.549618688,0.435343369,0.231959822,0.350616293,0.180405545,0.494713376,0.527185261,0.505960376,0.513351779,0.512976988,0.038007099,0.104776467,0,0.464461138,0.069299485,0.191491051,0.370485022
0,0.090550721,0,0.058196013,0,0,0,0,0,0.366795773,0.449484356,0,0,0.135792374,0,0.400433836,0,0.331939353,0.13410255,0.818392907,0,0,0,0,0,0.087145739,0,0,0.070714928,0,0,0,0,0.221253573,0,0,0,0,0,0,0,0.09773826,0,0,0,0.217306108,0,0,0,0,0,0,0.380367977,0,0,0,0,0,0,0,0,0.469263416,0,0,0.230657572,0,0,0,0,0.069870733,0,0,0.054911096,0,0.148852161,0,0.042498188,0,0,0.043046786,0.044620257,0,0,0,0.106569834,0,0.071888757,0,0,0,0.101998855,0,0.063567584,0,0,0.151123499,0,0.21079872,0,0,0,0,0,0,0,0,0.075174201,0,0,0,0,0,0,0,0,0,0,0,0.10832228,0,0,0,0.065970223,0,0,0,0,0,0,0,0,0.044932166,0,0,0,0,0,0,0.051177771,0,0.064506376,0,0.052346645,0,0,0,0,0,0,0,0.054236107,0,0,0,0,0,0.05475357,0,0,0,0.059017729,0,0,0,0,0,0.054729083,0,0,0,0.05564957,0,0,0,0,0.09545223,0.094621192,0,0,0,0,0,0.063946681,0,0.048586981,0,0,0,0,0.079193311,1,0.079178362,0,0,0,0,0,0,0,0.044314534,0.06914866,0,0.113979061,0,0,0.013704564,0.138876309,0.090356917,0.036888684,0.039544699,0.058916459,0,0,0,0,0,0,0
0,0,0,0,0,0,0,0,0,0,0,0,0,0,0,0,0.125277788,0,0,0,0,0,0,0,0,0,0.026324091,0,0,0,0,0,0,0,0,0,0,0,0,0,0,0.043416872,0.149286471,0,0,0,0,0,0,0,0,0.033082966,0,0,0,0,0,0,0,0,0,0,0,0,0,0,0,0,0,0.030757368,0,0,0.024055455,0,0,0,0,0,0,0,0,0,0,0,0,0.021371518,0,0,0,0,0.045372716,0,0.027925654,0.023096584,0,0,0,0,0,0,0,0,0,0.032817116,0.116896854,0,0,0,0,0,0,0,0.170463035,0,0,0,0,0,0,0,0,0,0,0,0,0,0,0,0,0,0,0,0,0,0,0,0,0,0,0,0,0,0,0,0,0,0,0,0,0,0,0,0,0,0,0,0,0,0,0,0,0,0,0,0,0,0,0,0.304314746,0,0,0,0,0.033848131,0,0.042369706,0,0,0,0,0,0,0,0,0,0,0,0,0,0.034966847,0.079178362,1,0,0,0,0,0,0,0,0,0,0,0,0,0,0,0,0,0,0,0,0,0,0,0,0,0,0
0.035404408,0.495319129,0.066188251,0.66715383,0.116609921,0,0.132310271,0.24390588,0.761556126,0.06363243,0.067987522,0.187906051,0.594193492,0.240998786,0.114735216,0.067181116,0.163500764,0.084812168,0.264276299,0,0.266864731,0.309431508,0.251312986,0.247313567,0.614559005,0.45352611,0.62527371,0.560703226,0.589314638,0.070757343,0.585348568,0.43223298,0.053760402,0.276453191,0,0.300658756,0.470687889,0,0,0,0.026388132,0.443985182,0.139059575,0,0.229936171,0.227205479,0.466682495,0.070382748,0.334370312,0.23018239,0.70990243,0.574287587,0.111276549,0.646106372,0.232141056,0,0.117000824,0.157091224,0.08032172,0.405050336,0.38690519,0.068269496,0.335703402,0.038330572,0.215867104,0.154930482,0.192015385,0.515879918,0.05020839,0.578505787,0.278223993,0.260827505,0.632998552,0.705851445,0.279797857,0.699919248,0.683580312,0.413722535,0.290555094,0.825300122,0.776773548,0,0.589736494,0.16826432,0.494033512,0.756105525,0.472623087,0.326264069,0.139263558,0.317705099,0.453392925,0.141766743,0.668021122,0.696852634,0.183977749,0.311955024,0.170682807,0.285604302,0.608004312,0,0.397706049,0.566071093,0.443233896,0.658653513,0.111098296,0,0.629571642,0.33824453,0.280712969,0.312594464,0.586658362,0.647343207,0.17689222,0.254076434,0.070700547,0.318103633,0.460797661,0.236338177,0.409145825,0.384053971,0.573567504,0.237709718,0.608496062,0.464334375,0.123681515,0.050917052,0.353077322,0.386286019,0.189773437,0.32852595,0.447911702,0.720865205,0.120205321,0,0.193956767,0.278248981,0.174120622,0.404166178,0.605549084,0,0.473491868,0.178196109,0.671554645,0.18156699,0.491194028,0.251323001,0,0.368355912,0.052571143,0.1479692,0.735784523,0.38307206,0.346301493,0.050762482,0,0,0.664011393,0,0.083746553,0.7236984,0.715301588,0.13224447,0.070721505,0.050358901,0.095684627,0,0.742770997,0.26168407,0.020206799,0,0.622372528,0,0.527307368,0.603305063,0.098693136,0.514308432,0.530164825,0.413127532,0.291676215,0.050289004,0.425030479,0.10300921,0.635495676,0.276561596,0.693884589,0.711124649,0,0.112576628,0.369337933,0.545444175,0,0,1,0.044910783,0.134720458,0,0.404275409,0.665500931,0.444471817,0.695128511,0.600251379,0.616224847,0.447610791,0.264799789,0.254122137,0.26811901,0.414265066,0.571181539,0.733730788,0.749364919,0.669741178,0,0.101696896,0,0.641311114,0.138288321,0.282234304,0.483077131
0,0.189298109,0,0,0.263933383,0,0,0,0.068612248,0,0,0,0,0.272874295,0,0,0,0,0.071845031,0,0,0,0,0.266876482,0.13958073,0.182734451,0.080318655,0,0.107164306,0,0,0.122733985,0,0,0,0.176989656,0.05054138,0,0,0,0,0.054049188,0,0,0,0.080555254,0,0,0,0,0,0.127659018,0,0.054841751,0,0,0,0,0,0.103944308,0,0,0,0,0,0,0,0.056796864,0,0,0.135643091,0.146729737,0,0.068178129,0.163915007,0.039997549,0.117528552,0,0,0.075423251,0.103958794,0,0.059360246,0,0,0,0.040685771,0,0,0.212865157,0,0.276627798,0.036249741,0.030385946,0,0.240588827,0,0,0,0,0.120232277,0,0,0,0,0,0.071044153,0.232993053,0.170330448,0,0.090485736,0.116065342,0,0,0,0,0.108406831,0,0.178924812,0,0,0,0.037537499,0.159503722,0,0,0.234507041,0.130126338,0,0,0,0.043656606,0,0,0,0,0,0,0.118514673,0,0.011414024,0,0.143449007,0,0.101363789,0.132247293,0,0,0,0,0.125243214,0.084168064,0,0,0,0,0.12637792,0,0,0,0.101891893,0,0,0,0.248407276,0,0.094860762,0.117689726,0,0,0.128340136,0,0.060054911,0,0,0,0.070316662,0.082488413,0,0,0,0,0.036453303,0.267600647,0.028091264,0.120600737,0,0,0.257963801,0.044525057,0,0,0.044910783,1,0,0,0.119178045,0.133336713,0.11362991,0.096621902,0.147367557,0,0.187338846,0,0,0.143375436,0,0.050296073,0.080989865,0.099730358,0.081522496,0,0,0,0.048754167,0,0,0
0,0.131508392,0,0.167577322,0,0,0,0.674125223,0.114322982,0,0,0,0.225558865,0,0,0,0,0,0,0,0.238519951,0,0,0,0.186734264,0,0.172466446,0.168537148,0.104523944,0,0.200011143,0.177230491,0,0,0,0.255767257,0.254059725,0,0,0,0,0.141055336,0.379696985,0,0,0,0.234508238,0,0.237416949,0.25753882,0.19610902,0.212803462,0,0.164533132,0.575955297,0,0,0.375819966,0,0.312057921,0.191515259,0,0.520973135,0,0,0,0.699431583,0.172897843,0,0.199091008,0,0,0.15858988,0.128052702,0,0.201009665,0.124138954,0.254942687,0,0.125678118,0.130084117,0,0.178100298,0.880335598,0,0.141946986,0.106147457,0.31349555,0,0,0.282507175,0,0.182159189,0.152672379,0.412515946,0.208378553,0.407935178,0,0.202369303,0,0,0.17862847,0.265138063,0.211244625,0,0,0.213190021,0,0.511826174,0.32726609,0.18819807,0.155252527,0,0.663375964,0,0.219349522,0.168964071,0.674434437,0,0,0.180713856,0,0.188635902,0,0,0,0,0.202876783,0,0.316071399,0.361014432,0.130956008,0,0,0.382609242,0.217659216,0.401653196,0.150434123,0.148310299,0,0.184693193,0.419443949,0.151536265,0.839471378,0.304300008,0,0,0.264119664,0,0,0.081366704,0.155290301,0.20119665,0,0,0,0.158157547,0,0,0.178075478,0.169817164,0,0.565678157,0,0,0,0.158090331,0,0,0,0.160614994,0,0.301948008,0.217277647,0,0.12785863,0.263767573,0,0.166869454,0,0.121327544,0,0.183182969,0,0.14113545,0.201026726,0,0,0.179286817,0.10761191,0,0,0.134720458,0,1,0,0.287863776,0.106886501,0.341181027,0.129229033,0.197161044,0.26616478,0.312429838,0,0,0,0,0.252825201,0.108311282,0.115825825,0.169541301,0,0,0,0.245065763,0.368003022,0,0
0,0,0,0,0,0,0,0,0,0,0,0,0,0,0,0,0,0,0,0.386719793,0.060014409,0,0,0,0.021137807,0,0,0,0,0,0,0,0,0,0.816861487,0,0,0,0,0,0.403021888,0,0,0,0,0,0,0,0,0,0,0,0,0,0,0,0,0,0,0.037630524,0,0.182841342,0,0,0,0,0,0,0,0,0.051695533,0,0,0,0,0,0,0,0,0,0,0,0,0,0,0,0,0,0,0,0,0,0,0,0,0,0,0,0,0,0,0,0,0,0,0,0,0,0.068890225,0,0,0.017307681,0,0,0,0,0,0,0,0,0,0,0,0,0,0,0,0,0,0,0,0,0,0,0,0,0,0,0,0.231692778,0,0,0,0,0,0,0,0,0,0,0,0,0,0,0,0,0,0,0,0,0,0,0,0,0,0,0,0,0,0,0,0,0,0,0,0,0,0,0,0,0,0,0,0,0,0,0,0,0,0,0,0,0,0,0,1,0,0,0,0,0,0,0,0,0,0,0,0,0,0.012671726,0,0,0,0,0,0,0,0
0,0.359759814,0.166139743,0.389476122,0.091789684,0,0.136547483,0.252699508,0.47631154,0.184739114,0,0.333692543,0.374856814,0.360878216,0.098752806,0.09741871,0.117587244,0.093048843,0.112808566,0,0.397471065,0.417411615,0.076321662,0.367186238,0.54183556,0.35859087,0.508352182,0.487643154,0.352901194,0,0.37439892,0.275848249,0,0.110648917,0,0.262604227,0.560498445,0.111649516,0,0,0,0.277574462,0.282022703,0.111649516,0.331260173,0.231151518,0.65342951,0,0.212013376,0.320623384,0.359633634,0.316408931,0.092558026,0.460228416,0.321051395,0,0,0.218797021,0.063136263,0.44961554,0.305881472,0,0.227616732,0,0.17212525,0.184545738,0.346260593,0.502082189,0,0.410177845,0.166301315,0.381352629,0.486132849,0.39367807,0.376224819,0.38990774,0.434416185,0.671310171,0.041247439,0.397903476,0.422250701,0,0.490005294,0.27702398,0.270172882,0.458708299,0.275715382,0.640342632,0,0.437572037,0.346316674,0.4589861,0.324896401,0.326976471,0.139090773,0.302601708,0.138566132,0.194717146,0.458076729,0,0.175871603,0.410669647,0.49292317,0.388671397,0,0,0.361131837,0.483835839,0.426527902,0.505591588,0.409675529,0.463612833,0.127050377,0.25117385,0,0.292390128,0.154564042,0.252742945,0.378675542,0.177210183,0.467418984,0.185843289,0.480617399,0.353853833,0,0.213881706,0.425061381,0.302877472,0.29711348,0.556814308,0.437842225,0.410649549,0.135734205,0,0.135519104,0.175850363,0.223093621,0.27800194,0.473787684,0.104360529,0.293807218,0.230971678,0.35460318,0.272844506,0.414563702,0.506727429,0.110436199,0.612983071,0.118251454,0.398100196,0.268056513,0.171244546,0.169314778,0,0,0,0.467364211,0.109226008,0.153138358,0.375625544,0.41201817,0,0.153064571,0.281384811,0.13438387,0,0.362795528,0.10092276,0,0,0.428986132,0,0.31304234,0.343582894,0.141445139,0.225039699,0.455579354,0.386662433,0.523771741,0,0.212301897,0.195184336,0.307701561,0.367660593,0.404312681,0.426755651,0,0.335413332,0.455370457,0.281834829,0,0,0.404275409,0.119178045,0.287863776,0,1,0.33489131,0.395114962,0.496167828,0.456302394,0.308494668,0.46354485,0.277486939,0.223670324,0.251643599,0.17882249,0.344301522,0.406914809,0.490516632,0.442961115,0.083354096,0.13438381,0,0.29327015,0.369397213,0.371953552,0.169875519
0.060113756,0.506786981,0.10694639,0.422315771,0.070104653,0,0.218484478,0.198437586,0.576144935,0,0.111723868,0.173196409,0.587128049,0.392657489,0.114138822,0.109562711,0.22430701,0.105696644,0.139179107,0,0.090143006,0.324347212,0.06835294,0.426262672,0.62729671,0.547318144,0.474137916,0.423404459,0.502914271,0.119404889,0.408275369,0.323338012,0,0.349613293,0,0.340925482,0.304601621,0,0,0,0.04473951,0.320099371,0,0,0.366106692,0.226644356,0.318464184,0.118342009,0.436735111,0.108861389,0.577245562,0.483279477,0.108547665,0.49764997,0.189577542,0,0.193056025,0,0.114452505,0.37173563,0.224508855,0.112487358,0.343430973,0,0.208969263,0.191481032,0.200598529,0.394588866,0.084689302,0.432734817,0.102520155,0.295572784,0.577412159,0.499591537,0.35459236,0.644217251,0.591736962,0.317310151,0.380676987,0.603205204,0.600922247,0,0.4416371,0.103751716,0.683641713,0.564600294,0.4916108,0.133522788,0.107690971,0.307318591,0.368598868,0.220964493,0.656917234,0.634055906,0.107537801,0.316229582,0.106425026,0.394135143,0.385462956,0,0.583208219,0.388251123,0.305091374,0.662789346,0.096213041,0,0.679115063,0.369035886,0.149364957,0.073364815,0.532960577,0.635781153,0.233852344,0.168075262,0.119243237,0.218971115,0.395245972,0.270844812,0.494099814,0.519883269,0.418616201,0.161413305,0.534760995,0.621214065,0.078632065,0.084624454,0.370180332,0.273805458,0.239184168,0.283548584,0.421857614,0.511711809,0.104885509,0,0.074256936,0.340963414,0.210530286,0.369619527,0.444929208,0,0.466291606,0.10720958,0.687849015,0.102528504,0.45958705,0.30076546,0,0.143133625,0.089293914,0.172632487,0.655910199,0.407762863,0.397204333,0.086277812,0,0,0.611964071,0,0,0.588132629,0.753635563,0.162601635,0,0.083093801,0.157239635,0,0.721739676,0.320205657,0,0,0.551070762,0,0.394966385,0.473454633,0.10826325,0.56226101,0.599309715,0.615016139,0.076824838,0.084918915,0.415983191,0.078825858,0.544711708,0.42671498,0.466287959,0.7186631,0,0.184163129,0.411338558,0.519215128,0,0,0.665500931,0.133336713,0.106886501,0,0.33489131,1,0.358774113,0.593651168,0.525982634,0.67798908,0.366340642,0.355308459,0.442355616,0.350681427,0.542166962,0.542672307,0.601813838,0.581044485,0.526149177,0,0.104077351,0,0.70246786,0,0.31579974,0.640932062
0,0.481900992,0.159670551,0.405052284,0.104558249,0,0.33574204,0.441601178,0.41969805,0.107605981,0.170559535,0,0.442586397,0.206602263,0.293612736,0.165573621,0.282939329,0.156900775,0.289455506,0,0.481990414,0.111730011,0.164788094,0.201456595,0.518064822,0.218953415,0.415696831,0.386220005,0.479773659,0.189133062,0.483482587,0.35956997,0.145850277,0.399873272,0,0.695322489,0.290915849,0,0,0,0,0.368666472,0.259915485,0,0.292229255,0.125832492,0.260023317,0.186480146,0.370411332,0.204134095,0.328441083,0.571313901,0.321367441,0.532066457,0.550033369,0.054570666,0.17330284,0.412873277,0.177001641,0.551407628,0.308682175,0.17234532,0.524452878,0,0,0,0.44865364,0.387794892,0,0.431122131,0.198292638,0.079425196,0.429473589,0.457144076,0,0.407885596,0.44690834,0.236177423,0.344374183,0.405808923,0.417179497,0,0.488650178,0.326059407,0.279881248,0.443135437,0.404192809,0.344909947,0.161335965,0.130620447,0.432681673,0.090989677,0.360468599,0.338980935,0.443078616,0.394129819,0.409999715,0.392125339,0.482522933,0,0.459945496,0.44028917,0.528310823,0.424700515,0,0,0.426782522,0.064930076,0.513817467,0.370680298,0.571280651,0.412123989,0.148737082,0.402058269,0.188727807,0.407499738,0.575446614,0.441689157,0.152695898,0.320183937,0.51223788,0.321070309,0.442362636,0.23162602,0,0,0.065193139,0.677108016,0,0.4259811,0.483126983,0.495333639,0.160778965,0,0.274219536,0.238794012,0.42413876,0.360397638,0.544222587,0,0.414361275,0.430800786,0.397528556,0.442778268,0.632902849,0,0,0.340909562,0,0,0.362660317,0.319659805,0.229681179,0,0,0,0.383240961,0,0.191334341,0.373255809,0.45178679,0.166979633,0.182233632,0,0.158887821,0,0.383229359,0.237588543,0,0,0.562128766,0,0.612840394,0.417274405,0.168854509,0.368304058,0.324261197,0.190007779,0.410926087,0,0.444021537,0.138682127,0.341094362,0.201750728,0.4600543,0.38267908,0,0.156106954,0.439254385,0.420949092,0,0,0.444471817,0.11362991,0.341181027,0,0.395114962,0.358774113,1,0.461573423,0.548059867,0.438186687,0.58716732,0.138638944,0.2750208,0.13505539,0.323439788,0.337161405,0.422834825,0.44856485,0.490219623,0,0.255130072,0,0.330137479,0.256536245,0.115847266,0.201526337
0,0.550735271,0.09699003,0.663280446,0.141632479,0,0.126910405,0.234548437,0.787994213,0.127023934,0.125685948,0.162327558,0.613956378,0.340646774,0.110028076,0.106270278,0.1492072,0.117739063,0.339834476,0.044131911,0.290105817,0.309910781,0.220500363,0.247402274,0.608254213,0.476345589,0.590476501,0.589964027,0.650809894,0.067778419,0.627103956,0.352367344,0.051477965,0.304766923,0,0.289654937,0.450411003,0,0,0,0,0.484856499,0.15111951,0,0.221066109,0.245674037,0.469117505,0.067434626,0.297502742,0.204087418,0.524508399,0.573303315,0.148395032,0.744845221,0.238022079,0,0.112231157,0.186872692,0.066153575,0.454101952,0.334067024,0.107921893,0.323472868,0.036698504,0.217534891,0.190641268,0.184600313,0.603454156,0.048095935,0.596750218,0.243901796,0.267518869,0.678999416,0.636882888,0.273164101,0.575414429,0.780687551,0.44815809,0.370673784,0.72245093,0.733579185,0,0.625086645,0.161523994,0.465218342,0.722070496,0.519042516,0.379591442,0.145778515,0.296731148,0.51145985,0.25000505,0.605948378,0.64704391,0.17672089,0.402984601,0.181640068,0.28410121,0.550150799,0,0.419861995,0.583091514,0.549985051,0.594245063,0.105919196,0,0.573299314,0.340602401,0.255647607,0.361366353,0.647593685,0.659079961,0.10436313,0.244357214,0.067726303,0.35611079,0.490412337,0.227270319,0.39951666,0.281763227,0.659557216,0.300084827,0.664865366,0.473108345,0.099826993,0.048819319,0.320665477,0.416362347,0.186404139,0.437868255,0.418010051,0.80343482,0.115312624,0,0.155917093,0.263045528,0.16719958,0.401926471,0.754582826,0.014444131,0.530370567,0.171148984,0.651386699,0.174344505,0.491602854,0.236514257,0,0.428264259,0.050337892,0.142139699,0.627734206,0.349444062,0.252853325,0.048604145,0,0,0.628888645,0,0.195137914,0.610488669,0.727209239,0.114301712,0.067807798,0.080854927,0.091807512,0,0.665918135,0.234986482,0,0.020999248,0.705533068,0,0.461852761,0.552694315,0.062171157,0.429880247,0.500076111,0.394358155,0.394117526,0.048169903,0.467290292,0.082733899,0.547651225,0.275622749,0.710986298,0.605906503,0,0.108045922,0.395903732,0.501323746,0.044314534,0,0.695128511,0.096621902,0.129229033,0,0.496167828,0.593651168,0.461573423,1,0.736501432,0.507222052,0.529829282,0.21692397,0.244565483,0.235246326,0.405936529,0.508539519,0.812608455,0.770996841,0.701192111,0.035747655,0.109177775,0,0.516983102,0.132935538,0.271657615,0.373483002
0,0.632238893,0.095428035,0.537939222,0.109807498,0,0.100308357,0.347115281,0.586796586,0.1262685,0.163489894,0.123160563,0.510404707,0.433400162,0.168441225,0.160675413,0.091014322,0.155610024,0.34832303,0.06870502,0.363468395,0.264697593,0.249364024,0.351815622,0.587868389,0.454448885,0.577352825,0.430692669,0.651872847,0.105224523,0.658093369,0.275494332,0.080292648,0.301184919,0,0.44521152,0.461908029,0,0,0,0,0.374500692,0.157606833,0,0.242183985,0.215405693,0.497380428,0.104398231,0.231741305,0.200056303,0.376340485,0.688535508,0.252990825,0.669178613,0.326095988,0,0.100135673,0.278237265,0.101359532,0.465015982,0.310431733,0.164481277,0.407237701,0,0.193252351,0.171632761,0.274059833,0.474612595,0,0.456196956,0.242324571,0.268059899,0.623180988,0.484619813,0.383572814,0.471430061,0.675738662,0.42155428,0.300819091,0.576870208,0.581270331,0,0.560569591,0.192015006,0.415061785,0.584866119,0.47146999,0.379166175,0.201167509,0.346767604,0.439739453,0.224582113,0.481204976,0.483826545,0.265113842,0.514480052,0.245756667,0.331928895,0.514609735,0,0.346104009,0.495309862,0.546693548,0.418763184,0.042375317,0,0.528268519,0.290486597,0.33125476,0.393694283,0.563256354,0.543824502,0,0.247776212,0.105098966,0.35213032,0.576459149,0.271445333,0.430712956,0.322661649,0.552576818,0.347088604,0.566412518,0.359007856,0.081525654,0.074904762,0.350133031,0.513542028,0.149049844,0.431979951,0.459713438,0.697703395,0.082735989,0,0.16607357,0.157399977,0.25180185,0.37846767,0.611070698,0,0.404181021,0.257090084,0.614628631,0.262662635,0.58840445,0.251221134,0,0.387940326,0.078540143,0.154104956,0.580307551,0.375500612,0.153583333,0,0,0,0.539515246,0,0.199060208,0.489887496,0.651948395,0.173110156,0.104040243,0.123364712,0.047209327,0,0.564877297,0.148307592,0,0,0.740801242,0,0.467494521,0.434892067,0,0.425113474,0.485663351,0.334997282,0.389473596,0,0.32625365,0.153140844,0.472927152,0.392058453,0.578076807,0.555219268,0,0.072277396,0.450140305,0.467960357,0.06914866,0,0.600251379,0.147367557,0.197161044,0,0.456302394,0.525982634,0.548059867,0.736501432,1,0.396957821,0.725778049,0.272053083,0.16793014,0.341033519,0.389376336,0.463365376,0.645477774,0.656409266,0.738632872,0,0.073628235,0,0.400144887,0.156357917,0.226593539,0.287548625
0.073048007,0.395177442,0.126748163,0.552749139,0,0,0.261732986,0.355574018,0.493768192,0,0.170748358,0.075327511,0.690977956,0.188085309,0.136978,0.130439754,0.261547275,0.124996565,0.157866967,0,0.208921752,0.245307503,0.133969245,0.206569384,0.496683815,0.351232078,0.464383227,0.409482678,0.484146061,0.144633073,0.37521729,0.306206752,0,0.406508015,0,0.323529799,0.270386768,0,0,0,0,0.549130083,0.16020773,0,0.341751269,0.181798025,0.245816338,0.16460048,0.457217594,0.108768372,0.680079008,0.498257923,0.129003557,0.486429667,0.336409085,0,0.231182211,0.125442375,0.137430027,0.449117307,0.256123193,0.134606361,0.508913934,0.079333117,0.160334016,0.1436683,0.360132196,0.343129713,0.1025584,0.51333687,0.053108317,0.08937214,0.559762214,0.472006355,0.185133791,0.749589954,0.492953303,0.258394804,0.310431727,0.598725539,0.589441522,0,0.370424846,0.326704438,0.665431175,0.602382032,0.459105002,0.168154582,0.127795347,0.080591659,0.428999881,0.099991916,0.67553116,0.676689486,0.256684818,0.195667576,0.254844161,0.376564147,0.412723786,0,0.526545646,0.430565658,0.356131163,0.696137232,0.169065055,0,0.598678326,0.121734498,0.212275493,0.172037428,0.483625908,0.547856737,0.277150887,0.382794086,0.144395964,0.324596658,0.321141264,0.440675043,0.309916349,0.505882722,0.427310968,0.102698342,0.567910942,0.487072622,0.093807456,0,0.122159143,0.346920508,0.192507652,0.297191845,0.549422832,0.440430958,0.125532994,0,0.273817212,0.384382324,0.250024788,0.330502341,0.414566566,0,0.467792418,0.25707171,0.557337997,0.253273758,0.334154321,0.152167818,0,0.152829632,0,0.11159078,0.566016277,0.353784191,0.468488233,0.104897224,0,0,0.495977423,0,0,0.676084116,0.678488342,0.151064757,0.141268299,0,0.124377139,0,0.690671986,0.320420764,0.020980819,0,0.468737064,0,0.569441722,0.655091533,0.130402369,0.63142045,0.530399502,0.521463616,0.175003609,0.102895322,0.459284439,0,0.583159092,0.19153176,0.546194017,0.698672401,0,0.122666595,0.344822412,0.549618688,0,0,0.616224847,0,0.26616478,0,0.308494668,0.67798908,0.438186687,0.507222052,0.396957821,1,0.32910925,0.274024791,0.407230133,0.268209865,0.540320917,0.555397492,0.523204536,0.530794578,0.438528519,0,0.124377088,0,0.760886427,0.124559243,0.267577785,0.660688898
0,0.53596171,0,0.444660183,0.096407402,0,0,0.385590167,0.428469302,0.195519241,0.10131931,0,0.469981158,0.30412249,0.107313721,0.098596898,0.136434337,0.093829633,0.42087236,0.112778702,0.386829676,0.093292911,0.221386714,0.236079238,0.481207588,0.367363523,0.504176607,0.365579784,0.513727719,0,0.522779055,0.329154069,0.132247244,0.31512741,0,0.487286814,0.440576646,0,0,0,0,0.444119742,0.240266831,0,0.264010903,0.186037341,0.398010728,0,0.334353196,0.220886288,0.427117652,0.596329194,0.197370512,0.549250021,0.512350325,0,0,0.342250298,0,0.547029712,0.325946914,0.102291172,0.468946283,0,0.190173682,0,0.275447869,0.448834615,0,0.474935808,0.244147323,0.17512905,0.519537032,0.367357103,0.310170201,0.434517585,0.488882967,0.340259624,0.211526187,0.482741398,0.521368185,0,0.508570157,0.299701881,0.230225298,0.442410293,0.349674556,0.431601592,0.162726041,0.236224426,0.532330255,0.198880708,0.406029124,0.378428484,0.408530249,0.4781043,0.14946323,0.206239025,0.50981336,0,0.343336536,0.38193402,0.503245134,0.331511869,0,0,0.501511838,0.194124927,0.480458867,0.452640704,0.505976358,0.383204714,0,0.372813443,0,0.473689359,0.473549374,0.271485171,0.324052025,0.280136323,0.428841922,0.295192097,0.560424168,0.261917877,0.127932806,0,0.22002969,0.532045499,0.123063176,0.433693067,0.479073259,0.463795711,0.130938651,0,0.253428907,0.1090408,0.241027199,0.455702467,0.53858618,0,0.329788207,0.249320178,0.466540446,0.40756908,0.53215164,0.169912592,0,0.319756819,0,0.129488503,0.422404663,0.344562209,0.216186618,0,0,0,0.544065399,0,0.134225748,0.416236244,0.547609676,0,0.166471657,0.078703237,0,0,0.476311876,0.211181342,0,0,0.580413908,0,0.481217347,0.392112395,0,0.386788646,0.475318034,0.131829743,0.341872203,0,0.241688014,0,0.490464544,0.236402982,0.489160009,0.51823093,0,0,0.307829612,0.435343369,0.113979061,0,0.447610791,0.187338846,0.312429838,0,0.46354485,0.366340642,0.58716732,0.529829282,0.725778049,0.32910925,1,0.242627449,0.249553332,0.406194196,0.434591148,0.507232796,0.438548437,0.463322505,0.555755578,0,0,0,0.379116078,0.237376354,0.096531479,0.267927287
0,0.338124943,0.175092794,0.076056212,0.124775699,0,0,0,0.19390071,0,0,0.298494769,0.185027519,0.408000247,0,0.18556903,0.221648198,0.170331474,0.14506255,0,0.294066299,0.348232126,0,0.390938605,0.40425048,0.509781587,0.146517254,0.128987946,0.211782219,0,0.088836152,0.072528397,0,0.19981067,0,0.193842523,0.250169824,0.245070339,0,0,0,0.216415257,0,0.245070339,0.607293123,0.144455163,0.288926147,0,0.200429335,0.126731939,0.255098152,0.22215921,0,0.177361862,0.345944199,0,0,0,0,0.242393941,0,0,0.190992749,0,0.290197252,0.327340811,0.160661037,0.131938143,0,0.088481125,0.086125758,0.555944469,0.175173591,0.160123144,0.518703423,0.215826084,0.280411446,0.364894864,0.219095432,0.200355761,0.17693191,0,0.080263346,0,0.38728705,0.158578532,0.281679947,0.089052039,0,0.398952972,0.119006984,0.470947012,0.29897002,0.169316149,0.253569702,0.192470947,0,0.431717099,0.151432965,0,0.272255413,0.135789005,0.190533154,0.221677044,0,0,0.342805469,0.494299088,0,0.092185314,0.200515531,0.343282743,0.137806181,0,0,0.163668032,0.266299049,0,0.414352881,0.354669205,0.081299096,0.171471137,0.158533227,0.546937839,0,0.432583797,0.496896663,0.154188951,0.37265221,0.08964215,0.378150907,0.135457307,0,0,0,0,0,0.129331896,0.115074047,0.212493398,0.181445667,0,0.288121438,0,0.369293085,0.523437181,0.239299503,0.159599799,0.258481667,0.579416747,0.296957487,0.1326849,0.162453725,0,0,0,0.263799688,0.233689069,0.151283117,0.150714918,0.238631022,0,0,0.412567609,0,0,0.263699588,0.172114794,0,0,0.227105202,0,0.125669387,0.179196187,0,0.212555595,0.298135823,0.426847908,0.090866154,0,0.152543221,0.362375152,0.247816335,0.475723571,0.122476022,0.28103043,0,0.39036083,0.294085668,0.231959822,0,0,0.264799789,0,0,0,0.277486939,0.355308459,0.138638944,0.21692397,0.272053083,0.274024791,0.242627449,1,0.505605423,0.615911374,0.359503488,0.258285166,0.216834926,0.198360484,0.318451558,0,0,0,0.308792142,0.162072555,0.365747051,0.333211979
0,0.264898061,0,0.203306745,0,0,0.288502829,0,0.2183049,0,0,0,0.353038934,0.199389189,0,0,0.447920203,0,0.149728321,0,0.181051102,0.137650439,0,0.233252985,0.319218097,0.480574435,0.22238321,0.149580491,0.319520213,0,0.090564422,0.247916467,0,0.401810459,0,0.20226488,0.097958987,0,0,0,0,0.331166998,0,0,0.686818225,0.336471753,0.091416499,0,0.587450866,0,0.356841047,0.179636179,0,0.213140996,0.214462832,0,0.218743317,0,0,0.249306309,0.11410117,0,0.199164065,0,0.150874079,0,0,0.153060124,0.256106444,0.237163441,0,0.241971187,0.290503272,0.146779206,0.212743242,0.319050585,0.220193473,0.203883433,0.226182073,0.238352333,0.246057705,0,0.157188341,0,0.498786733,0.233214117,0.3051882,0,0,0.194827589,0.235054787,0.188393498,0.334142229,0.280641161,0.268177467,0,0,0.39007161,0.176120437,0,0.419362355,0.21532087,0.115723088,0.381060364,0,0,0.426469153,0.241751273,0,0,0.283543412,0.27032846,0.439066359,0,0,0.169632006,0.206492528,0,0.377136378,0.491158097,0.217570668,0.178028742,0.301553266,0.434700062,0.207718063,0,0.243058099,0.159470958,0.385881104,0,0.419340404,0.162358689,0.284896189,0,0,0.126139639,0,0.349788203,0.181984763,0,0.204751622,0,0.314182577,0,0.195274524,0.168678229,0,0,0,0.234271911,0.323968502,0.262863119,0.361330475,0,0,0,0.326632274,0,0,0.286420827,0.309027084,0,0,0,0.279011631,0,0.294101299,0.351362687,0,0,0.208544608,0,0.339607835,0.251604745,0.311275366,0.325113615,0.397640516,0.388831217,0,0.258217834,0.251935864,0,0.335820593,0.233744662,0.231992706,0.319074539,0,0.270548429,0.323923561,0.350616293,0,0,0.254122137,0,0,0,0.223670324,0.442355616,0.2750208,0.244565483,0.16793014,0.407230133,0.249553332,0.505605423,1,0.383348591,0.538449794,0.445491264,0.230451281,0.217647014,0.185974268,0,0.279011373,0,0.481481482,0,0.144819113,0.560581642
0,0.3333171,0,0.136590955,0,0,0,0.179694123,0.210532964,0,0,0.147838127,0.261097454,0.303231532,0,0,0.212628291,0,0.257173127,0,0.168648109,0.291286005,0.159711698,0.411911903,0.332621055,0.53500564,0.247658756,0.07534018,0.237192558,0,0.159159012,0.117795457,0,0.350657944,0.032475569,0.186908352,0.210935377,0,0,0,0,0.304433765,0,0,0.581388422,0.321576664,0.251464783,0,0.323389823,0,0.278382071,0.296647521,0,0.199186623,0.197276935,0,0,0,0,0.236550481,0.124873753,0,0.335728648,0,0.305782406,0.161520444,0,0.180560067,0.028786098,0.158533537,0.210575169,0.263271008,0.23149528,0.059032348,0.584140132,0.284316366,0.279032317,0.269447659,0.161088467,0.218407671,0.225296555,0.033695798,0.144032326,0,0.378382215,0.209836334,0.232185242,0,0.202825213,0.3478936,0.212009377,0.317486497,0.349782145,0.233200594,0.241833422,0.191341182,0,0.324063264,0.160758168,0,0.264905339,0.144402757,0.110527506,0.171844998,0,0,0.400162586,0.404845342,0,0.107487807,0.155700805,0.283129254,0.131400461,0,0,0.158696968,0.130194218,0,0.490818822,0.462227617,0.145862498,0.166022659,0.224305057,0.447535788,0.216375044,0.210585902,0.384581574,0.149769252,0.356830907,0,0.502977099,0.153760703,0.225115402,0,0,0,0,0.229958776,0.157778551,0,0.081575374,0,0.345648409,0,0.213685929,0.541584548,0,0.121008441,0.242088998,0.387241662,0.356105269,0.235772941,0.206682501,0,0,0,0.346370036,0,0,0.213410446,0.299745246,0,0,0.201355816,0,0.033187473,0.32005154,0.303603066,0,0,0.285467756,0,0.223599594,0.175982361,0,0.208048856,0.384486194,0.356380298,0,0,0.130674058,0.178001408,0.262522954,0.412721903,0.173917463,0.4096877,0.06440788,0.191060141,0.290426237,0.180405545,0.013704564,0,0.26811901,0.143375436,0,0,0.251643599,0.350681427,0.13505539,0.235246326,0.341033519,0.268209865,0.406194196,0.615911374,0.383348591,1,0.468353717,0.326126432,0.227834671,0.242214245,0.300781987,0,0,0,0.373911129,0,0.248664745,0.434981485
0,0.392446437,0.173158805,0.44118359,0,0,0.366850383,0.293167536,0.3351289,0.113656525,0.30656638,0,0.591592724,0.290919101,0.192833263,0.296817124,0.304624641,0.279980956,0.364358483,0.137098361,0.132546229,0.306606576,0.225793414,0.243585044,0.424976659,0.488625125,0.37083429,0.230734315,0.575125331,0.208357952,0.277149124,0.367277755,0,0.746884926,0,0.286076275,0.217457119,0,0,0,0.016093515,0.474293209,0,0,0.459309249,0.450842041,0.191371012,0.205142886,0.573338427,0.111442709,0.481316236,0.433321772,0.292323105,0.403934567,0.149609944,0,0.323727603,0,0.193730302,0.270332985,0.307318299,0.310070828,0.499764514,0,0.429532446,0,0.16312347,0.296829439,0.147657019,0.449557762,0.168527947,0.113655389,0.468244595,0.251596446,0.3506607,0.51241656,0.347083492,0.129502433,0.350808005,0.436201266,0.448746538,0,0.298433311,0,0.571905349,0.444085011,0.426819561,0.084592262,0.320152655,0.099824412,0.479987482,0.131403176,0.588927685,0.45818125,0.173909743,0.299197074,0.17179614,0.511881256,0.328766785,0,0.609559167,0.368852736,0.262447773,0.377932598,0.037141161,0,0.603154288,0.148468613,0,0.088746985,0.368827563,0.368173735,0.378631591,0.113006095,0.207866231,0.317137175,0.301033157,0.274281493,0.458637362,0.62143574,0.372154517,0.236409938,0.562424075,0.380493406,0.282006035,0,0.149100736,0.240303825,0.258499115,0.189810054,0.416408358,0.36218417,0.33164606,0,0.118605107,0.315716925,0.176290452,0.446326824,0.400592386,0,0.332040404,0.173849821,0.45165105,0,0.288082039,0.196366289,0,0,0,0.152191446,0.50863146,0.388268475,0.302636089,0.152554134,0,0,0.419180216,0,0,0.443725157,0.505089966,0.181788293,0,0,0.173308813,0,0.525052872,0.360625699,0,0,0.437956919,0,0.455159861,0.348364544,0.185234697,0.515387402,0.421794805,0.420676225,0.105918851,0.148356413,0.340106788,0,0.520359477,0.243963146,0.44798663,0.505913934,0,0.17000549,0.312312164,0.494713376,0.138876309,0,0.414265066,0,0,0,0.17882249,0.542166962,0.323439788,0.405936529,0.389376336,0.540320917,0.434591148,0.359503488,0.538449794,0.468353717,1,0.546097193,0.375717428,0.409459458,0.431006559,0,0.173308713,0,0.49486187,0,0.318581834,0.614962906
0,0.45485905,0,0.497396627,0,0,0.119886671,0.320039552,0.455498095,0.078957707,0.082213402,0,0.555757984,0.187886084,0,0.080411793,0.289365514,0.077212363,0.287057215,0.089600899,0.200851486,0.166744224,0.088884868,0.178558042,0.446629622,0.465633689,0.450059843,0.383867144,0.539197147,0,0.333129846,0.338276148,0,0.364585193,0,0.228052931,0.326301033,0,0,0,0,0.478252037,0.120098915,0,0.32633242,0.330955375,0.324239465,0,0.485421104,0.209538493,0.604091403,0.404890909,0.079568874,0.447095436,0.322194874,0,0.091180511,0.119708304,0,0.376128673,0.264260746,0.082852137,0.39635664,0.074994905,0.236397974,0.061614255,0.228048387,0.366704953,0.097084417,0.484211191,0.143102981,0.190929636,0.549818651,0.429882648,0.306248019,0.618854921,0.51641395,0.317768664,0.291019812,0.534317296,0.560749938,0,0.381644951,0.31087476,0.551841555,0.503458529,0.566728188,0.22981197,0.100810717,0.160895861,0.565608518,0.095765862,0.753564784,0.533087403,0.244609393,0.231400092,0.122787361,0.271952057,0.370745228,0,0.384649832,0.453160859,0.3314286,0.553460575,0.149116598,0,0.739099279,0.19240536,0.230047693,0.236330139,0.503793839,0.500960186,0.198257294,0.284995339,0,0.322212692,0.282004742,0.225325418,0.398269781,0.420897638,0.416321481,0.178352484,0.605534327,0.440431103,0.193256083,0,0.19305486,0.242358026,0.183843581,0.230788275,0.560757708,0.433317395,0.225288171,0,0.120388757,0.162924907,0.115801624,0.489685326,0.432215368,0,0.492375476,0.123809883,0.59794365,0.241165636,0.367054994,0.186886569,0,0.176237976,0,0.106353113,0.643272484,0.542382036,0.280744486,0,0,0,0.707031806,0,0,0.552093754,0.555101089,0,0.134037827,0,0.167988447,0,0.621572661,0.410169358,0,0,0.5171237,0,0.586339466,0.47132658,0.123645619,0.563223239,0.628826216,0.361427419,0.085576146,0.097386279,0.44247778,0,0.690322228,0.199994305,0.55675725,0.65358911,0,0.116669285,0.246348034,0.527185261,0.090356917,0,0.571181539,0.050296073,0.252825201,0,0.344301522,0.542672307,0.337161405,0.508539519,0.463365376,0.555397492,0.507232796,0.258285166,0.445491264,0.326126432,0.546097193,1,0.456794832,0.490630005,0.490055707,0.043302883,0.118215556,0,0.681192961,0.118903804,0.083061574,0.451467578
0.028223445,0.546813463,0.07099206,0.60818804,0.125053548,0.018756185,0.106346625,0.198471978,0.785639359,0.106923098,0.09018136,0.147634784,0.596605885,0.337519954,0.092121548,0.08931835,0.111933806,0.087730832,0.299039858,0.03676205,0.274304081,0.25112371,0.203207259,0.2336866,0.650622216,0.511878972,0.604192706,0.532740183,0.632010803,0.056506973,0.590544975,0.279874194,0.042857134,0.259375033,0,0.262039803,0.397494253,0,0,0,0,0.458524572,0.138755721,0,0.186905125,0.252546282,0.39599096,0.056267815,0.280727947,0.191581497,0.545320227,0.60845676,0.141153231,0.72949456,0.212744719,0.018584623,0.094063109,0.168613113,0.086408925,0.443586406,0.239312416,0.090482185,0.275855898,0.035762307,0.209679793,0.149858533,0.156048777,0.546542291,0.040101899,0.530556168,0.225093029,0.22689211,0.698193626,0.692213454,0.30536715,0.601996276,0.815403914,0.397320083,0.344859366,0.731763584,0.700045044,0,0.577706791,0.135758141,0.472141065,0.686789707,0.574275477,0.320938135,0.122722595,0.25710484,0.435453903,0.185744485,0.623402409,0.647326815,0.159823392,0.371372295,0.156240993,0.267012156,0.502748905,0,0.401249169,0.505903911,0.464622604,0.552493139,0.114158832,0,0.574919406,0.361295997,0.247068968,0.312753342,0.605571759,0.724656553,0.143128124,0.206864798,0.056470744,0.337834027,0.441225284,0.202302861,0.408637373,0.338001759,0.587483798,0.295278721,0.58105195,0.460257977,0.083818653,0.040846198,0.334713278,0.381568389,0.157631593,0.407444578,0.397314348,0.774107352,0.096670033,0,0.167473446,0.251841889,0.140701739,0.323049438,0.672083346,0,0.517254855,0.144141059,0.714197631,0.146696743,0.427822728,0.214621315,0,0.349741781,0.041903879,0.11978138,0.675113078,0.32422041,0.280535492,0.040454591,0,0,0.651566882,0,0.123064831,0.580389467,0.703938594,0.106626189,0.056733338,0.040486224,0.089599073,0,0.707041737,0.254809545,0.018136296,0.017436903,0.737260493,0.003423569,0.423439419,0.568966583,0.079071081,0.434493519,0.5139495,0.410337945,0.325538944,0.040153309,0.487574146,0.099545102,0.573317651,0.257871783,0.666269453,0.624448366,0,0.090742962,0.418777232,0.505960376,0.036888684,0,0.733730788,0.080989865,0.108311282,0,0.406914809,0.601813838,0.422834825,0.812608455,0.645477774,0.523204536,0.438548437,0.216834926,0.230451281,0.227834671,0.375717428,0.456794832,1,0.794788983,0.736235037,0,0.091593623,0,0.515524337,0.112334182,0.219844529,0.408848957
0,0.478459555,0.087212886,0.683641923,0.145369829,0,0.113733057,0.211511691,0.796390104,0.13085686,0.112719721,0.180063865,0.581260647,0.292112639,0.098550006,0.095419125,0.122649026,0.110126384,0.338453844,0.051821307,0.284771817,0.302358975,0.22451355,0.247855632,0.575087866,0.417783729,0.65563005,0.612086605,0.656093269,0.060542406,0.601781998,0.407445514,0.04594081,0.27584198,0.012635828,0.278538081,0.477257868,0,0,0,0.012438259,0.496108609,0.136085356,0,0.199245823,0.206819857,0.50033957,0.060267952,0.293321814,0.235640902,0.601532259,0.582680592,0.150747106,0.68363146,0.213211362,0.017066565,0.100589768,0.195525176,0.08437309,0.490738583,0.381634635,0.108741116,0.293152458,0.032740874,0.196755488,0.134293739,0.166361976,0.612038411,0.04296414,0.614739298,0.342680672,0.237594182,0.722422309,0.680830937,0.284046657,0.654518305,0.712071173,0.482593241,0.282101755,0.730759265,0.740080488,0,0.699105249,0.145030931,0.459111204,0.819237517,0.516746299,0.434711091,0.104898197,0.322635164,0.486803521,0.188508553,0.642993718,0.724254456,0.170589516,0.377588938,0.163377544,0.257346735,0.575065215,0,0.393693506,0.647319096,0.450069286,0.56946694,0.084001008,0,0.544978948,0.336492893,0.242589269,0.415774793,0.571902205,0.584426224,0.125001371,0.220420184,0.06050082,0.347697338,0.401202076,0.204946746,0.412720895,0.342995423,0.685861133,0.343174682,0.696840282,0.441865306,0.106507452,0.043707297,0.332395947,0.349804771,0.20220023,0.431954249,0.405749408,0.774959028,0.103368244,0,0.167833827,0.317242758,0.150245488,0.473828998,0.723635353,0.01216073,0.469989852,0.153873529,0.675327193,0.156653897,0.413201034,0.243251348,0,0.410896175,0.04492054,0.127841428,0.668209372,0.410609741,0.346471573,0.043369228,0,0,0.707200692,0,0.117787647,0.626004762,0.719046022,0.102596007,0.060707324,0.072468149,0.125854019,0,0.659192969,0.254967202,0.017334177,0,0.716797706,0,0.498154484,0.534126597,0.055624753,0.471150059,0.495327697,0.393995468,0.394835542,0.043023156,0.424286044,0.091693067,0.661160718,0.273516868,0.768432225,0.600623171,0,0.096967092,0.385709194,0.513351779,0.039544699,0,0.749364919,0.099730358,0.115825825,0.012671726,0.490516632,0.581044485,0.44856485,0.770996841,0.656409266,0.530794578,0.463322505,0.198360484,0.217647014,0.242214245,0.409459458,0.490630005,0.794788983,1,0.692216814,0.03191952,0.087509755,0,0.528061678,0.119773949,0.278313655,0.393685824
0,0.637814682,0.082601946,0.519563537,0.183953661,0,0.08623358,0.302172258,0.637359319,0.16527805,0.148589272,0.174607094,0.533284267,0.351542097,0.144643485,0.1386739,0.079350096,0.134884397,0.397756039,0.058594093,0.335679488,0.309541239,0.252213529,0.273760597,0.656291211,0.503374644,0.542907719,0.469854736,0.641984717,0.089842097,0.603639263,0.316935498,0.068423315,0.317858955,0,0.390941007,0.491199539,0,0,0,0,0.38046083,0.17289534,0,0.21060426,0.225629344,0.485793069,0.08923904,0.256162927,0.283974495,0.506247862,0.659474777,0.218595477,0.720968177,0.301117615,0,0.093992367,0.241626684,0.123918237,0.573325989,0.266452059,0.141499675,0.410769653,0,0.260679529,0.111298308,0.23827476,0.487906055,0,0.509836553,0.351987901,0.320811327,0.658209334,0.582741084,0.342205525,0.499827058,0.692811024,0.465481024,0.403412173,0.594680764,0.563246231,0,0.562019025,0.165722099,0.413167806,0.619451963,0.49126149,0.40146719,0.151823514,0.257464526,0.551468291,0.279113636,0.5711375,0.4930781,0.246381211,0.467204581,0.212850038,0.291436958,0.517791435,0,0.415801493,0.487909367,0.489096595,0.413128801,0.028126906,0,0.596883245,0.361315686,0.343168626,0.386446591,0.601056139,0.662880559,0.085160414,0.272104282,0.089750551,0.42425184,0.566475002,0.292802734,0.400784297,0.283925264,0.55610987,0.389273048,0.575556318,0.461967318,0.070270288,0.064263342,0.355896089,0.470217232,0.183631659,0.447624205,0.443093459,0.698773626,0.071167658,0,0.201780063,0.238043396,0.217668959,0.331268611,0.584030356,0,0.469272146,0.222470023,0.644049442,0.227022436,0.53086776,0.233956604,0,0.41042361,0.066920845,0.133455398,0.635949469,0.329296126,0.232659264,0.06463488,0,0,0.574405558,0,0.103498822,0.410450773,0.615369707,0.125584028,0.089259327,0.063376787,0,0,0.583681494,0.223486018,0,0,0.723689553,0,0.486050137,0.502371316,0.042774301,0.411450192,0.475989256,0.308369041,0.398941288,0,0.448169696,0.132535792,0.543538286,0.309278214,0.605173416,0.581088275,0,0.062319783,0.45372535,0.512976988,0.058916459,0,0.669741178,0.081522496,0.169541301,0,0.442961115,0.526149177,0.490219623,0.701192111,0.738632872,0.438528519,0.555755578,0.318451558,0.185974268,0.300781987,0.431006559,0.490055707,0.736235037,0.692216814,1,0,0.06339402,0,0.441625711,0.17170471,0.276705805,0.299528957
0,0,0.273039142,0.046861838,0,0,0,0,0.050312169,0,0,0.021457871,0,0,0,0,0,0,0.106941939,0,0,0,0,0,0,0,0.048296284,0.047143131,0,0,0,0.109322523,0,0,0,0,0,0,0,0,0,0.078305058,0,0,0,0,0.066852712,0,0,0,0.055289722,0,0,0,0,0,0,0,0,0,0.119203432,0,0,0,0,0,0,0.053870783,0,0.056178537,0.122276752,0,0.044235357,0.021161797,0,0,0.020492433,0.073111764,0,0.055486153,0.057502668,0,0.049954198,0,0.05096707,0.039406893,0,0.091467314,0,0.104892832,0.08167404,0.182410261,0,0.067919876,0,0,0,0,0,0,0,0.080056239,0.076262613,0,0.11743308,0,0.036096805,0,0,0,0,0,0,0,0,0,0,0,0,0,0.050725121,0,0.053068945,0.04572637,0,0,0,0,0,0,0,0,0,0,0,0,0,0.091257569,0.041247654,0,0.051901123,0,0.025209351,0,0,0,0,0,0,0,0.026112943,0.056466617,0,0,0,0,0,0,0.206322774,0.049946882,0.047518501,0,0,0,0,0,0.026348625,0.082156638,0,0,0,0,0,0.036832346,0,0.045714969,0,0,0.094007183,0,0,0,0.051454496,0,0.039172611,0.033918325,0,0,0,0.038007099,0,0,0,0,0,0,0.083354096,0,0,0.035747655,0,0,0,0,0,0,0,0.043302883,0,0.03191952,0,1,0,0,0,0,0,0
0,0.071745882,0.053421737,0.078661724,0,0,0.456328953,0,0.086380279,0,0,0,0.105597893,0,0,0,0.296536546,0,0,0,0.128913772,0,0.157225575,0,0.087577186,0.114380598,0.080938565,0.127026993,0.112382135,0,0.056784906,0.17142584,0,0.256046808,0,0,0,0,0,0,0,0.126938308,0,0,0.318633994,0.252357303,0.066473961,0,0.228342831,0.138962662,0.091934412,0.060381399,0,0.12403192,0,0,0,0,0,0,0,0,0,0,0,0,0,0.130287618,0,0.093319604,0,0,0.074473653,0.108189809,0,0.094210658,0.104901997,0,0.134844435,0.05910754,0.061167342,0,0.083560957,0,0.137208788,0.10711647,0.186169606,0,0,0.155823678,0.131915398,0,0.085449411,0.071714263,0,0,0.217270632,0.246218549,0.164691229,0,0.175490939,0.134570602,0.075051261,0.098961291,0,0,0.099863758,0,0,0,0.186957778,0.08683884,0.365118692,0,0,0,0.09187754,0,0.139225624,0.17037979,0.13612863,0.126190249,0.088461337,0.124278894,0,0,0.02141486,0,0.041361489,0,0.269717895,0.110628017,0.447370936,0,0,0,0,0.145876364,0.111885696,0,0.179640913,0,0.071184311,0,0.08598295,0,0,0.074766463,0,0,0.132250086,0.150516191,0,0,0,0,0.074272103,0,0.220735594,0.083549407,0.079704934,0,0.093692683,0,0.43302958,0,0.074240767,0.209357899,0,0,0.135498565,0,0.140868314,0,0.516043624,0.124250497,0.123270374,0.144337326,0,0,0.226810437,0.340351743,0.085925629,0,0.106508034,0.094218581,0,0.412979618,0.258205791,0.104776467,0,0,0.101696896,0,0,0,0.13438381,0.104077351,0.255130072,0.109177775,0.073628235,0.124377088,0,0,0.279011373,0,0.173308713,0.118215556,0.091593623,0.087509755,0.06339402,0,1,0,0.114628029,0,0,0.157623281
0,0,0,0,0,0,0,0,0.008341668,0,0,0,0,0,0,0,0,0,0,0,0,0,0,0,0,0,0,0,0,0,0,0,0,0,0,0,0,0,0,0,0,0,0,0,0,0,0.018146667,0,0,0,0,0,0,0,0,0,0,0,0,0.025128923,0,0,0,0,0,0,0,0,0,0,0,0,0,0,0,0,0,0,0,0,0,0,0,0,0,0.010494934,0,0,0,0,0,0,0,0,0,0,0,0,0,0,0,0,0,0,0,0,0,0,0,0,0.014231227,0.005012377,0,0,0,0,0,0,0,0,0,0,0,0,0,0,0,0,0,0,0,0.009631377,0,0,0,0.01707199,0,0,0,0,0,0,0,0,0,0,0,0,0,0,0,0,0,0,0,0,0,0,0,0,0,0,0.148093552,0,0,0,0,0,0,0,0,0,0,0,0,0,0,0,0,0,0,0,0,0,0,0,0,0,0,0,0,0,0,0,0,0,0,0,0,0,0,0,0,0,0,0,0,0,0,0,0,0,0,1,0,0,0,0
0.066782347,0.341289107,0,0.490380129,0,0,0.116198581,0.311257604,0.506658272,0,0,0.109785933,0.622433293,0.116059395,0,0,0.212684041,0.033663034,0.255105384,0,0.196066683,0.17523062,0.160833478,0.162090254,0.483151469,0.487629178,0.458247382,0.442462088,0.496941366,0,0.402582386,0.361699685,0,0.361702327,0,0.200067228,0.339922973,0,0,0,0.049683033,0.570403796,0.116717294,0,0.31728859,0.255493073,0.286211127,0,0.554884472,0.13877444,0.722538405,0.434609713,0,0.486106633,0.313817868,0,0.088381514,0.116348336,0,0.42600312,0.225703552,0,0.458542597,0.072490562,0.236808656,0.186677195,0.221716228,0.399273191,0.093917513,0.475721834,0.125985175,0.131992664,0.549007924,0.459320167,0.323365616,0.696356753,0.553296364,0.342278395,0.250161055,0.585055849,0.60072627,0,0.441009697,0.301641311,0.602684473,0.55434603,0.449655271,0.159480087,0.097872622,0.146397502,0.471565277,0.093275325,0.673524997,0.672665837,0.237549273,0.093170682,0.119254875,0.249513139,0.471316929,0,0.410633825,0.426243943,0.265211015,0.67208354,0.162470188,0,0.66050101,0.22220411,0.198636335,0.231506775,0.46388423,0.5261063,0.256446338,0.355805951,0,0.30532149,0.302750943,0.298157176,0.424100688,0.501604218,0.446327419,0.096436399,0.559347657,0.54143221,0.222878881,0,0.222939211,0.23697591,0.178760789,0.200475385,0.548754182,0.430652813,0.218392759,0,0.198248698,0.227230588,0.112411425,0.357910268,0.42502582,0,0.428848437,0.120219178,0.613769305,0.234095373,0.315720421,0.179430321,0,0.200417104,0,0.103290267,0.591833382,0.474700813,0.400589884,0.09587507,0,0,0.599543861,0,0,0.639735778,0.611945904,0.057658494,0.129839419,0,0.221441932,0,0.650440076,0.417908475,0,0,0.437957898,0,0.51953467,0.50337594,0.119726409,0.462163946,0.658395474,0.441965617,0.083845207,0.094199974,0.369902268,0,0.611506582,0.162275773,0.495960512,0.698101139,0,0.113173606,0.279005725,0.464461138,0,0,0.641311114,0.048754167,0.245065763,0,0.29327015,0.70246786,0.330137479,0.516983102,0.400144887,0.760886427,0.379116078,0.308792142,0.481481482,0.373911129,0.49486187,0.681192961,0.515524337,0.528061678,0.441625711,0,0.114628029,0,1,0.115588221,0.18034629,0.730576881
0,0.196701004,0.294809101,0.081393131,0,0,0,0.274081576,0.118289569,0.208469952,0,0.168919365,0.107167564,0.11171918,0.28838128,0.281315181,0.056267569,0.300807685,0.03469406,0,0.467281358,0.116267952,0,0.132397373,0.248867139,0.096682291,0.138069272,0.276183476,0.138572951,0,0.200221068,0,0,0,0,0.147604,0.252328371,0.323664927,0,0,0,0.126895699,0.648229813,0.323664927,0.037429277,0,0.249420241,0,0,0.480553272,0.094218236,0.167766102,0.212666168,0.166953657,0.405601795,0,0.059171472,0.289693856,0,0.299644121,0,0,0.222788091,0,0.163463236,0.188288964,0.47315357,0.242822148,0.094298123,0.095542614,0,0.131244162,0.127639552,0.182987054,0.119809653,0.096393155,0.142794419,0.253122204,0.034904207,0.102450877,0.105860435,0,0.179782137,0.33565929,0,0.114982499,0.118724552,0.398537257,0,0.130421047,0.131412077,0.163893676,0.087982671,0.084523727,0.311020694,0.178889923,0.308409594,0,0.238807538,0,0,0.144917607,0.262250817,0.210568669,0.054033009,0.086232884,0.101763965,0.097224377,0.458149127,0.251217715,0.149759809,0.209425078,0,0.27064691,0,0.308660288,0.246119207,0.274180026,0.093474485,0,0.200788173,0,0.090886003,0.084316361,0.101935979,0.264703079,0.097784801,0.28868613,0,0.338205711,0.163215677,0.134621382,0,0,0.332867951,0,0.210292072,0,0.200598105,0.353565116,0.207221347,0.520075749,0.074058363,0.324072753,0.32700917,0.238282503,0.313674567,0.358400139,0,0.209477138,0.076446107,0.031439639,0,0,0,0,0.127312815,0.304104427,0.177958846,0.086144658,0.09565292,0,0.390798861,0.249427878,0,0,0.127262007,0,0.117893499,0,0.129168591,0,0.2302911,0.103555309,0,0,0.123547045,0.096562954,0.358698517,0,0.182413397,0.212687844,0.088442559,0.132701577,0.114361138,0.096400713,0,0.23290396,0.157017266,0.069299485,0,0,0.138288321,0,0.368003022,0,0.369397213,0,0.256536245,0.132935538,0.156357917,0.124559243,0.237376354,0.162072555,0,0,0,0.118903804,0.112334182,0.119773949,0.17170471,0,0,0,0.115588221,1,0.122827553,0
0,0.246437505,0.318119281,0.26741336,0.240832217,0,0.207876723,0.172969715,0.27807832,0.146104125,0.203229525,0.60240985,0.282068786,0.462023464,0.211364349,0.332054986,0,0.311643244,0.085443366,0,0.183733005,0.82772207,0.111679207,0.579433542,0.300101503,0.211950157,0.291452018,0.281010367,0.258639104,0.230161654,0.257905716,0.182750445,0,0.266890721,0,0.152379311,0.543634143,0.165237889,0,0,0.087169407,0.157760468,0,0.165237889,0.284676049,0.113928804,0.477905092,0.260280318,0.10367712,0.343937294,0.199681614,0.214180366,0.192958978,0.262315254,0.110286199,0,0.207136456,0,0.212442563,0.173878929,0.285944511,0.205770045,0.257534133,0,0.340113025,0.249339304,0.298205942,0.286821829,0,0.227935819,0.167150454,0.538670323,0.255176575,0.275662938,0.324702483,0.299521266,0.212987819,0.442931495,0.162975792,0.226491949,0.212589745,0,0.235517297,0,0.274165189,0.289799708,0.237672991,0.309442762,0.233998302,0.421685679,0.140868409,0.476019412,0.2691032,0.327581092,0,0.310428562,0.197371405,0.26494083,0.317756023,0,0.312052796,0.306831224,0.290429505,0.286207018,0.082150634,0,0.245411107,0.459937725,0.051915374,0.31865605,0.214143951,0.268494158,0,0.121821003,0.229561784,0.184137033,0.112226118,0.295856671,0.275247199,0.22880039,0.213287015,0.219044172,0.3384376,0.294518236,0,0.306056557,0.413275726,0.212020993,0.508682068,0.328667782,0.20201076,0.269374772,0,0,0.128352815,0.415501037,0.199630866,0.066765883,0.296048842,0.149757808,0.178307934,0.18877076,0.187241608,0,0.260250584,0.472386741,0.162594137,0.381473517,0.174715376,0.564674182,0.238510498,0.038873157,0.263796898,0.169069282,0,0,0.172655418,0.213080146,0.165454181,0.250501992,0.256012716,0.285596849,0,0.295899635,0,0,0.217450644,0,0.032697064,0,0.220266425,0,0.106586878,0.377498247,0,0.277019877,0.15694057,0.359217709,0.400491232,0,0.119458898,0.269160874,0.162069722,0.487333744,0.288424721,0.184149815,0,0.28429997,0.306063024,0.191491051,0,0,0.282234304,0,0,0,0.371953552,0.31579974,0.115847266,0.271657615,0.226593539,0.267577785,0.096531479,0.365747051,0.144819113,0.248664745,0.318581834,0.083061574,0.219844529,0.278313655,0.276705805,0,0,0,0.18034629,0.122827553,1,0.226408517
0.095198599,0.214563785,0,0.406017955,0,0,0.160608314,0.122317303,0.347451456,0,0,0.143867579,0.513180658,0.176642605,0,0,0.323148464,0,0.273738783,0,0.123831995,0.177232867,0.209356251,0.160746613,0.359878177,0.530232994,0.3646338,0.287307164,0.452650926,0,0.289210517,0.345907696,0,0.470098723,0,0.133401511,0.169385304,0,0,0,0.070704872,0.517778014,0,0,0.422543744,0.331513596,0.146975058,0,0.590997643,0.047373525,0.577936241,0.357847787,0,0.355320532,0.138600762,0,0.122060065,0,0,0.256101439,0.174916024,0,0.333660801,0,0.30894058,0.097766581,0,0.347208683,0.132877193,0.365498448,0.158146953,0.106346447,0.459650664,0.28920872,0.362633827,0.57454486,0.384888025,0.161973197,0.179693922,0.457649922,0.450933108,0,0.362069383,0,0.623917048,0.438071433,0.25410412,0,0.132611935,0.141512299,0.321362616,0.121730498,0.484778133,0.577288946,0.159209583,0,0,0.322848427,0.368206525,0,0.46560405,0.258684161,0.142716811,0.489338602,0.070250678,0,0.446853305,0.214208717,0,0.083936087,0.243157253,0.368035311,0.346536199,0.104140906,0,0.201816378,0.168113875,0.104889698,0.478618745,0.622122394,0.28034105,0.122410626,0.431777926,0.460325448,0.256822266,0,0.18519029,0.18106277,0.237873247,0.04920065,0.392470538,0.330624395,0.30127579,0,0.108877494,0.221006209,0,0.342771827,0.273432203,0,0.258613743,0,0.439846553,0,0.097611524,0.18292663,0,0.032764452,0,0.139365565,0.487624439,0.344209583,0.473518692,0.136829891,0,0,0.413508936,0,0,0.494702596,0.571848191,0,0,0,0.157623363,0,0.525096041,0.397546838,0,0.060674882,0.326883703,0,0.335268846,0.417831909,0.167427155,0.441590993,0.480963003,0.481432193,0,0.133443313,0.235151258,0,0.506699059,0.160979972,0.393965846,0.605307609,0,0.1548862,0.236727789,0.370485022,0,0,0.483077131,0,0,0,0.169875519,0.640932062,0.201526337,0.373483002,0.287548625,0.660688898,0.267927287,0.333211979,0.560581642,0.434981485,0.614962906,0.451467578,0.408848957,0.393685824,0.299528957,0,0.157623281,0,0.730576881,0,0.226408517,1
